StoreID,snapshot,recency_days,n_orders_12m,revenue_12m,n_orders_6m,revenue_6m,n_orders_3m,revenue_3m,mean_gap,std_gap,overdue_ratio,has_previous_6m_revenue,revenue_trend,share_bikes,share_components,share_clothing,share_accessories,store_age,churn
292,2012-07-01,62,3,9234.9728,2,5184.9848,1,1104.9968,136.5,62.932503525602726,0.4542124542124542,1,0.2469989541595687,0.9999999945857988,0.0,0.0,0.0,16,0
296,2012-07-01,62,4,199095.4441,2,115058.9228,1,60079.0221,91.0,1.0,0.6813186813186813,1,0.3141896792272387,0.9462536732150166,0.047442600420609,0.0035661674892137,0.0027375588751606,13,0
298,2012-07-01,62,4,54870.69899999999,2,17248.9207,1,9090.4447,91.0,1.0,0.6813186813186813,1,-0.779802126455273,0.9247337568088936,0.0693482089593938,0.0033427895642444,0.0025752451230847,18,0
302,2012-07-01,32,4,89074.3982,2,28312.5264,1,733.2159,91.0,1.0,0.3516483516483517,1,-0.7636392861336532,0.9493622422250616,0.042541031728239,0.0053772240922083,0.0027195019544908,30,0
306,2012-07-01,123,3,66728.7414,1,33406.7043,0,0.0,91.0,1.4142135623730951,1.3516483516483515,1,0.0025375784430643,0.943443749712324,0.0537894560079324,0.0027667942797434,0.0,27,1
310,2012-07-01,93,4,5670.2261,2,3103.8052,0,0.0,91.0,1.7320508075688772,1.021978021978022,1,0.1900491217304001,0.8312513146521618,0.1651885980349178,0.0,0.0035600873129203,38,1
312,2012-07-01,62,2,8852.570899999999,1,722.5949,1,722.5949,273.0,,0.2271062271062271,1,-2.419204539133585,0.9183745707136896,0.0816254292863105,0.0,0.0,32,0
318,2012-07-01,32,4,186855.6782,2,121449.7088,1,80634.8808,91.0,1.0,0.3516483516483517,1,0.6188796730430504,0.9157575097549272,0.0674911268283845,0.0139873421304464,0.0027640212755386,31,0
320,2012-07-01,62,4,3302.3018,2,1651.1509,1,776.3569,91.0,1.0,0.6813186813186813,1,0.0,0.7838489504502586,0.2161510495497413,0.0,0.0,36,1
326,2012-07-01,32,1,180.129,1,180.129,1,180.129,,,,0,,0.0,1.0,0.0,0.0,25,0
332,2012-07-01,1,1,1242.8518,1,1242.8518,1,1242.8518,,,,0,,1.0,0.0,0.0,0.0,15,0
334,2012-07-01,62,4,158899.14880000002,2,60428.0187,1,17671.8447,91.0,1.0,0.6813186813186813,1,-0.4883041333764524,0.9177806865319093,0.0801330686549278,0.0020862446558304,0.0,37,1
340,2012-07-01,1,5,353767.641,3,203048.7858,1,47413.7171,91.25,1.5,0.010958904109589,1,0.2980283491134443,0.8610221402132142,0.1227195044670577,0.0129814443712787,0.0032769107901533,13,0
342,2012-07-01,62,3,3378.654,2,2503.86,1,356.898,91.0,1.4142135623730951,0.6813186813186813,1,1.0508572202689723,0.8943668099781747,0.1056331900218252,0.0,0.0,12,0
344,2012-07-01,1,5,144609.1512,3,109267.5083,1,49220.1646,91.25,1.5,0.010958904109589,1,1.1287179829424936,0.9094982842275336,0.0712159273084786,0.0136270525319285,0.005658735932059,18,0
346,2012-07-01,93,4,125357.0395,2,62185.6294,0,0.0,91.0,1.7320508075688772,1.021978021978022,1,-0.0157276415640748,0.905475726395086,0.067752421673934,0.0158216727509746,0.0109501788290078,33,1
348,2012-07-01,1,5,139250.0644,3,69163.7657,1,2458.9178,91.25,1.5,0.010958904109589,1,-0.0132500225520022,0.8637954339071745,0.1246751495218698,0.0066005786349927,0.0049288379359629,13,0
352,2012-07-01,1,1,63653.3932,1,63653.3932,1,63653.3932,,,,0,,0.8228922633459861,0.1764008772434145,0.0007068594105993,0.0,34,0
356,2012-07-01,1,5,277738.6229,3,116564.1859,1,340.9898,91.25,1.5,0.010958904109589,1,-0.3240427903852314,0.8950482406672867,0.1047054845896263,0.0002462747142828,0.0,16,0
362,2012-07-01,62,4,12306.5667,2,5899.4638,1,1619.52,91.0,1.0,0.6813186813186813,1,-0.0825323096980152,0.4948562948917345,0.5051437051082655,0.0,0.0,17,1
366,2012-07-01,32,1,7004.5001,1,7004.5001,1,7004.5001,,,,0,,0.6505820165524732,0.2786210396370756,0.0556667848430753,0.0151301632503367,41,0
368,2012-07-01,1,5,144667.1165,3,89556.5114,1,16239.5602,91.25,1.5,0.010958904109589,1,0.485520691529425,0.9791142439754096,0.0115104803378036,0.0082589750103991,0.0011163006763876,33,0
370,2012-07-01,1,5,219911.0349,3,147695.8738,1,39987.6526,91.25,1.5,0.010958904109589,1,0.7154981646356138,0.9288344165761552,0.0527236216466916,0.0141638269467304,0.0042781345666797,24,0
372,2012-07-01,1,5,261442.0862,3,197876.8875,1,72019.6975,91.25,1.5,0.010958904109589,1,1.135568248554197,0.917252671463727,0.0635287131517695,0.0163463232454882,0.0028722919515932,30,0
376,2012-07-01,62,4,261522.3269,2,95171.9063,1,29445.9841,91.0,1.0,0.6813186813186813,1,-0.5584072386510535,0.8757603555874449,0.1177714486754974,0.0035350350807849,0.0029331606562728,22,1
388,2012-07-01,62,3,38049.3661,2,24375.5479,1,13673.8182,91.0,1.4142135623730951,0.6813186813186813,1,0.5780654645704377,1.0,0.0,0.0,0.0,40,0
392,2012-07-01,32,4,32420.7671,2,22655.2108,1,15797.0264,91.0,1.0,0.3516483516483517,1,0.8414700948967901,0.6952499930206771,0.2857447503146833,0.0166703489258278,0.0023349061965902,41,0
412,2012-07-01,1,5,17911.2468,3,13612.7278,1,6821.1093,91.25,1.5,0.010958904109589,1,1.1525755247246252,0.7269894634024026,0.2157398501147334,0.0493814813606387,0.0078892051222252,11,0
414,2012-07-01,1,1,15304.8859,1,15304.8859,1,15304.8859,,,,0,,0.8871428110417995,0.0336385389191303,0.0713049027043056,0.0079137473347645,16,0
418,2012-07-01,1,3,2262.8038,2,2205.123,1,180.129,136.5,62.932503525602726,0.0073260073260073,1,3.626879368838357,0.8949048079201563,0.0796043386527811,0.0254908534270624,0.0,25,0
422,2012-07-01,1,1,17146.5426,1,17146.5426,1,17146.5426,,,,0,,0.4515074951611527,0.5484925048388472,0.0,0.0,20,0
428,2012-07-01,1,1,19544.0309,1,19544.0309,1,19544.0309,,,,0,,0.8848114336536378,0.066206864214485,0.0396858459735652,0.0092958561583117,28,0
438,2012-07-01,93,4,4537.6374,2,3014.7202,0,0.0,91.0,1.7320508075688772,1.021978021978022,1,0.6825545488790175,0.750465142939804,0.2420360428094144,0.0074988142507816,0.0,12,1
440,2012-07-01,32,4,102644.5621,2,60230.1989,1,28008.119,91.0,1.0,0.3516483516483517,1,0.3506798359888918,0.8745533661349216,0.0919883090426278,0.0281154441205414,0.0053428805070619,18,0
452,2012-07-01,1,4,9475.3046,3,6446.5939,1,4313.4232,91.0,1.7320508075688772,0.0109890109890109,1,0.7552398860366676,0.7086785684968904,0.2425882752096434,0.0338201264791002,0.014913029814366,34,0
454,2012-07-01,1,4,13333.5348,3,9906.1112,1,469.794,91.0,1.7320508075688772,0.0109890109890109,1,1.0611522386182823,0.9978370026828896,0.0,0.0021629973171105,0.0,29,1
466,2012-07-01,1,5,40432.6621,3,32279.8861,1,5894.9641,91.25,1.5,0.010958904109589,1,1.375994160618765,0.9752692885388816,0.0213480501943007,0.0033826612668177,0.0,28,0
474,2012-07-01,1,1,67745.1764,1,67745.1764,1,67745.1764,,,,0,,0.6978472138128494,0.3005587538775676,0.001594032309583,0.0,22,0
478,2012-07-01,62,4,316738.7525,2,121612.4516,1,42729.5227,91.0,1.0,0.6813186813186813,1,-0.4728045855698592,0.8262466168139625,0.1697777902942268,0.0022548199245054,0.0017207730209772,34,0
484,2012-07-01,32,3,896.5986,1,57.6808,1,57.6808,136.5,62.932503525602726,0.2344322344322344,1,-2.661191443459164,0.9356670866985516,0.0,0.0643329133014483,0.0,33,0
488,2012-07-01,123,3,20436.84,1,10226.97,0,0.0,91.0,1.4142135623730951,1.3516483516483515,1,0.0016732851756593,0.995258562478348,0.0,0.004741437521652,0.0,30,1
494,2012-07-01,1,3,4908.8755,1,2342.4546,1,2342.4546,182.5,127.9863273947651,0.0054794520547945,1,-0.0912756887069541,0.5228123834063423,0.4771876165936577,0.0,0.0,37,0
496,2012-07-01,32,4,16677.2437,2,11982.9197,1,8526.6557,91.0,1.0,0.3516483516483517,1,0.9369986062877746,0.8054687897856886,0.1577638575851715,0.0313204513525217,0.0054469036750959,33,0
498,2012-07-01,1,5,61344.2542,3,47107.7097,1,6227.2278,91.25,1.5,0.010958904109589,1,1.1965754489303535,0.975035935802444,0.0169742629294203,0.0079898012681357,0.0,38,0
512,2012-07-01,62,4,22516.3228,2,12880.8693,1,3914.9363,91.0,1.0,0.6813186813186813,1,0.2902676953912433,0.9820726011265036,0.0081691047705178,0.0097582941029784,0.0,26,0
518,2012-07-01,32,4,239216.1014,2,118771.5279,1,78066.2178,91.0,1.0,0.3516483516483517,1,-0.0139878451430028,0.9244633543718476,0.0602435359311478,0.0126784935556181,0.0026146157233544,21,0
520,2012-07-01,62,4,91512.5009,2,49378.4775,1,23913.8927,91.0,1.0,0.6813186813186813,1,0.1586555980721442,0.9321034444595756,0.0674553808418539,0.0,0.0004411746985706,13,0
522,2012-07-01,93,4,153310.5787,2,77117.4077,0,0.0,91.0,1.7320508075688772,1.021978021978022,1,0.0120570393419345,0.8746924389503983,0.1174885239670679,0.0041322595307638,0.0036867775517698,14,1
524,2012-07-01,93,2,2254.9498000000003,1,1532.3549,0,0.0,181.0,,0.5138121546961326,1,0.7509816535241205,0.0,1.0,0.0,0.0,22,0
534,2012-07-01,32,1,71274.5372,1,71274.5372,1,71274.5372,,,,0,,0.6659926093213552,0.2869760647144546,0.0408010570709114,0.006230269566731,13,0
536,2012-07-01,1,3,1654.4458000000002,2,931.8509,1,209.256,136.5,62.932503525602726,0.0073260073260073,1,0.2540136755994444,0.0,1.0,0.0,0.0,13,0
540,2012-07-01,1,1,2554.0856,1,2554.0856,1,2554.0856,,,,0,,0.9732264259271498,0.0,0.0267735740728501,0.0,13,0
544,2012-07-01,62,4,21217.2448,2,13732.0094,1,4310.7413,91.0,1.0,0.6813186813186813,1,0.6067363256780212,0.9862750605582868,0.008669278303279,0.0050556611384339,0.0,14,0
546,2012-07-01,1,1,869.6877,1,869.6877,1,869.6877,,,,0,,0.0,1.0,0.0,0.0,12,0
548,2012-07-01,32,1,88689.6425,1,88689.6425,1,88689.6425,,,,0,,0.8109225967395235,0.1642932510411235,0.0221624166316827,0.0026217355651196,12,0
552,2012-07-01,123,3,34025.6088,1,11295.7189,0,0.0,91.0,1.4142135623730951,1.3516483516483515,1,-0.699212467276979,0.9907617670605792,0.0,0.0092382329394206,0.0,24,1
556,2012-07-01,1,1,8453.3099,1,8453.3099,1,8453.3099,,,,0,,0.5946541484300724,0.3121089290716764,0.0789089253666188,0.0143279971316324,41,0
558,2012-07-01,32,1,1626.4708,1,1626.4708,1,1626.4708,,,,0,,0.0,0.9601379871068082,0.0398620128931918,0.0,38,0
562,2012-07-01,1,1,58234.6192,1,58234.6192,1,58234.6192,,,,0,,0.7692373302236688,0.1701781781377218,0.0498102778012155,0.0107742142495198,14,0
568,2012-07-01,32,1,647.994,1,647.994,1,647.994,,,,0,,1.0,0.0,0.0,0.0,36,0
570,2012-07-01,32,1,37650.2671,1,37650.2671,1,37650.2671,,,,0,,0.791848531135653,0.1973725758774231,0.0107788923229179,0.0,42,0
574,2012-07-01,123,3,8496.8066,1,4266.3414,0,0.0,91.0,1.4142135623730951,1.3516483516483515,1,0.0084426943193758,1.0,0.0,0.0,0.0,11,0
584,2012-07-01,123,3,13965.8449,1,3524.0297,0,0.0,91.0,1.4142135623730951,1.3516483516483515,1,-1.0860253395158337,0.6129428947044944,0.3848689455229451,0.0007427405985297,0.0014454191740307,28,0
586,2012-07-01,93,3,9127.8241,2,6109.4864,0,0.0,90.5,2.1213203435596424,1.0276243093922652,1,0.7049688745160907,0.9925443567651572,0.0,0.0074556432348427,0.0,29,1
590,2012-07-01,32,1,13094.2966,1,13094.2966,1,13094.2966,,,,0,,0.7542100352301474,0.160855604874568,0.0722159371279248,0.0127184220036683,26,0
592,2012-07-01,32,4,303068.51170000003,2,219717.5209,1,150837.4387,91.0,1.0,0.3516483516483517,1,0.9692747829676608,0.8412605954107768,0.1427144624210064,0.0128992229119129,0.00312571944438,35,0
598,2012-07-01,1,1,104881.9414,1,104881.9414,1,104881.9414,,,,0,,0.7791649850219114,0.2030922160256656,0.0143674276036999,0.0033753713487229,15,0
600,2012-07-01,1,5,214646.1726,3,147194.4069,1,42396.4051,91.25,1.5,0.010958904109589,1,0.780333417163364,0.9498695375293172,0.0479728721703747,0.000840953732431,0.001316636567877,37,0
602,2012-07-01,1,1,49484.6201,1,49484.6201,1,49484.6201,,,,0,,0.8546801655652198,0.1144163941959817,0.0249892693426982,0.0059141708961003,12,0
604,2012-07-01,1,1,1444.3375,1,1444.3375,1,1444.3375,,,,0,,0.0,0.6448968471704155,0.2153401126814196,0.1397630401481648,17,0
608,2012-07-01,1,5,48401.4692,3,19966.6532,1,3661.1012,91.25,1.5,0.010958904109589,1,-0.3535358531275872,0.9736724830658652,0.0236191693949653,0.0027083475391693,0.0,29,0
612,2012-07-01,62,4,102652.5776,2,32352.6574,1,13125.6019,91.0,1.0,0.6813186813186813,1,-0.7760578166034371,0.8460886495070339,0.1535881920221748,0.0003231579837114,0.0,23,0
616,2012-07-01,93,4,431991.55,2,184031.2742,0,0.0,91.0,1.7320508075688772,1.021978021978022,1,-0.2981614425166885,0.9007471816705672,0.0951029734262163,0.002093772204572,0.0020560726245686,26,1
622,2012-07-01,1,1,63095.428,1,63095.428,1,63095.428,,,,0,,0.7254625533247829,0.206511959947399,0.0571565337507497,0.0108689533574445,20,0
628,2012-07-01,1,1,65.6018,1,65.6018,1,65.6018,,,,0,,0.0,1.0,0.0,0.0,20,0
632,2012-07-01,62,4,44945.4675,2,14418.4575,1,2238.4935,91.0,1.0,0.6813186813186813,1,-0.7500661130440776,0.9989854371856296,0.0,0.0010145628143705,0.0,28,1
634,2012-07-01,1,1,6532.5325,1,6532.5325,1,6532.5325,,,,0,,0.6040949050004726,0.3959050949995273,0.0,0.0,34,0
640,2012-07-01,32,1,3781.8417,1,3781.8417,1,3781.8417,,,,0,,1.0,0.0,0.0,0.0,18,0
642,2012-07-01,62,4,55039.0293,2,25105.5993,1,9853.7837,91.0,1.0,0.6813186813186813,1,-0.1758785910410001,0.8725681559213108,0.1054682590486747,0.0127944098752482,0.009169175154766,38,0
648,2012-07-01,62,4,171109.149,2,104613.1669,1,50154.2683,91.0,1.0,0.6813186813186813,1,0.4531224165972158,0.9470666030838596,0.042460603903769,0.0061077400367411,0.0043650529756301,19,0
650,2012-07-01,1,1,1308.9375,1,1308.9375,1,1308.9375,,,,0,,1.0,0.0,0.0,0.0,24,1
654,2012-07-01,62,4,119147.2687,2,43029.5395,1,14950.9625,91.0,1.0,0.6813186813186813,1,-0.57038426305974,0.8543340962460518,0.1449702396744911,0.0005262395074944,0.0001694247817868,31,1
662,2012-07-01,32,4,218911.9866,2,148731.7492,1,117274.3453,91.0,1.0,0.3516483516483517,1,0.7510700641322234,0.7779625870975492,0.2220374130943088,0.0,0.0,31,0
664,2012-07-01,32,1,65721.6787,1,65721.6787,1,65721.6787,,,,0,,0.7735956925884183,0.1805132512538819,0.0400537136614558,0.0058373419180481,27,0
668,2012-07-01,62,4,120363.9682,2,75463.7837,1,6223.3905,91.0,1.0,0.6813186813186813,1,0.5192019311313416,0.99588531698974,0.0,0.002102137406932,0.0020125458110311,24,0
672,2012-07-01,62,4,79240.1807,2,47585.6555,1,25738.2617,91.0,1.0,0.6813186813186813,1,0.4076396700600284,0.939249501231892,0.0505238322860109,0.0061506535660891,0.0040760129160079,30,0
684,2012-07-01,32,1,12140.2623,1,12140.2623,1,12140.2623,,,,0,,0.8167886619714962,0.1543570850194892,0.0288542523500501,0.0,33,0
686,2012-07-01,62,4,51648.4807,2,37382.5823,1,8912.6663,91.0,1.0,0.6813186813186813,1,0.963289575328135,0.9972311344290908,0.0,0.0027688655709092,0.0,38,1
692,2012-07-01,32,1,45064.2667,1,45064.2667,1,45064.2667,,,,0,,0.7337863194387672,0.2598304212503695,0.0063832593108632,0.0,38,0
694,2012-07-01,62,4,43221.2852,2,25736.4333,1,19044.6091,91.0,1.0,0.6813186813186813,1,0.3865543897112715,0.8742730144452067,0.0927523321310214,0.0217654541193513,0.0112091993044204,32,0
698,2012-07-01,32,4,58448.184,2,23956.9512,1,1308.9375,91.0,1.0,0.3516483516483517,1,-0.3644339020493046,0.9211212652902954,0.0591429290600371,0.0107560741322604,0.0089797315174069,20,1
700,2012-07-01,1,1,1485.8823,1,1485.8823,1,1485.8823,,,,0,,0.8364402752492576,0.1635597247507423,0.0,0.0,23,0
704,2012-07-01,93,4,42676.974,2,34514.898,0,0.0,91.0,1.7320508075688772,1.021978021978022,1,1.4417989707619974,0.9995993155465988,0.0,0.000400684453401,0.0,20,1
710,2012-07-01,1,1,17944.6404,1,17944.6404,1,17944.6404,,,,0,,0.4110288997488074,0.4940466179528457,0.0836751596315075,0.011249319880492,29,0
716,2012-07-01,62,3,10029.6092,2,7425.5439,1,3962.2441,91.0,1.4142135623730951,0.6813186813186813,1,1.0476028536640405,0.9869465402500428,0.0,0.0130534597499571,0.0,11,0
724,2012-07-01,62,4,22340.7593,2,7280.9805,1,3014.6391,91.0,1.0,0.6813186813186813,1,-0.7266910622681824,0.9923845694895428,0.0,0.0076154305104571,0.0,34,1
726,2012-07-01,62,2,1047.8364,1,903.6344,1,903.6344,182.0,,0.3406593406593406,1,1.8294050077778028,0.8348574262165354,0.0,0.1651425737834646,0.0,40,0
728,2012-07-01,1,5,29042.0596,3,19232.8941,1,4254.45,91.25,1.5,0.010958904109589,1,0.6732548964248899,0.9782313786037404,0.017082052954674,0.0046865684415853,0.0,14,0
732,2012-07-01,1,1,5496.001,1,5496.001,1,5496.001,,,,0,,0.341916968355719,0.5355869840635036,0.096785444544133,0.0257106030366442,11,0
738,2012-07-01,1,5,56412.6229,3,42205.5649,1,9625.0609,91.25,1.5,0.010958904109589,1,1.088766506844797,0.9817775358216858,0.0110501332495213,0.0071723309287928,0.0,27,0
740,2012-07-01,62,4,12466.0865,2,6818.971,1,3427.4236,91.0,1.0,0.6813186813186813,1,0.1885332699483548,0.9930594737971696,0.0,0.0069405262028303,0.0,32,1
742,2012-07-01,32,4,10862.3258,2,6176.5255,1,4007.4786,91.0,1.0,0.3516483516483517,1,0.2761676759341362,0.8646154583210899,0.13538454167891,0.0,0.0,24,1
744,2012-07-01,32,1,10473.061,1,10473.061,1,10473.061,,,,0,,0.8281415337884501,0.1059315896279034,0.050025240949136,0.0159016346796796,29,0
746,2012-07-01,1,1,15853.6146,1,15853.6146,1,15853.6146,,,,0,,0.6830462309838161,0.2686424962039887,0.043218049466145,0.00509322334605,21,0
752,2012-07-01,62,4,62333.4663,2,9409.4223,1,3304.4403,91.0,1.0,0.6813186813186813,1,-1.727058818005828,0.9993598936114354,0.0,0.0006401055864271,0.0,23,0
754,2012-07-01,62,4,28783.5448,2,16231.634300000002,1,8573.7455,91.0,1.0,0.6813186813186813,1,0.257071127850736,0.9988178349735436,0.0,0.0011821650264563,0.0,15,1
760,2012-07-01,93,3,9212.4174,1,2907.4796,0,0.0,136.5,62.932503525602726,0.6813186813186813,1,-0.7738612270328984,0.4396227205250165,0.5585210891551657,0.0018561903198176,0.0,37,1
762,2012-07-01,32,1,109253.4254,1,109253.4254,1,109253.4254,,,,0,,0.7973041459988861,0.200161652121527,0.0025342015500778,0.0,32,0
764,2012-07-01,62,4,255004.9871,2,81008.4097,1,24607.478,91.0,1.0,0.6813186813186813,1,-0.7644760590679684,0.8653260083673084,0.1239527675888343,0.0055424465069216,0.0051787775722289,40,0
766,2012-07-01,1,1,209.256,1,209.256,1,209.256,,,,0,,0.0,1.0,0.0,0.0,35,0
768,2012-07-01,32,1,72131.9824,1,72131.9824,1,72131.9824,,,,0,,0.7462854258113389,0.1997131621880948,0.0459220106225723,0.0080794015443557,25,0
778,2012-07-01,62,1,722.5949,1,722.5949,1,722.5949,,,,0,,0.0,1.0,0.0,0.0,20,1
780,2012-07-01,1,5,95645.4468,3,58787.6445,1,21209.6683,91.25,1.5,0.010958904109589,1,0.4668542570098886,0.8040658920315692,0.1787721786250257,0.0118855412153294,0.0052763881280755,14,0
782,2012-07-01,1,1,39885.5733,1,39885.5733,1,39885.5733,,,,0,,0.6651877534878006,0.2404464799306269,0.0822685094512606,0.0120972562277298,29,0
788,2012-07-01,62,4,119436.7986,2,46295.9477,1,11737.7891,91.0,1.0,0.6813186813186813,1,-0.4573246841499685,0.8690946370108082,0.1182205481518993,0.0086284772539105,0.0040563377926976,40,0
790,2012-07-01,1,5,267442.3799,3,168491.7145,1,79628.9429,91.25,1.5,0.010958904109589,1,0.5322610088394022,0.8567630561980353,0.1229491575430001,0.0144210756778417,0.0058667104315578,35,0
792,2012-07-01,32,1,63233.6717,1,63233.6717,1,63233.6717,,,,0,,0.6960764064567201,0.2435447711001732,0.0541243372714034,0.0062544845075001,25,0
794,2012-07-01,1,5,261442.4635,3,141535.3905,1,52063.3585,91.25,1.5,0.010958904109589,1,0.1658314698213949,0.8595399564386371,0.1104940494871063,0.0209746725554397,0.0089913213352199,38,0
800,2012-07-01,62,4,61616.5168,2,36927.186,1,25670.3574,91.0,1.0,0.6813186813186813,1,0.4025634062971406,0.8817599877700324,0.0967387335338631,0.0156042072796948,0.0058970714164095,26,1
804,2012-07-01,62,4,243014.5498,2,91504.4377,1,28786.7176,91.0,1.0,0.6813186813186813,1,-0.5042605705233925,0.8849675469102303,0.114516434604032,0.0005160184857375,0.0,26,1
806,2012-07-01,154,2,8129.976,1,4049.988,0,0.0,181.0,,0.850828729281768,1,-0.0073783139789576,1.0,0.0,0.0,0.0,34,1
808,2012-07-01,1,1,89273.6793,1,89273.6793,1,89273.6793,,,,0,,0.5958314568984052,0.3486644406062918,0.0469551320822508,0.0085489699313871,29,0
812,2012-07-01,62,4,93863.6918,2,58007.0839,1,29220.8373,91.0,1.0,0.6813186813186813,1,0.4810266191053944,0.9835193622759252,0.0077243712248701,0.0048851530470059,0.0038711134521985,28,0
814,2012-07-01,62,4,180664.8196,2,106822.0929,1,48117.9107,91.0,1.0,0.6813186813186813,1,0.3692230699521008,0.951795411418328,0.048092854044507,0.0,0.0001117345371649,33,0
816,2012-07-01,1,5,305256.7801,3,230907.2666,1,107356.7904,91.25,1.5,0.010958904109589,1,1.133229937959804,0.88617572625703,0.1062132752280839,0.005537907788473,0.0020730907264129,25,0
818,2012-07-01,93,4,77357.1599,2,48799.056,0,0.0,91.0,1.7320508075688772,1.021978021978022,1,0.5357556994707018,0.9980300737488684,0.0,0.0019699262511316,0.0,30,0
820,2012-07-01,32,4,75360.7097,2,24771.5553,1,684.03,91.0,1.0,0.3516483516483517,1,-0.7140205810232629,0.9515039466248552,0.0484960533751449,0.0,0.0,22,0
826,2012-07-01,62,4,18178.8866,2,5028.0807,1,4292.3279,91.0,1.0,0.6813186813186813,1,-0.9613218760043464,0.7031474083786847,0.2968525916213152,0.0,0.0,13,0
828,2012-07-01,62,4,300525.6618,2,137786.7568,1,40708.4413,91.0,1.0,0.6813186813186813,1,-0.1664387444879622,0.8175816772296681,0.1732716653483466,0.0054522724954198,0.0036943850097529,33,0
832,2012-07-01,1,5,146105.2342,3,104966.9371,1,69729.7597,91.25,1.5,0.010958904109589,1,0.9366911440556382,0.8616319216029839,0.1382970816250195,7.099677199655041e-05,0.0,21,0
840,2012-07-01,182,2,1778.4284,1,28.8404,0,0.0,92.0,,1.9782608695652173,1,-4.071843830410748,0.9837832099397424,0.0,0.0162167900602576,0.0,17,1
846,2012-07-01,1,5,17683.9545,3,14283.4959,1,6803.6883,91.25,1.5,0.010958904109589,1,1.4349704066677091,0.5731247272774876,0.4213304835182651,0.0032617591274621,0.0022830300767851,13,0
848,2012-07-01,1,1,45845.4516,1,45845.4516,1,45845.4516,,,,0,,0.7330897052391562,0.2614411807866235,0.0054691139742202,0.0,33,0
850,2012-07-01,154,2,1440.8086,1,1429.4086,0,0.0,181.0,,0.850828729281768,1,4.7480189440944285,0.0,0.9920877762667436,0.0079122237332564,0.0,38,1
852,2012-07-01,32,4,146062.3769,2,78597.6179,1,47404.3026,91.0,1.0,0.3516483516483517,1,0.1527339202137074,0.7721254897639558,0.1922223032096912,0.0290964907609962,0.0065557162379712,32,0
864,2012-07-01,62,4,62428.6039,2,29939.355000000003,1,18802.613,91.0,1.0,0.6813186813186813,1,-0.0817327745017628,0.8637917257669124,0.1122061677243434,0.0152715652832338,0.0087305412255102,33,0
870,2012-07-01,93,4,138840.84360000002,2,67742.1696,0,0.0,91.0,1.7320508075688772,1.021978021978022,1,-0.0483591147420767,0.8784492865181639,0.1114151145938441,0.0060645922206136,0.004071006667378,19,1
874,2012-07-01,32,1,44991.4587,1,44991.4587,1,44991.4587,,,,0,,0.6103624886472062,0.2941806574499884,0.0841810393224703,0.0112758148915051,22,0
878,2012-07-01,62,4,132510.0051,2,56136.7506,1,33313.9702,91.0,1.0,0.6813186813186813,1,-0.3078371539535744,0.9094045902500686,0.0902994818464466,0.0002959278431119,0.0,21,0
880,2012-07-01,123,3,11869.5532,1,3064.7098,0,0.0,91.0,1.4142135623730951,1.3516483516483515,1,-1.0551363988870452,0.1718678003819048,0.8281321996180951,0.0,0.0,19,0
882,2012-07-01,62,4,131600.9354,2,51668.2083,1,14076.1511,91.0,1.0,0.6813186813186813,1,-0.4363358601572287,0.9024937713322668,0.0972896648575037,0.0002165638102295,0.0,14,1
884,2012-07-01,93,4,137715.85379999998,2,78663.7137,0,0.0,91.0,1.7320508075688772,1.021978021978022,1,0.2867569720036798,0.882849278751667,0.0989159056428113,0.0120784220124408,0.006156393593081,22,1
892,2012-07-01,1,1,2508.4976,1,2508.4976,1,2508.4976,,,,0,,0.990913286104001,0.0,0.0090867138959989,0.0,28,0
896,2012-07-01,62,4,24236.3161,2,16053.5401,1,3847.1761,91.0,1.0,0.6813186813186813,1,0.6738380240535857,0.9985888954881224,0.0,0.0014111055433874,0.0,27,1
898,2012-07-01,1,4,7314.5188,3,5152.5077,1,2180.4192,91.0,1.7320508075688772,0.0109890109890109,1,0.8681763109046008,0.7621900158353548,0.2338670863762083,0.0039428977884368,0.0,32,1
900,2012-07-01,1,5,54221.0333,3,27785.2383,1,1256.6625,91.25,1.5,0.010958904109589,1,0.0497840831670526,0.9729590306424498,0.0036209011162463,0.0208139670403514,0.0026061012009522,24,0
904,2012-07-01,123,3,28770.5997,1,9891.2909,0,0.0,91.0,1.4142135623730951,1.3516483516483515,1,-0.646363759686924,0.9905384245431632,0.0,0.0094615754568369,0.0,21,1
908,2012-07-01,32,4,29546.3692,2,16254.6458,1,6386.6474,91.0,1.0,0.3516483516483517,1,0.2012235095557937,0.8932854836187453,0.0639886913753179,0.0370893008403888,0.0056365230148142,18,0
914,2012-07-01,1,5,7677.5342,3,1764.0469,1,469.794,91.25,1.5,0.010958904109589,1,-1.2092275534659684,0.9993244575843114,0.0,0.0006755424156886,0.0,20,1
916,2012-07-01,1,1,2371.295,1,2371.295,1,2371.295,,,,0,,0.0,0.9878377004969858,0.0121622995030141,0.0,17,0
926,2012-07-01,62,4,81372.22589999999,2,44661.1205,1,3894.2405,91.0,1.0,0.6813186813186813,1,0.1960191781678641,0.9974888203838604,0.0,0.0025111799233698,0.0,11,1
930,2012-07-01,32,1,2927.7262,1,2927.7262,1,2927.7262,,,,0,,0.4245109395817136,0.5754890604182863,0.0,0.0,30,0
932,2012-07-01,32,1,97801.7811,1,97801.7811,1,97801.7811,,,,0,,0.8650182312477334,0.1349817687522666,0.0,0.0,36,0
934,2012-07-01,93,4,85177.0812,2,54514.2759,0,0.0,91.0,1.7320508075688772,1.021978021978022,1,0.5753979755450018,0.9460964529974996,0.0530909645680603,0.0003385934290502,0.0004739890053898,42,1
936,2012-07-01,93,4,175502.1574,2,100469.2017,0,0.0,91.0,1.7320508075688772,1.021978021978022,1,0.291920429290716,0.9731475585838012,0.0215917773099694,0.0031902793008059,0.0020703848054234,16,1
944,2012-07-01,32,1,7973.3042,1,7973.3042,1,7973.3042,,,,0,,0.412446072231886,0.5767025670486773,0.0108513607194367,0.0,30,0
948,2012-07-01,1,1,18202.7022,1,18202.7022,1,18202.7022,,,,0,,0.8832049122904401,0.0606602243923981,0.0461540100348397,0.009980853282322,27,0
952,2012-07-01,32,1,30.2798,1,30.2798,1,30.2798,,,,0,,0.0,0.0,0.0,0.9999993394936556,24,0
954,2012-07-01,32,1,62510.3099,1,62510.3099,1,62510.3099,,,,0,,0.7584423592339286,0.1770777015456773,0.0577805235772795,0.0066994159950565,38,0
958,2012-07-01,1,1,7804.4741,1,7804.4741,1,7804.4741,,,,0,,0.5055367535911228,0.4944632464088772,0.0,0.0,26,0
960,2012-07-01,93,2,1775.5745000000002,1,838.9178,0,0.0,181.0,,0.5138121546961326,1,-0.1100798606376054,0.4724768236984705,0.5275231763015295,0.0,0.0,20,0
962,2012-07-01,1,1,980.8863,1,980.8863,1,980.8863,,,,0,,0.0,0.8979825694374567,0.1020174305625432,0.0,14,0
964,2012-07-01,1,5,146200.3544,3,78673.2268,1,20.52,91.25,1.5,0.010958904109589,1,0.1527713988635195,0.8763974788285465,0.123173657641968,0.0004288635294853,0.0,33,0
966,2012-07-01,62,3,2070.6098,2,1231.692,1,356.898,91.0,1.4142135623730951,0.6813186813186813,1,0.3836516448111382,0.8276362837652946,0.1723637162347053,0.0,0.0,38,0
970,2012-07-01,1,5,117604.0714,3,85618.379,1,57381.4301,91.25,1.5,0.010958904109589,1,0.9845916939072854,0.8954092859067463,0.1045907140252288,0.0,0.0,26,0
974,2012-07-01,93,4,55710.7042,2,23598.9858,0,0.0,91.0,1.7320508075688772,1.021978021978022,1,-0.3080060531663235,0.8898366500992819,0.0848816985515684,0.0162230241562805,0.0090586271928689,14,1
976,2012-07-01,1,1,46321.888,1,46321.888,1,46321.888,,,,0,,0.7038855454250915,0.2902095139127317,0.0059049406621768,0.0,13,0
980,2012-07-01,93,4,71252.8201,2,33229.1438,0,0.0,91.0,1.7320508075688772,1.021978021978022,1,-0.1347779155164836,0.8733929072935037,0.1266070927064962,0.0,0.0,16,1
982,2012-07-01,32,1,42438.4645,1,42438.4645,1,42438.4645,,,,0,,0.7522469904630974,0.1693448451698812,0.0649550957481037,0.0134530686896082,21,0
986,2012-07-01,1,1,16812.1513,1,16812.1513,1,16812.1513,,,,0,,0.808404121369048,0.1126064396053823,0.0705844761223389,0.0084049624273842,35,0
988,2012-07-01,1,1,8520.6631,1,8520.6631,1,8520.6631,,,,0,,0.79119944315132,0.20880055684868,0.0,0.0,27,0
992,2012-07-01,1,1,164.4279,1,164.4279,1,164.4279,,,,0,,1.0,0.0,0.0,0.0,24,1
998,2012-07-01,62,4,28024.8515,2,11694.6591,1,5593.2771,91.0,1.0,0.6813186813186813,1,-0.3338591674342623,0.995285568239318,0.0,0.0047144299765513,0.0,26,0
1002,2012-07-01,32,1,5519.611,1,5519.611,1,5519.611,,,,0,,0.6000509275019562,0.1981003733777615,0.1771623536513714,0.0246863429325001,23,0
1010,2012-07-01,93,4,69150.3094,2,20321.34,0,0.0,91.0,1.7320508075688772,1.021978021978022,1,-0.8766234778489554,0.998691062978816,0.0,0.0013089370211841,0.0,17,1
1012,2012-07-01,62,3,11250.2604,2,6438.7255000000005,1,2555.9668,91.0,1.4142135623730951,0.6813186813186813,1,0.2912619634485622,0.9853382949251556,0.0,0.0146617050748443,0.0,29,1
1016,2012-07-01,62,4,84356.0342,2,35339.019,1,2909.115,91.0,1.0,0.6813186813186813,1,-0.3271718831583428,0.9953541281460576,0.0,0.0046458715575796,0.0,41,0
1018,2012-07-01,32,4,115361.0905,2,66474.13459999999,1,7370.8413,91.0,1.0,0.3516483516483517,1,0.3072968964180429,0.9772159383323444,0.0099508594711143,0.0111270931510481,0.00170610878544,11,0
1022,2012-07-01,93,4,48761.856,2,18330.546,0,0.0,91.0,1.7320508075688772,1.021978021978022,1,-0.50688147205401,0.9988310535185536,0.0,0.0011689464814464,0.0,22,1
1028,2012-07-01,1,1,7759.3877,1,7759.3877,1,7759.3877,,,,0,,0.7991437391380766,0.0876892644505957,0.0897529711010573,0.0234140253102702,40,0
1032,2012-07-01,1,5,263338.4161,3,175334.759,1,77342.8571,91.25,1.5,0.010958904109589,1,0.6893130239058465,0.926570216748562,0.0669574768510199,0.0047858718020139,0.0016864345376458,24,0
1034,2012-07-01,1,1,794.2467,1,794.2467,1,794.2467,,,,0,,0.5914963197203085,0.4085036802796914,0.0,0.0,16,0
1044,2012-07-01,123,3,79207.5439,1,29308.0387,0,0.0,91.0,1.4142135623730951,1.3516483516483515,1,-0.532135170449747,0.9627004518189584,0.0297122102784959,0.0045290686004972,0.0030582693020481,15,0
1046,2012-07-01,32,4,147314.5353,2,55172.7318,1,37141.1313,91.0,1.0,0.3516483516483517,1,-0.5128526187386839,0.9005400344904052,0.0785298998258456,0.0180221799674644,0.0029078854243923,37,0
1050,2012-07-01,32,4,186245.846,2,134119.953,1,98996.5779,91.0,1.0,0.3516483516483517,1,0.945061031143581,0.9271504305121522,0.0695074256850808,0.0017434455960966,0.0015986981529778,12,0
1052,2012-07-01,1,1,39027.0692,1,39027.0692,1,39027.0692,,,,0,,0.7995231935069314,0.1779468390109088,0.0225299662009977,0.0,18,0
1056,2012-07-01,93,3,4248.2689,1,714.7043,0,0.0,136.5,62.932503525602726,0.6813186813186813,1,-1.5970783095975438,0.4766633298565446,0.5084174638756976,0.0149192062677576,0.0,30,0
1066,2012-07-01,62,4,158257.1368,2,79546.8168,1,22579.685,91.0,1.0,0.6813186813186813,1,0.0105713275957768,0.962262214230834,0.0292175430030906,0.0053313658837785,0.003188876724326,12,0
1068,2012-07-01,1,1,1316.1745,1,1316.1745,1,1316.1745,,,,0,,0.984662747986684,0.0,0.0,0.0153372520133158,12,0
1070,2012-07-01,1,1,59518.7599,1,59518.7599,1,59518.7599,,,,0,,0.777296431876767,0.1812409770990541,0.0349640433284632,0.0064985476957156,18,0
1082,2012-07-01,154,2,439.64540000000005,1,20.1865,0,0.0,181.0,,0.850828729281768,1,-2.987982547464574,0.9540845872605512,0.0,0.0,0.0459154127394486,42,0
1086,2012-07-01,32,4,120003.2263,2,76704.52769999999,1,50019.5321,91.0,1.0,0.3516483516483517,1,0.57182810063156,0.9211588580431358,0.057341003339341,0.0182862223263409,0.0032139164245119,39,0
1090,2012-07-01,1,5,86236.08630000001,3,46260.6586,1,3981.8541,91.25,1.5,0.010958904109589,1,0.1460235371259699,0.913944013250054,0.0858219026110882,0.0,0.0002340841388577,36,0
1096,2012-07-01,32,2,2471.4147,1,324.4527,1,324.4527,273.0,,0.1172161172161172,1,-1.8870576284078,0.8687178238439709,0.1312821761560292,0.0,0.0,25,0
1102,2012-07-01,1,1,4142.6215,1,4142.6215,1,4142.6215,,,,0,,0.0,1.0,0.0,0.0,42,0
1108,2012-07-01,1,5,157606.8592,3,109991.3315,1,54130.4516,91.25,1.5,0.010958904109589,1,0.8372307281674516,0.8645093607702575,0.1182114217272594,0.0146435422399433,0.0026356752625395,34,0
1112,2012-07-01,1,2,2221.323,1,196.329,1,196.329,365.0,,0.0027397260273972,1,-2.3289433367884262,0.9116161854894584,0.0883838145105417,0.0,0.0,14,0
1116,2012-07-01,1,1,1628.6046,1,1628.6046,1,1628.6046,,,,0,,0.2884641244412548,0.7115358755587453,0.0,0.0,17,0
1118,2012-07-01,32,2,2790.7539,1,2371.295,1,2371.295,181.0,,0.1767955801104972,1,1.7302663861555834,0.1503030776020773,0.8393626539409297,0.0103342684569929,0.0,17,1
1120,2012-07-01,62,2,5146.3219,2,5146.3219,1,3887.9452,92.0,,0.6739130434782609,0,,0.9989921928513644,0.0,0.0010078071486356,0.0,20,1
1126,2012-07-01,93,4,408483.4465,2,187828.3084,0,0.0,91.0,1.7320508075688772,1.021978021978022,1,-0.1610719372272235,0.8821037413177036,0.1087292128495101,0.0064984653815096,0.0026685805981613,35,1
1134,2012-07-01,1,5,25977.2902,3,17354.749,1,10036.043,91.25,1.5,0.010958904109589,1,0.6994279935935648,0.8729580462553405,0.0983865283993324,0.0201075168340691,0.008547908511258,23,0
1136,2012-07-01,1,5,40257.1833,3,26055.5804,1,53.994,91.25,1.5,0.010958904109589,1,0.6068450921994231,0.9927987087959032,0.0,0.0072012912040967,0.0,15,1
1138,2012-07-01,32,1,86.5212,1,86.5212,1,86.5212,,,,0,,0.0,0.0,1.0,0.0,20,0
1142,2012-07-01,1,1,3226.1066,1,3226.1066,1,3226.1066,,,,0,,0.385248212194848,0.2820588755498656,0.251348885991554,0.0813440262637322,17,0
1148,2012-07-01,62,4,8548.2423,2,3811.0063,1,1677.8356,91.0,1.0,0.6813186813186813,1,-0.217509276076198,0.9981798012440524,0.0,0.0018201987559477,0.0,41,1
1154,2012-07-01,32,1,2476.9638,1,2476.9638,1,2476.9638,,,,0,,0.0,0.945695936291035,0.0494618451832037,0.0048422185257612,22,0
1156,2012-07-01,1,1,10085.4859,1,10085.4859,1,10085.4859,,,,0,,0.8586382436963201,0.1165008817274733,0.0248608745762065,0.0,28,0
1162,2012-07-01,32,1,4831.9452,1,4831.9452,1,4831.9452,,,,0,,0.7661033904109674,0.221363437648258,0.0,0.0125331636625349,16,0
1164,2012-07-01,1,5,140719.9074,3,57055.0943,1,22381.4965,91.25,1.5,0.010958904109589,1,-0.3827955539780401,0.9784793995678824,0.0112535463479135,0.0095497958805507,0.0007172581468029,22,0
1170,2012-07-01,62,4,85892.3768,2,56832.9533,1,24278.0209,91.0,1.0,0.6813186813186813,1,0.6707566851677882,0.9721126485348348,0.0276523306082269,0.0,0.0002350208569382,36,0
1174,2012-07-01,1,5,251725.3331,3,171874.38319999998,1,57363.2615,91.25,1.5,0.010958904109589,1,0.7665954040461234,0.9276280814662272,0.0664889556163626,0.0036375711126231,0.0022453918047869,15,0
1182,2012-07-01,1,5,144232.4617,3,102794.9808,1,47753.7712,91.25,1.5,0.010958904109589,1,0.9085363155197008,0.9319578957168974,0.0620205437428237,0.0044820215392607,0.0015395390010181,18,0
1184,2012-07-01,32,4,146774.5707,2,91203.3329,1,61709.2825,91.0,1.0,0.3516483516483517,1,0.4954186494093129,0.9086980276209384,0.0751364030390586,0.0128756431784269,0.0032899262297075,24,0
1186,2012-07-01,32,3,4334.2257,2,2954.7028,1,71.988,90.5,0.7071067811865476,0.3535911602209944,1,0.76127411631618,0.5921290393345229,0.3819468377015991,0.0166091950403044,0.0093149279235735,30,0
1192,2012-07-01,1,5,99497.3261,3,59516.3703,1,379.467,91.25,1.5,0.010958904109589,1,0.3978399604256921,0.957841198709359,0.0418689402347667,0.0002898610558741,0.0,37,0
1200,2012-07-01,1,1,52105.5079,1,52105.5079,1,52105.5079,,,,0,,0.7739796621385587,0.1893559644200301,0.0299431266075423,0.0067212472177053,24,0
1202,2012-07-01,1,1,41020.1875,1,41020.1875,1,41020.1875,,,,0,,0.8383754023552428,0.1566870653626339,0.0044454209284148,0.0004921113537084,16,0
1204,2012-07-01,62,4,18915.794,2,1213.7103000000002,1,1144.4969,91.0,1.0,0.6813186813186813,1,-2.6792332325960784,0.9084466451685824,0.0863696549031988,0.003049345959255,0.0021343539689637,21,0
1206,2012-07-01,123,3,124405.0861,1,26016.9703,0,0.0,91.0,1.4142135623730951,1.3516483516483515,1,-1.3301427214903505,0.9314302303272148,0.0667922249844413,0.0017775446883437,0.0,31,1
1214,2012-07-01,1,5,233510.8221,3,169695.626,1,32885.3728,91.25,1.5,0.010958904109589,1,0.978005274396379,0.9696512459839436,0.021085776478023,0.0069288864663716,0.0023340909646003,25,0
1220,2012-07-01,1,1,38604.0227,1,38604.0227,1,38604.0227,,,,0,,0.8415092476878063,0.1001318445499722,0.0503953721900593,0.0079635353649297,27,0
1224,2012-07-01,93,2,1258.3767,1,838.9178,0,0.0,273.0,,0.3406593406593406,1,0.6919572960548983,1.0,0.0,0.0,0.0,24,1
1228,2012-07-01,93,4,87491.355,2,46875.785,0,0.0,91.0,1.7320508075688772,1.021978021978022,1,0.1433464521406566,0.9456099565494214,0.0537307691714227,0.0006592742791559,0.0,21,1
1234,2012-07-01,32,1,37208.4123,1,37208.4123,1,37208.4123,,,,0,,0.8179589081794817,0.1111805353758671,0.0641274887722097,0.0067330685324619,25,0
1236,2012-07-01,1,1,33208.2292,1,33208.2292,1,33208.2292,,,,0,,0.759304597307465,0.1582583692839604,0.0718005118743278,0.0106365201791608,15,0
1240,2012-07-01,123,3,76242.1332,1,24604.6637,0,0.0,91.0,1.4142135623730951,1.3516483516483515,1,-0.7412902795152352,0.9829878959892482,0.0167473357106959,0.0,0.0002647683000559,36,1
1242,2012-07-01,1,1,55971.1308,1,55971.1308,1,55971.1308,,,,0,,0.7362995728505095,0.2133246520007775,0.0440260642366725,0.0063497109120403,42,0
1244,2012-07-01,62,3,5925.7862000000005,1,955.2013,1,955.2013,136.5,64.34671708797582,0.4542124542124542,1,-1.648525505875865,0.6612852316541559,0.2720411006391017,0.0292015935370736,0.0374720741696688,15,1
1246,2012-07-01,62,2,5479.3966,1,1429.4086,1,1429.4086,182.0,,0.3406593406593406,1,-1.041000664261328,0.7391302903681036,0.2608697096318963,0.0,0.0,37,0
1254,2012-07-01,1,1,58378.5459,1,58378.5459,1,58378.5459,,,,0,,0.8725402631174478,0.092882628650742,0.0270268430923696,0.0075502651394405,18,0
1256,2012-07-01,32,1,1524.5394,1,1524.5394,1,1524.5394,,,,0,,0.0,0.9763902461294212,0.0236097538705788,0.0,24,0
1258,2012-07-01,62,4,193258.6708,2,109739.8966,1,58977.1342,91.0,1.0,0.6813186813186813,1,0.2730386812313607,0.9678641497724716,0.0281636977915093,0.001883087048532,0.0020890653874868,30,1
1266,2012-07-01,1,1,84380.7379,1,84380.7379,1,84380.7379,,,,0,,0.8313295492050918,0.1443252666791386,0.0210189925347879,0.0033261915809816,42,0
1270,2012-07-01,1,5,161840.7856,3,66817.7907,1,924.4017,91.25,1.5,0.010958904109589,1,-0.3521450987128975,0.9419414854842376,0.0506615941686333,0.0052764999677559,0.0021204203793731,39,0
1280,2012-07-01,1,3,1676.5882,2,1308.7118,1,469.794,136.5,62.932503525602726,0.0073260073260073,1,1.2671007634121274,0.7805803476369452,0.2194196523630549,0.0,0.0,25,0
1290,2012-07-01,1,1,40977.8088,1,40977.8088,1,40977.8088,,,,0,,0.8827815654213312,0.1048105188093903,0.0119152948949285,0.000492620288667,24,0
1294,2012-07-01,32,1,57182.2539,1,57182.2539,1,57182.2539,,,,0,,0.641848563090655,0.2932575258283059,0.0537159303543996,0.0111779814961088,40,0
1296,2012-07-01,62,4,126717.8954,2,38836.826,1,13319.4071,91.0,1.0,0.6813186813186813,1,-0.8166011266261037,0.8989306582580758,0.0882498992324646,0.0083589677421362,0.0044604749646118,35,0
1308,2012-07-01,62,3,7719.6876,1,419.4589,1,419.4589,136.5,64.34671708797582,0.4542124542124542,1,-2.854451194190302,0.6649027869987899,0.33509721300121,0.0,0.0,20,1
1310,2012-07-01,1,5,158877.6799,3,88632.5873,1,2485.7036,91.25,1.5,0.010958904109589,1,0.2325061896250613,0.87271731112433,0.1269597989641841,0.0003228899114859,0.0,14,0
1312,2012-07-01,1,5,88776.1743,3,62350.3584,1,27892.4053,91.25,1.5,0.010958904109589,1,0.8584062101654304,0.8800739265467538,0.1188215676466698,0.0006497328867211,0.0004547729198553,13,0
1316,2012-07-01,1,1,46021.1798,1,46021.1798,1,46021.1798,,,,0,,0.8196635497814857,0.1016773042398187,0.0682522847447731,0.0104068605385905,33,0
1320,2012-07-01,1,1,2458.9178,1,2458.9178,1,2458.9178,,,,0,,1.0,0.0,0.0,0.0,32,0
1322,2012-07-01,62,4,112884.2841,2,49175.3862,1,13129.4681,91.0,1.0,0.6813186813186813,1,-0.2589263805546444,0.8248217499215197,0.162950541314546,0.0075782657153778,0.0046494426056248,26,0
1326,2012-07-01,1,1,324.4527,1,324.4527,1,324.4527,,,,0,,0.0,1.0,0.0,0.0,14,1
1328,2012-07-01,1,1,40399.5779,1,40399.5779,1,40399.5779,,,,0,,0.5236183470124821,0.3720314909527805,0.0884569524920704,0.0158932106070345,13,0
1332,2012-07-01,1,5,175422.2139,3,100613.1523,1,48300.3569,91.25,1.5,0.010958904109589,1,0.2963405373944248,0.8288290545853155,0.169707092038929,0.0014638533757553,0.0,13,0
1338,2012-07-01,32,4,110001.8397,2,53632.8261,1,209.256,91.0,1.0,0.3516483516483517,1,-0.049757390374296,0.8868916398677286,0.1125901869803001,0.0005181731519713,0.0,16,1
1344,2012-07-01,1,5,65840.27639999999,3,34274.4818,1,324.4527,91.25,1.5,0.010958904109589,1,0.0823245179283382,0.9153494759630142,0.0842124882088131,0.0004380358281727,0.0,14,0
1350,2012-07-01,1,5,97350.7014,3,58701.488,1,26628.0859,91.25,1.5,0.010958904109589,1,0.4179298145807539,0.7461626599025202,0.2533160700986999,0.00010655290461,0.0004147170941698,25,0
1356,2012-07-01,62,4,191271.1949,2,75626.8455,1,46301.0029,91.0,1.0,0.6813186813186813,1,-0.4247036330687006,0.8398626250230008,0.1454689176514366,0.0099192193628106,0.0047492383810062,23,0
1358,2012-07-01,62,4,146233.5598,2,80377.43359999999,1,48748.8054,91.0,1.0,0.6813186813186813,1,0.1992582603836012,0.9143646669264768,0.0670295957604117,0.0110133798165255,0.0075923577427676,31,1
1362,2012-07-01,1,4,6344.3573,2,249.1888,1,180.108,121.66666666666669,51.38417395787669,0.0082191780821917,1,-3.193199905218375,0.957540963211514,0.0140174955152667,0.0252597374993366,0.0031818037738826,34,0
1364,2012-07-01,62,4,24694.3737,2,12938.8304,1,5664.5243,91.0,1.0,0.6813186813186813,1,0.0959002201531209,0.9929003666126588,0.0,0.0070996333873411,0.0,40,0
1372,2012-07-01,32,4,15519.4439,2,9078.8691,1,5687.3217,91.0,1.0,0.3516483516483517,1,0.3432867318255788,0.967699583617168,0.0319662227072453,0.0003341936755865,0.0,16,0
1374,2012-07-01,123,3,71319.5168,1,40766.1068,0,0.0,91.0,1.4142135623730951,1.3516483516483515,1,0.2883665216505662,0.9981810476876366,0.0,0.0018189523123633,0.0,11,1
1388,2012-07-01,32,1,14515.9921,1,14515.9921,1,14515.9921,,,,0,,0.5081131037540314,0.4878141329382509,0.0019868018528337,0.0020859600770931,16,0
1392,2012-07-01,62,3,7777.3783,2,7352.7329,1,6094.3562,91.0,1.4142135623730951,0.6813186813186813,1,2.8493567355611367,0.9892491663932562,0.0,0.0107508336067438,0.0,41,0
1394,2012-07-01,1,1,5347.6038,1,5347.6038,1,5347.6038,,,,0,,0.6922295926261404,0.0916013074865419,0.1633209438590046,0.052848156028313,14,0
1398,2012-07-01,1,1,20496.8188,1,20496.8188,1,20496.8188,,,,0,,0.9036641773893224,0.0775046857515274,0.01883113685915,0.0,17,0
1400,2012-07-01,1,1,7222.8289,1,7222.8289,1,7222.8289,,,,0,,0.8529466065574389,0.1312742573758046,0.0157791360667563,0.0,17,0
1406,2012-07-01,1,5,9795.7926,3,6850.388800000001,1,4810.0342,91.25,1.5,0.010958904109589,1,0.843866000392425,0.824978817946799,0.175021182053201,0.0,0.0,14,0
1410,2012-07-01,1,1,324.4527,1,324.4527,1,324.4527,,,,0,,0.0,1.0,0.0,0.0,13,0
1414,2012-07-01,32,4,149434.36479999998,2,91484.7152,1,59238.9627,91.0,1.0,0.3516483516483517,1,0.4565910626745655,0.8061020519692403,0.1570671607659552,0.02850869308878,0.0083220941961002,38,0
1416,2012-07-01,1,1,183.9382,1,183.9382,1,183.9382,,,,0,,0.0,1.0,0.0,0.0,32,0
1418,2012-07-01,32,4,237597.3775,2,166125.9498,1,120182.185,91.0,1.0,0.3516483516483517,1,0.8434405051561153,0.8312299053216612,0.1681146388074085,0.0004855339785894,0.0001699219091759,26,0
1422,2012-07-01,1,1,48693.9751,1,48693.9751,1,48693.9751,,,,0,,0.5498290362414877,0.3585185531505313,0.0797554762580884,0.0118969338364819,14,0
1424,2012-07-01,1,1,75351.5172,1,75351.5172,1,75351.5172,,,,0,,0.6339861342566304,0.3079426192363383,0.0490131993387387,0.0090580471019367,13,0
1428,2012-07-01,32,1,469.794,1,469.794,1,469.794,,,,0,,1.0,0.0,0.0,0.0,33,0
1430,2012-07-01,32,1,101336.8382,1,101336.8382,1,101336.8382,,,,0,,0.7329917078466732,0.2608760188256989,0.0061322736631425,0.0,16,0
1436,2012-07-01,154,2,8144.976,1,4064.988,0,0.0,181.0,,0.850828729281768,1,-0.0036823520652689,1.0,0.0,0.0,0.0,11,1
1438,2012-07-01,93,4,107761.3089,2,24441.5684,0,0.0,91.0,1.7320508075688772,1.021978021978022,1,-1.2263712849770734,0.9987321339969358,0.0,0.0012678660030641,0.0,16,0
1450,2012-07-01,1,1,16742.0274,1,16742.0274,1,16742.0274,,,,0,,0.6468005003981777,0.3445863253096814,0.0086131742921409,0.0,41,0
1454,2012-07-01,93,2,1294.2529,1,874.794,0,0.0,181.0,,0.5138121546961326,1,0.7337841696133536,1.0,0.0,0.0,0.0,16,1
1456,2012-07-01,1,4,27279.5343,3,20803.4447,1,8920.6386,91.0,1.7320508075688772,0.0109890109890109,1,1.1668953777093307,0.7744836465188484,0.2169120680333608,0.0078642984752126,0.0007399869725781,22,0
1458,2012-07-01,1,4,7788.1674,3,7368.708500000001,1,2647.032,91.0,1.7320508075688772,0.0109890109890109,1,2.8637866983110856,0.9617288657662904,0.0382711342337094,0.0,0.0,28,0
1460,2012-07-01,62,3,15007.2845,2,12804.2107,1,5529.9046,91.0,1.4142135623730951,0.6813186813186813,1,1.759544798722496,0.9973870422727042,0.0,0.0026129577272957,0.0,34,1
1468,2012-07-01,1,1,9803.5732,1,9803.5732,1,9803.5732,,,,0,,0.7592862059723284,0.1335134622139609,0.0845502739756153,0.0226500578380951,41,0
1470,2012-07-01,32,1,1147.4382,1,1147.4382,1,1147.4382,,,,0,,0.0,0.2934990311460783,0.6405283526380766,0.0659725726405134,14,0
1478,2012-07-01,1,4,11113.6235,3,9364.0355,1,5061.8179,91.0,1.7320508075688772,0.0109890109890109,1,1.6770313950988935,0.8425562823862082,0.1064649076873982,0.0437133127642843,0.0072654971621091,22,0
1480,2012-07-01,1,1,5662.2907,1,5662.2907,1,5662.2907,,,,0,,0.0,0.9038195089489136,0.0605297251870166,0.0356507658640698,28,0
1486,2012-07-01,1,1,14655.0936,1,14655.0936,1,14655.0936,,,,0,,0.8462969898738826,0.1537030101261175,0.0,0.0,24,0
1796,2012-07-01,1,1,4364.2719,1,4364.2719,1,4364.2719,,,,0,,0.5695574558496229,0.247671667752873,0.145767682348114,0.03700319404939,15,0
1802,2012-07-01,1,1,14560.3533,1,14560.3533,1,14560.3533,,,,0,,0.1403540050089306,0.8091206481919638,0.0394341324121578,0.0110912143869476,26,0
1822,2012-07-01,32,1,5948.2999,1,5948.2999,1,5948.2999,,,,0,,0.315918166802585,0.5519036624229386,0.119451929449623,0.01272623291909,41,0
1826,2012-07-01,32,1,2378.4486,1,2378.4486,1,2378.4486,,,,0,,0.0,0.9848666059043696,0.0151333940956302,0.0,24,0
1828,2012-07-01,1,5,7977.207,3,4152.4094000000005,1,149.031,91.25,1.5,0.010958904109589,1,0.0821625707137858,0.9589315157548248,0.041068484245175,0.0,0.0,17,0
1832,2012-07-01,1,1,53170.0479,1,53170.0479,1,53170.0479,,,,0,,0.6356026434950796,0.2875647682085312,0.0674752239220758,0.0093573641486224,20,0
1834,2012-07-01,1,1,48541.8313,1,48541.8313,1,48541.8313,,,,0,,0.6057768179009761,0.3133527865068412,0.0657906266507089,0.01507976910628,28,0
1840,2012-07-01,32,1,92716.9059,1,92716.9059,1,92716.9059,,,,0,,0.6545568417204914,0.3018385767120384,0.0371901204373559,0.0064144615723204,26,0
1850,2012-07-01,123,3,14357.4993,1,3762.2367,0,0.0,91.0,1.4142135623730951,1.3516483516483515,1,-1.0352219424666913,0.9502657402184236,0.0497342597815763,0.0,0.0,40,1
1858,2012-07-01,1,1,39373.2236,1,39373.2236,1,39373.2236,,,,0,,0.6491034531396611,0.3476209705115433,0.0028946067804313,0.0003809695683642,23,0
1860,2012-07-01,93,4,140874.514,2,67422.0979,0,0.0,91.0,1.7320508075688772,1.021978021978022,1,-0.0856637527048,0.924011109631938,0.0756651980357497,0.0003236923323121,0.0,31,1
1862,2012-07-01,32,1,367.8764,1,367.8764,1,367.8764,,,,0,,0.0,1.0,0.0,0.0,26,0
1864,2012-07-01,1,3,10149.2645,2,6099.2765,1,24.2945,136.5,62.932503525602726,0.0073260073260073,1,0.4093732960362235,0.99760627974569,0.00239372025431,0.0,0.0,34,0
1868,2012-07-01,1,1,54859.4922,1,54859.4922,1,54859.4922,,,,0,,0.6439518756610001,0.3489417479515058,0.0071063759500128,0.0,37,0
1876,2012-07-01,62,1,178.5808,1,178.5808,1,178.5808,,,,0,,0.0,1.0,0.0,0.0,12,0
1878,2012-07-01,32,1,36571.8493,1,36571.8493,1,36571.8493,,,,0,,0.8557500509004886,0.1207710926447462,0.0234788557985226,0.0,12,0
1882,2012-07-01,32,4,164320.2648,2,73841.4761,1,42262.6609,91.0,1.0,0.3516483516483517,1,-0.2031923735347707,0.9370908474826168,0.0576326140389715,0.0052765384297262,0.0,24,0
1884,2012-07-01,62,3,1022.856,1,419.4589,1,419.4589,136.5,64.34671708797582,0.4542124542124542,1,-0.3628846983888696,0.8201719499127933,0.1798280500872068,0.0,0.0,30,1
1896,2012-07-01,1,5,176958.7439,3,149786.4223,1,90172.6738,91.25,1.5,0.010958904109589,1,1.7069814358232378,0.863016080665116,0.1222912585332834,0.0106002945017513,0.0040923662998491,18,0
1898,2012-07-01,32,1,35699.5713,1,35699.5713,1,35699.5713,,,,0,,0.8085193588865308,0.1199637094801751,0.064067360159028,0.0074495701297118,24,0
1900,2012-07-01,1,5,131324.2061,3,97023.4665,1,50312.409,91.25,1.5,0.010958904109589,1,1.0397671085700253,0.8967936406965266,0.0964295378291268,0.0029339465391978,0.0038428749351487,30,0
1902,2012-07-01,1,1,165.231,1,165.231,1,165.231,,,,0,,0.0,1.0,0.0,0.0,36,1
1918,2012-07-01,123,3,3526.7160000000003,1,2923.3189,0,0.0,91.0,1.4142135623730951,1.3516483516483515,1,1.5765854456100863,0.8466459448393349,0.153354055160665,0.0,0.0,37,1
1924,2012-07-01,1,1,33.7745,1,33.7745,1,33.7745,,,,0,,0.0,1.0,0.0,0.0,18,0
1930,2012-07-01,62,4,72698.1611,2,20717.2188,1,12497.2834,91.0,1.0,0.6813186813186813,1,-0.9198829463648756,0.9235548480056396,0.0634953350972725,0.0076739822790373,0.0052758349619382,33,1
1934,2012-07-01,62,4,83457.10889999999,2,50965.6786,1,29522.6946,91.0,1.0,0.6813186813186813,1,0.4501649100459453,0.9478378527919508,0.0478362556841458,0.0026327403728216,0.0016931511510818,30,1
1936,2012-07-01,93,4,84948.75,2,51664.2353,0,0.0,91.0,1.7320508075688772,1.021978021978022,1,0.4396628156413396,0.9677729996027016,0.0322270003972983,0.0,0.0,22,1
1944,2012-07-01,1,1,50912.9359,1,50912.9359,1,50912.9359,,,,0,,0.7824577054099919,0.2175422945900081,0.0,0.0,16,0
1946,2012-07-01,1,5,93840.7942,3,54356.5352,1,469.794,91.25,1.5,0.010958904109589,1,0.3196558337106125,0.9594170378408838,0.040582962159116,0.0,0.0,21,0
1948,2012-07-01,32,2,33299.5504,1,33293.8504,1,33293.8504,273.0,,0.1172161172161172,1,8.511050494971,0.8032113130272174,0.1904568897723015,0.0063317972004811,0.0,13,0
1952,2012-07-01,32,1,24.2945,1,24.2945,1,24.2945,,,,0,,0.0,1.0,0.0,0.0,25,0
1956,2012-07-01,93,4,88310.81790000001,2,50614.153900000005,0,0.0,91.0,1.7320508075688772,1.021978021978022,1,0.2946528859772392,0.92733575056154,0.0615029203573937,0.0052181274158485,0.0059432016652175,37,1
1962,2012-07-01,1,1,147390.9328,1,147390.9328,1,147390.9328,,,,0,,0.7997788613018398,0.1729342959962595,0.0232954372550113,0.0039914056368601,26,0
1964,2012-07-01,32,1,1438.851,1,1438.851,1,1438.851,,,,0,,0.8343636693444978,0.1406205368033243,0.0250157938521778,0.0,20,0
1968,2012-07-01,62,4,79940.3738,2,42158.7323,1,22996.4942,91.0,1.0,0.6813186813186813,1,0.1096157770172343,0.875340916907246,0.1065206740376788,0.0108153447238446,0.0073230643312303,13,0
1970,2012-07-01,1,5,197305.3575,3,105547.7023,1,38189.0587,91.25,1.5,0.010958904109589,1,0.1400106624813091,0.8474611476274788,0.1512729369246853,0.0009092449504317,0.000356670497404,13,0
1972,2012-07-01,1,1,53415.9425,1,53415.9425,1,53415.9425,,,,0,,0.7004894840150017,0.2935363445098811,0.0059741714751171,0.0,33,0
1976,2012-07-01,32,1,70717.297,1,70717.297,1,70717.297,,,,0,,0.6642307863096067,0.2819626448674925,0.0462021348468678,0.0076044341740041,32,0
1980,2012-07-01,93,4,276526.4031,2,128926.0103,0,0.0,91.0,1.7320508075688772,1.021978021978022,1,-0.1352689158342528,0.9707001031034638,0.0281878652910449,0.001039031162229,7.300026244763315e-05,12,1
1982,2012-07-01,1,1,93591.6217,1,93591.6217,1,93591.6217,,,,0,,0.82809897074366,0.1504465361775006,0.0187122764643792,0.00274221661446,12,0
1986,2012-07-01,32,1,2278.1544,1,2278.1544,1,2278.1544,,,,0,,0.2844381399258979,0.7155618600741022,0.0,0.0,24,0
1988,2012-07-01,1,1,688.7667,1,688.7667,1,688.7667,,,,0,,0.0,0.7648231251597966,0.2351768748402035,0.0,30,0
1992,2012-07-01,1,5,253508.2852,3,196696.8143,1,86402.2489,91.25,1.5,0.010958904109589,1,1.241912753761481,0.878580967972245,0.1069896369603939,0.0112283260239575,0.0032010689487319,42,0
292,2012-10-01,62,3,32614.5142,2,28534.5262,1,27429.5294,92.0,0.0,0.6739130434782609,1,1.944810728366724,0.716401636606318,0.2060242093074009,0.0668858745410961,0.010688278165431,16,0
296,2012-10-01,62,4,243920.6405,2,121571.5262,1,61492.5041,91.33333333333331,1.1547005383792526,0.6788321167883212,1,-0.0063757159439408,0.8983620453390864,0.0964969702922701,0.0034030564133419,0.0017379279553015,13,0
298,2012-10-01,62,4,36625.6782,2,11359.7098,1,2269.2651,91.33333333333331,1.1547005383792526,0.6788321167883212,1,-0.7993370521259902,0.8308610002749381,0.1658522134888412,0.0032867869188016,0.0,18,0
302,2012-10-01,32,4,60407.4379,2,1545.6433000000002,1,812.4274,91.0,1.0,0.3516483516483517,1,-3.6391222507441032,0.9622262923354344,0.0302794136547876,0.0048209146112452,0.0026733793985326,30,0
304,2012-10-01,62,1,2112.5395,1,2112.5395,1,2112.5395,,,,0,,0.5883212124554358,0.4116787875445643,0.0,0.0,22,0
312,2012-10-01,154,1,722.5949,1,722.5949,0,0.0,,,,0,,0.0,1.0,0.0,0.0,32,0
318,2012-10-01,32,4,247370.3118,2,153522.2917,1,72887.4109,91.0,1.0,0.3516483516483517,1,0.4921649711270248,0.9002282575123471,0.0798731166736557,0.0168007840947387,0.0030978417111733,31,0
320,2012-10-01,154,3,2427.5078,1,776.3569,0,0.0,91.0,1.4142135623730951,1.6923076923076923,1,-0.7539337180680983,0.7059552187638697,0.2940447812361303,0.0,0.0,36,1
324,2012-10-01,62,1,44017.9573,1,44017.9573,1,44017.9573,,,,0,,0.750610051593648,0.1950831371268561,0.0487982855578807,0.0055085245857149,33,0
326,2012-10-01,32,2,389.385,2,389.385,1,209.256,92.0,,0.3478260869565217,0,,0.0,1.0,0.0,0.0,25,0
332,2012-10-01,1,2,5281.7027,2,5281.7027,1,4038.8509,92.0,,0.0108695652173913,0,,0.4706254291821461,0.525058917079903,0.0043156537379508,0.0,15,0
334,2012-10-01,154,3,142529.99430000002,1,17671.8447,0,0.0,91.0,1.4142135623730951,1.6923076923076923,1,-1.9551570350290584,0.9091042100392478,0.0893361180749026,0.0015596717104478,0.0,37,1
340,2012-10-01,1,5,337365.3269,2,83814.85070000001,1,36401.1336,91.25,1.5,0.010958904109589,1,-1.1069447255836238,0.837695199115022,0.1365017772370252,0.0208791105379003,0.0049239129440601,13,0
342,2012-10-01,62,4,3592.89,2,571.134,1,214.236,91.33333333333331,1.1547005383792526,0.6788321167883212,1,-1.6645510473217362,0.8410377161560749,0.1589622838439251,0.0,0.0,12,0
344,2012-10-01,1,5,187205.4537,2,98600.235,1,49380.0704,91.25,1.5,0.010958904109589,1,0.1068817432495947,0.903387042190641,0.0758322865035208,0.0156257306728238,0.0051549406330142,18,0
348,2012-10-01,93,4,99799.276,1,2458.9178,0,0.0,91.0,1.7320508075688772,1.021978021978022,1,-3.6780960227100143,0.8389707937360186,0.1494385851055673,0.0059270329776741,0.0056635881807399,13,0
352,2012-10-01,1,2,108237.3618,2,108237.3618,1,44583.9686,92.0,,0.0108695652173913,0,,0.846660702700165,0.1529235998063655,0.0004156974934693,0.0,34,0
356,2012-10-01,93,4,202546.663,1,340.9898,0,0.0,91.0,1.7320508075688772,1.021978021978022,1,-6.382264675934841,0.8859917370843083,0.1137831295695056,0.0002251333066889,0.0,16,0
362,2012-10-01,154,3,8241.5787,1,1619.52,0,0.0,91.0,1.4142135623730951,1.6923076923076923,1,-1.4078102171234637,0.2457046245278225,0.7542953754721774,0.0,0.0,17,1
366,2012-10-01,32,2,13190.0672,2,13190.0672,1,6185.5671,92.0,,0.3478260869565217,0,,0.7728944550032316,0.1530803497346852,0.0659904219441732,0.0080347755923487,41,0
368,2012-10-01,1,5,143456.1764,2,23181.3961,1,6941.8359,91.25,1.5,0.010958904109589,1,-1.646394073343746,0.9736516705320468,0.0116076424298173,0.0136149634614128,0.0011257235767229,33,0
370,2012-10-01,1,5,209681.0709,2,80992.6977,1,41005.0451,91.25,1.5,0.010958904109589,1,-0.463030195401851,0.8864662890273325,0.0879262840506601,0.020880097164746,0.0047273294424976,24,0
372,2012-10-01,1,5,294906.9774,2,138455.9117,1,66436.2142,91.25,1.5,0.010958904109589,1,-0.1221905032427344,0.8811251808652527,0.097486680557596,0.0183822158051117,0.0030059224363404,30,0
376,2012-10-01,154,3,194673.9391,1,29445.9841,0,0.0,91.0,1.4142135623730951,1.6923076923076923,1,-1.7247406207422564,0.8732861768039295,0.1192925730447707,0.004103045346967,0.0033182048043327,22,1
382,2012-10-01,62,1,183.9382,1,183.9382,1,183.9382,,,,0,,0.0,1.0,0.0,0.0,36,0
386,2012-10-01,62,1,4356.8575,1,4356.8575,1,4356.8575,,,,0,,0.0,1.0,0.0,0.0,37,0
388,2012-10-01,62,4,47070.0551,2,22694.5072,1,9020.689,91.33333333333331,1.1547005383792526,0.6788321167883212,1,-0.0714545342637631,0.9281249832231449,0.0629663826333613,0.0067643303013681,0.0021443038421257,40,0
390,2012-10-01,32,1,2485.7036,1,2485.7036,1,2485.7036,,,,0,,1.0,0.0,0.0,0.0,14,1
392,2012-10-01,32,4,32499.0915,2,19660.8539,1,3863.8275,91.0,1.0,0.3516483516483517,1,0.4261744887884848,0.6641469346920051,0.3012740740768092,0.0322497107342216,0.0023292789584595,41,0
398,2012-10-01,62,1,2521.6976,1,2521.6976,1,2521.6976,,,,0,,0.9857262821680124,0.0,0.0142737178319874,0.0,39,0
412,2012-10-01,1,5,21943.2229,2,11761.9063,1,4940.797,91.25,1.5,0.010958904109589,1,0.1442984972072185,0.7462276519097839,0.1908845578012152,0.0564481938521437,0.006439596436857,11,0
414,2012-10-01,1,2,24443.2258,2,24443.2258,1,9138.3399,92.0,,0.0108695652173913,0,,0.908661474624188,0.0210624409483628,0.0653209692151189,0.0049551152123301,16,0
418,2012-10-01,1,4,3766.016,2,1683.3411999999998,1,1503.2122,121.66666666666669,51.3841739578767,0.0082191780821917,1,-0.2127585575258761,0.5377019109849772,0.4409294065665148,0.0213686824485079,0.0,25,0
422,2012-10-01,1,2,50790.9013,2,50790.9013,1,33644.3587,92.0,,0.0108695652173913,0,,0.6558913141397631,0.3423882852025703,0.0017204006576666,0.0,20,0
428,2012-10-01,1,2,27762.6667,2,27762.6667,1,8218.6358,92.0,,0.0108695652173913,0,,0.8890690713079086,0.0466075184340991,0.0577794252379941,0.0065439859204879,28,0
432,2012-10-01,62,1,56817.8354,1,56817.8354,1,56817.8354,,,,0,,0.7969701974954153,0.1717423821464342,0.0255561830150255,0.0057312373431248,12,0
440,2012-10-01,32,4,96965.0384,2,56578.9556,1,28570.8366,91.0,1.0,0.3516483516483517,1,0.3371447799750786,0.8235458606284634,0.1236062275410804,0.0444522654260094,0.0083956459300489,18,0
452,2012-10-01,1,5,11073.2885,2,5911.4071,1,1597.9839,91.25,1.5,0.010958904109589,1,0.1355582067281737,0.7336869530672844,0.2075804129911362,0.0459717002767515,0.0127609336648277,34,0
454,2012-10-01,93,4,13333.5348,1,469.794,0,0.0,91.0,1.7320508075688772,1.021978021978022,1,-3.307824945785521,0.9978370026828896,0.0,0.0021629973171105,0.0,29,1
466,2012-10-01,1,5,39773.891,2,7261.187,1,1366.2229,91.25,1.5,0.010958904109589,1,-1.4989806388573437,0.9714211390582832,0.0217016358796779,0.0068772250620388,0.0,28,0
472,2012-10-01,62,1,54801.3542,1,54801.3542,1,54801.3542,,,,0,,0.6152238661284761,0.3174918659218096,0.0582893081134845,0.0089949590333298,14,0
474,2012-10-01,1,2,127314.4076,2,127314.4076,1,59569.2312,92.0,,0.0108695652173913,0,,0.7330326029809057,0.2656099512809577,0.0013574457381365,0.0,22,0
478,2012-10-01,62,4,338011.2199,2,155016.77539999998,1,112287.2527,91.33333333333331,1.1547005383792526,0.6788321167883212,1,-0.165921468744953,0.8007597914858445,0.1951224643356875,0.0027441522511424,0.0013735919776194,34,0
484,2012-10-01,32,3,946.9337,2,527.4748,1,469.794,136.5,62.932503525602726,0.2344322344322344,1,0.2286483882029779,0.9390867597171796,0.0,0.0609132402828202,0.0,33,0
492,2012-10-01,62,1,288.117,1,288.117,1,288.117,,,,0,,0.0,0.6251939316319411,0.3748060683680588,0.0,15,0
494,2012-10-01,1,3,6487.845,2,4340.883,1,1998.4284,182.5,127.9863273947651,0.0054794520547945,1,0.7037886393703632,0.330920667802637,0.6690793321973628,0.0,0.0,37,0
496,2012-10-01,32,4,17864.8318,2,12311.2733,1,3784.6176,91.0,1.0,0.3516483516483517,1,0.7959776521607012,0.7931184496234663,0.1472762984535908,0.0545204405450937,0.0050848136168849,33,0
498,2012-10-01,1,5,68673.48879999999,2,17632.8504,1,11405.6226,91.25,1.5,0.010958904109589,1,-1.0628213658171664,0.9738832272636774,0.0151626707510453,0.0109541019852773,0.0,38,0
504,2012-10-01,62,1,1263.0383,1,1263.0383,1,1263.0383,,,,0,,0.984017507624274,0.0,0.0,0.015982492375726,32,0
506,2012-10-01,62,1,4262.9036,1,4262.9036,1,4262.9036,,,,0,,0.6612309975763938,0.3225327919683664,0.0067654356528259,0.009470774802414,24,0
510,2012-10-01,62,1,53.994,1,53.994,1,53.994,,,,0,,0.0,0.0,1.0,0.0,18,0
512,2012-10-01,62,4,26653.138700000003,2,11866.0957,1,7951.1594,91.33333333333331,1.1547005383792526,0.6788321167883212,1,-0.2200494458025108,0.8995211359478649,0.0442210545356896,0.0489914036278211,0.0072664049881674,26,0
516,2012-10-01,62,1,34982.3068,1,34982.3068,1,34982.3068,,,,0,,0.7744661938646082,0.1683958731961038,0.0490061647964278,0.0081317679141731,16,0
518,2012-10-01,32,4,226350.8861,2,153068.84509999998,1,75002.6273,91.0,1.0,0.3516483516483517,1,0.7365651032805012,0.885889736041992,0.0913658049072687,0.0188232939901886,0.0039211650340431,21,0
520,2012-10-01,62,4,79074.5232,2,24383.6867,1,469.794,91.33333333333331,1.1547005383792526,0.6788321167883212,1,-0.8077591159569266,0.9327800461527158,0.0667093848502649,0.0,0.0005105689970192,13,0
526,2012-10-01,62,1,491.406,1,491.406,1,491.406,,,,0,,0.0,1.0,0.0,0.0,17,0
534,2012-10-01,32,2,123993.9748,2,123993.9748,1,52719.4376,92.0,,0.3478260869565217,0,,0.7322359560651812,0.2141495773712385,0.0461418366918906,0.0074726298716895,13,0
536,2012-10-01,1,4,1743.3778000000002,2,298.188,1,88.932,121.66666666666669,51.3841739578767,0.0082191780821917,1,-1.57561551440544,0.0,1.0,0.0,0.0,13,0
540,2012-10-01,93,1,2554.0856,1,2554.0856,0,0.0,,,,0,,0.9732264259271498,0.0,0.0267735740728501,0.0,13,0
544,2012-10-01,62,4,31429.7846,2,15367.3854,1,11056.6441,91.33333333333331,1.1547005383792526,0.6788321167883212,1,-0.0442308391753627,0.7586903284090594,0.207809279736521,0.0290044813097446,0.0044959105446748,14,0
546,2012-10-01,1,2,2023.476,2,2023.476,1,1153.7883,92.0,,0.0108695652173913,0,,0.0,0.9860350209243894,0.0139649790756104,0.0,12,0
548,2012-10-01,32,2,175183.0232,2,175183.0232,1,86493.3807,92.0,,0.3478260869565217,0,,0.846525656374219,0.1326284846304673,0.0177216276514173,0.0031242313324799,12,0
556,2012-10-01,1,2,15930.9072,2,15930.9072,1,7477.5973,92.0,,0.0108695652173913,0,,0.6694109548262261,0.2513167172300143,0.0716695594083932,0.0076027685353662,41,0
558,2012-10-01,32,2,1666.8438,2,1666.8438,1,40.373,92.0,,0.3478260869565217,0,,0.0,0.9368822681525408,0.0388965060793338,0.0242212257681253,38,0
560,2012-10-01,62,1,6423.515,1,6423.515,1,6423.515,,,,0,,0.967423443395088,0.0325765566049117,0.0,0.0,30,0
562,2012-10-01,1,2,105800.3638,2,105800.3638,1,47565.7446,92.0,,0.0108695652173913,0,,0.7889275934606947,0.1451721369222739,0.0546100317662612,0.0112902377751559,14,0
568,2012-10-01,32,2,912.705,2,912.705,1,264.711,92.0,,0.3478260869565217,0,,0.7099709106447318,0.2151067431426364,0.0749223462126316,0.0,36,0
570,2012-10-01,32,2,67132.3274,2,67132.3274,1,29482.0603,92.0,,0.3478260869565217,0,,0.8210915193147319,0.1677702075319379,0.0111382727809314,0.0,42,0
584,2012-10-01,32,3,6799.823,1,183.9382,1,183.9382,136.5,65.76093065034893,0.2344322344322344,1,-3.5773582489424403,0.3157379243547957,0.6797679145471874,0.0015254808838406,0.0029686802141761,28,0
590,2012-10-01,32,2,20013.5548,2,20013.5548,1,6919.2582,92.0,,0.3478260869565217,0,,0.8006146114532335,0.105243222458411,0.0858208657664354,0.0083212998222584,26,0
592,2012-10-01,32,4,336746.332,2,228318.4022,1,77480.9635,91.0,1.0,0.3516483516483517,1,0.744650601996824,0.8164523351155611,0.161897226616265,0.0179528356852302,0.0036976026809402,35,0
598,2012-10-01,1,2,200016.0329,2,200016.0329,1,95134.0915,92.0,,0.0108695652173913,0,,0.8334286651077759,0.1517569589792619,0.0114284698424293,0.0033859060705328,15,0
600,2012-10-01,1,5,238355.4057,2,85840.5047,1,43444.0996,91.25,1.5,0.010958904109589,1,-0.5747662321715463,0.9474270639543544,0.0513389292097771,0.0004717900131937,0.0007622168226747,37,0
602,2012-10-01,1,2,101780.0974,2,101780.0974,1,52295.4773,92.0,,0.0108695652173913,0,,0.8901403281620361,0.0853863527546594,0.0198560313030315,0.0046172877802728,12,0
604,2012-10-01,1,2,1770.2352,2,1770.2352,1,325.8977,92.0,,0.0108695652173913,0,,0.0,0.5261722849031586,0.3597948453403253,0.1140328697565159,17,0
608,2012-10-01,1,5,33183.334800000004,2,8692.9068,1,5031.8056,91.25,1.5,0.010958904109589,1,-1.0357007663058957,0.958163924501042,0.0344511034496749,0.007384972049283,0.0,29,0
610,2012-10-01,1,1,6214.259,1,6214.259,1,6214.259,,,,0,,1.0,0.0,0.0,0.0,14,1
612,2012-10-01,154,3,74607.2418,1,13125.6019,0,0.0,91.0,1.4142135623730951,1.6923076923076923,1,-1.544114006361685,0.8376298498948127,0.1619255143138128,0.0004446351211981,0.0,23,0
620,2012-10-01,1,1,235.266,1,235.266,1,235.266,,,,0,,0.0,1.0,0.0,0.0,26,0
622,2012-10-01,1,2,85630.295,2,85630.295,1,22534.867,92.0,,0.0108695652173913,0,,0.6566862524997725,0.2553416311365037,0.0752648586811478,0.0127072581497004,20,0
628,2012-10-01,1,2,713.5958,2,713.5958,1,647.994,92.0,,0.0108695652173913,0,,0.9080686853818366,0.0919313146181633,0.0,0.0,20,0
632,2012-10-01,154,3,18498.4455,1,2238.4935,0,0.0,91.0,1.4142135623730951,1.6923076923076923,1,-1.9825169267638223,0.9984593300015396,0.0,0.0015406699984601,0.0,28,1
634,2012-10-01,1,2,14049.2365,2,14049.2365,1,7516.704,92.0,,0.0108695652173913,0,,0.8159143452386184,0.1840856547613815,0.0,0.0,34,0
638,2012-10-01,62,1,8610.1714,1,8610.1714,1,8610.1714,,,,0,,0.8629706256486369,0.0442268779922313,0.0810800235637585,0.0117224727953731,23,0
640,2012-10-01,32,2,9956.7027,2,9956.7027,1,6174.861,92.0,,0.3478260869565217,0,,0.9932167302735676,0.0067832697264326,0.0,0.0,18,0
642,2012-10-01,62,4,98892.4239,2,69146.214,1,59292.4303,91.33333333333331,1.1547005383792526,0.6788321167883212,1,0.8435024253532024,0.7815237249938617,0.1694227306729004,0.0391958987264746,0.0098576459303471,38,0
648,2012-10-01,62,4,247042.0577,2,146731.4113,1,96577.143,91.33333333333331,1.1547005383792526,0.6788321167883212,1,0.3803287927898129,0.8826547743736672,0.0960808982121751,0.0157510275142109,0.0055132998351802,19,0
650,2012-10-01,93,1,1308.9375,1,1308.9375,0,0.0,,,,0,,1.0,0.0,0.0,0.0,24,0
654,2012-10-01,154,3,83736.27040000001,1,14950.9625,0,0.0,91.0,1.4142135623730951,1.6923076923076923,1,-1.5261621499277371,0.8276183043972782,0.1720413415976549,0.0003403543036232,0.0,31,0
658,2012-10-01,62,1,202.332,1,202.332,1,202.332,,,,0,,0.0,1.0,0.0,0.0,28,0
662,2012-10-01,32,4,276086.152,2,216537.3294,1,99262.9841,91.0,1.0,0.3516483516483517,1,1.2909542560935243,0.7943684014980947,0.2055804229543537,5.117569243386028e-05,0.0,31,0
664,2012-10-01,32,2,116919.6668,2,116919.6668,1,51197.9881,92.0,,0.3478260869565217,0,,0.7762421595611321,0.1786681143706441,0.0391791340616444,0.0059105916815698,27,0
668,2012-10-01,62,4,127286.0791,2,45590.4054,1,39367.0149,91.33333333333331,1.1547005383792526,0.6788321167883212,1,-0.5832940667649034,0.9209503242919832,0.0609646487256751,0.0141292644703673,0.0039557625119744,24,0
672,2012-10-01,62,4,117218.1063,2,69752.0119,1,44013.7502,91.33333333333331,1.1547005383792526,0.6788321167883212,1,0.3849238796260739,0.8972320362421689,0.0813373053101438,0.0175957091024938,0.0038349493451934,30,0
684,2012-10-01,32,2,19676.5737,2,19676.5737,1,7536.3114,92.0,,0.3478260869565217,0,,0.8788512809016134,0.0952368805957309,0.0259118380960807,0.0,33,0
686,2012-10-01,154,3,43518.504700000005,1,8912.6663,0,0.0,91.0,1.4142135623730951,1.6923076923076923,1,-1.3564656658247325,0.9967138645735684,0.0,0.0032861354264315,0.0,38,1
692,2012-10-01,32,2,74795.75690000001,2,74795.75690000001,1,29731.4902,92.0,,0.3478260869565217,0,,0.7169802462417489,0.2782596053921342,0.0047601483661167,0.0,38,0
694,2012-10-01,62,4,36715.6139,2,19193.6401,1,149.031,91.33333333333331,1.1547005383792526,0.6788321167883212,1,0.0911182700551922,0.8767586696950205,0.0982168352086304,0.0151279698471826,0.0098965252491665,32,0
698,2012-10-01,124,3,39799.577000000005,1,1308.9375,0,0.0,90.5,0.7071067811865476,1.3701657458563536,1,-3.380461635716598,0.9268546195855296,0.0549142821291794,0.0111302439219391,0.0071008543633516,20,0
700,2012-10-01,93,1,1485.8823,1,1485.8823,0,0.0,,,,0,,0.8364402752492576,0.1635597247507423,0.0,0.0,23,0
702,2012-10-01,62,1,12931.2387,1,12931.2387,1,12931.2387,,,,0,,0.8355937316353151,0.1644062683646849,0.0,0.0,15,0
710,2012-10-01,1,2,25485.5508,2,25485.5508,1,7540.9104,92.0,,0.0108695652173913,0,,0.5290483186260978,0.3839254005842401,0.0791055161342638,0.0079207626935023,29,0
716,2012-10-01,62,4,17229.8273,2,11162.4622,1,7200.2181,91.33333333333331,1.1547005383792526,0.6788321167883212,1,0.6095569140445942,0.9017046909112084,0.0575859515434609,0.0407093575453307,0.0,11,0
722,2012-10-01,32,1,469.794,1,469.794,1,469.794,,,,0,,1.0,0.0,0.0,0.0,28,0
724,2012-10-01,154,3,20243.4648,1,3014.6391,0,0.0,91.0,1.4142135623730951,1.6923076923076923,1,-1.7428301532301091,0.9915955839733522,0.0,0.0084044160266477,0.0,34,1
726,2012-10-01,62,3,2307.5795,2,2163.3775,1,1259.7431,137.0,63.63961030678928,0.4525547445255474,1,2.701762193823364,0.3790959314727835,0.5021758080274158,0.0749887056978968,0.0437395548019039,40,0
728,2012-10-01,1,5,29335.8122,2,8865.188999999998,1,4610.739,91.25,1.5,0.010958904109589,1,-0.83679463957297,0.9683568536070736,0.0238178167775426,0.0078253296153838,0.0,14,0
732,2012-10-01,1,2,9050.6648,2,9050.6648,1,3554.6638,92.0,,0.0108695652173913,0,,0.4671641358323202,0.4193182582565647,0.0979048853958219,0.0156127205152929,11,0
734,2012-10-01,62,1,4950.8203,1,4950.8203,1,4950.8203,,,,0,,0.7531187104488523,0.2088273129202447,0.0380539766309029,0.0,16,0
738,2012-10-01,1,5,57085.8807,2,12334.7127,1,2709.6518,91.25,1.5,0.010958904109589,1,-1.2886413634839702,0.9777999220742511,0.0109198105092911,0.0112802674164576,0.0,27,0
740,2012-10-01,154,3,8952.1417,1,3427.4236,0,0.0,91.0,1.4142135623730951,1.6923076923076923,1,-0.477312648112342,1.0,0.0,0.0,0.0,32,1
742,2012-10-01,124,3,7015.4433,1,4007.4786,0,0.0,90.5,0.7071067811865476,1.3701657458563536,1,0.2868157017244179,0.7903780364100442,0.2096219635899558,0.0,0.0,24,1
744,2012-10-01,32,2,16886.6921,2,16886.6921,1,6413.6311,92.0,,0.3478260869565217,0,,0.8800213749381977,0.0656983613741616,0.0444181308901818,0.0098621322052766,29,0
746,2012-10-01,1,2,30349.579,2,30349.579,1,14495.9644,92.0,,0.0108695652173913,0,,0.805704016520295,0.1559075201669189,0.035727932173293,0.0026605311394929,21,0
752,2012-10-01,62,4,54607.1878,2,15929.5018,1,12625.0615,91.33333333333331,1.1547005383792526,0.6788321167883212,1,-0.887053075223891,0.9723832317547032,0.0241729349776184,0.0034438323520479,0.0,23,0
754,2012-10-01,154,3,26614.4979,1,8573.7455,0,0.0,91.0,1.4142135623730951,1.6923076923076923,1,-0.743867336295029,0.9987214900642556,0.0,0.0012785099357444,0.0,15,1
762,2012-10-01,32,2,181591.2542,2,181591.2542,1,72337.8288,92.0,,0.3478260869565217,0,,0.8315983339466356,0.1665609555991491,0.0017581072469953,8.260309708241445e-05,32,0
764,2012-10-01,62,4,213812.8863,2,64579.610100000005,1,39972.1321,91.33333333333331,1.1547005383792526,0.6788321167883212,1,-0.8376031821462089,0.8190053478783238,0.1690346939580133,0.0064443477839155,0.0055156105340878,40,0
766,2012-10-01,93,1,209.256,1,209.256,0,0.0,,,,0,,0.0,1.0,0.0,0.0,35,0
768,2012-10-01,32,2,116298.0489,2,116298.0489,1,44166.0665,92.0,,0.3478260869565217,0,,0.7420326653476643,0.2000503268976166,0.0491110454218462,0.0088059624360559,25,0
776,2012-10-01,62,1,784.056,1,784.056,1,784.056,,,,0,,0.599184241941902,0.4008157580580979,0.0,0.0,26,0
778,2012-10-01,154,1,722.5949,1,722.5949,0,0.0,,,,0,,0.0,1.0,0.0,0.0,20,1
780,2012-10-01,1,5,99147.3479,2,42069.5795,1,20859.9112,91.25,1.5,0.010958904109589,1,-0.3050835434726071,0.7649682306832536,0.221826027279949,0.0089301208630715,0.0042756211737258,14,0
782,2012-10-01,1,2,74603.9277,2,74603.9277,1,34718.3544,92.0,,0.0108695652173913,0,,0.7339189342439942,0.1753626491705476,0.0778417956136644,0.0128766209717936,29,0
786,2012-10-01,62,1,146154.5653,1,146154.5653,1,146154.5653,,,,0,,0.7664633899465336,0.2084403331053525,0.0206922403949019,0.0044040362247924,32,0
788,2012-10-01,62,4,140340.8875,2,59609.007300000005,1,47871.2182,91.33333333333331,1.1547005383792526,0.6788321167883212,1,-0.3033224620238659,0.8130829557779445,0.1474952614931981,0.0325765079332279,0.0068452752231597,40,0
790,2012-10-01,1,5,277295.0671,2,130732.0692,1,51103.1263,91.25,1.5,0.010958904109589,1,-0.114304574107253,0.8303706826380829,0.1416045940183982,0.0209678937343058,0.0070568294649623,35,0
792,2012-10-01,32,2,107040.673,2,107040.673,1,43807.0013,92.0,,0.3478260869565217,0,,0.726955331867168,0.2118934099003656,0.0557569667933608,0.0053942908225175,25,0
794,2012-10-01,1,5,254735.4738,2,96305.2849,1,44241.9264,91.25,1.5,0.010958904109589,1,-0.4977867791857715,0.8539048612396284,0.1072568079836864,0.0293063652762444,0.0095319653120098,38,0
798,2012-10-01,62,1,103299.6849,1,103299.6849,1,103299.6849,,,,0,,0.7439576013459844,0.220721325569116,0.0286291155956856,0.0066919575666585,32,0
800,2012-10-01,154,3,50935.7917,1,25670.3574,0,0.0,91.0,1.4142135623730951,1.6923076923076923,1,0.015899064963909,0.8812590243885421,0.1026843448474366,0.0109045659537672,0.005152064810254,26,1
802,2012-10-01,62,1,6700.1106,1,6700.1106,1,6700.1106,,,,0,,0.4207041000188862,0.4889196754453576,0.066273338831153,0.0241028857046031,15,0
804,2012-10-01,154,3,178300.5951,1,28786.7176,0,0.0,91.0,1.4142135623730951,1.6923076923076923,1,-1.6474470789750786,0.8863972546550406,0.1130912495759808,0.0005114957689785,0.0,26,1
808,2012-10-01,1,2,155415.4504,2,155415.4504,1,66141.7711,92.0,,0.0108695652173913,0,,0.6353346938535784,0.3127176206027969,0.0429194348813597,0.009028250437062,29,0
812,2012-10-01,62,4,139469.0374,2,80931.5122,1,51710.6749,91.33333333333331,1.1547005383792526,0.6788321167883212,1,0.323930536750769,0.930015183427372,0.0528357665426892,0.0120327101361352,0.0051163398938035,28,0
814,2012-10-01,62,4,267701.19550000003,2,160840.8052,1,112722.8945,91.33333333333331,1.1547005383792526,0.6788321167883212,1,0.4088887286163203,0.9002023037285987,0.0994882676943443,0.0003094285770569,0.0,33,0
816,2012-10-01,1,5,386167.9032,2,204812.4596,1,97455.6692,91.25,1.5,0.010958904109589,1,0.1216352153181983,0.8833210496609704,0.108129674822752,0.0060741630274361,0.0024751124888413,25,0
820,2012-10-01,32,4,49391.227300000006,2,751.569,1,67.539,91.0,1.0,0.3516483516483517,1,-4.168722363905232,0.9576069898550588,0.0423930101449412,0.0,0.0,22,0
822,2012-10-01,1,1,1409.382,1,1409.382,1,1409.382,,,,0,,1.0,0.0,0.0,0.0,14,0
826,2012-10-01,62,4,8708.697100000001,2,4616.7806,1,324.4527,91.33333333333331,1.1547005383792526,0.6788321167883212,1,0.1206564034411279,0.3853241376370754,0.6146758623629244,0.0,0.0,13,0
828,2012-10-01,62,4,316097.4282,2,130041.7343,1,89333.293,91.33333333333331,1.1547005383792526,0.6788321167883212,1,-0.3581883113614488,0.785154919729271,0.1936080188835905,0.0168169937802739,0.0044200675973737,33,0
832,2012-10-01,1,5,174065.4227,2,116010.6376,1,46280.8779,91.25,1.5,0.010958904109589,1,0.6922861498416388,0.8375169539056305,0.1622395359282346,0.0002435101661347,0.0,21,0
846,2012-10-01,1,5,25367.1533,2,17048.427900000002,1,10244.7396,91.25,1.5,0.010958904109589,1,0.7174873994336153,0.6264177305224075,0.3719907231372311,0.0,0.0015915463403613,13,0
848,2012-10-01,1,2,70489.6809,2,70489.6809,1,24644.2293,92.0,,0.0108695652173913,0,,0.6981213628958277,0.2960580404613521,0.00582059664282,0.0,33,0
852,2012-10-01,32,4,140402.9765,2,82086.00779999999,1,34681.7052,91.0,1.0,0.3516483516483517,1,0.3418694986114037,0.7084312874235967,0.2358860846514888,0.0477107774136113,0.0079718501979194,32,0
862,2012-10-01,62,1,55601.855,1,55601.855,1,55601.855,,,,0,,0.7735339297582787,0.2151169578784736,0.0113491125071276,0.0,13,0
864,2012-10-01,62,4,50989.615000000005,2,19004.945,1,202.332,91.33333333333331,1.1547005383792526,0.6788321167883212,1,-0.5205361650398324,0.8552165867500665,0.1200227340410395,0.0152592150381994,0.0095014641706943,33,1
872,2012-10-01,62,1,20.52,1,20.52,1,20.52,,,,0,,0.0,1.0,0.0,0.0,14,0
874,2012-10-01,32,2,86670.7369,2,86670.7369,1,41679.2782,92.0,,0.3478260869565217,0,,0.651865862928875,0.2635678109712714,0.0721067580308065,0.012459568322881,22,0
878,2012-10-01,62,4,108177.7396,2,42460.6161,1,9146.6459,91.33333333333331,1.1547005383792526,0.6788321167883212,1,-0.4367742225535913,0.8959171124333606,0.1038162855087055,0.0002666019839815,0.0,21,0
882,2012-10-01,154,3,89259.8604,1,14076.1511,0,0.0,91.0,1.4142135623730951,1.6923076923076923,1,-1.6753948828947358,0.8977062941944731,0.1019744133500795,0.0003192924554473,0.0,14,1
886,2012-10-01,62,1,780.8182,1,780.8182,1,780.8182,,,,0,,0.0,1.0,0.0,0.0,17,1
892,2012-10-01,1,2,2529.0176,2,2529.0176,1,20.52,92.0,,0.0108695652173913,0,,0.9828731915507428,0.0081138225372571,0.0090129859119999,0.0,28,0
896,2012-10-01,154,3,20156.3281,1,3847.1761,0,0.0,91.0,1.4142135623730951,1.6923076923076923,1,-1.444188440235843,0.9983032636286566,0.0,0.0016967376116486,0.0,27,1
898,2012-10-01,93,4,7314.5188,1,2180.4192,0,0.0,91.0,1.7320508075688772,1.021978021978022,1,-0.8561235653315578,0.7621900158353548,0.2338670863762083,0.0039428977884368,0.0,32,1
900,2012-10-01,1,5,54467.0945,2,1571.1237,1,314.4612,91.25,1.5,0.010958904109589,1,-3.515918693986171,0.9685635792450796,0.003604543289894,0.025237549618146,0.0025943278468801,24,0
902,2012-10-01,62,1,91.176,1,91.176,1,91.176,,,,0,,0.0,0.0,1.0,0.0,29,0
908,2012-10-01,32,4,24703.6388,2,9346.7985,1,2960.1511,91.0,1.0,0.3516483516483517,1,-0.4964852513335316,0.8505901365429615,0.092400363301944,0.0502680307971471,0.0067414679816319,18,0
912,2012-10-01,62,1,91.176,1,91.176,1,91.176,,,,0,,0.0,0.0,1.0,0.0,15,1
914,2012-10-01,93,4,5958.6359,1,469.794,0,0.0,91.0,1.7320508075688772,1.021978021978022,1,-2.456234105234872,1.0,0.0,0.0,0.0,20,1
916,2012-10-01,1,2,2391.4815,2,2391.4815,1,20.1865,92.0,,0.0108695652173913,0,,0.0,0.9794993605428268,0.0120596375092176,0.0084410019479556,17,1
926,2012-10-01,154,3,75270.8439,1,3894.2405,0,0.0,91.0,1.4142135623730951,1.6923076923076923,1,-2.9082287190226968,0.997436719651286,0.0,0.002563280680848,0.0,11,1
928,2012-10-01,62,1,37479.6554,1,37479.6554,1,37479.6554,,,,0,,0.8466177173016376,0.1333769867051659,0.0200052946591392,0.0,24,0
930,2012-10-01,32,2,4952.2748,2,4952.2748,1,2024.5486,92.0,,0.3478260869565217,0,,0.4992272843986767,0.4922136792570558,0.0085590363442674,0.0,30,0
932,2012-10-01,32,2,197316.2835,2,197316.2835,1,99514.5024,92.0,,0.3478260869565217,0,,0.8995811042629942,0.1004188957370059,0.0,0.0,36,0
938,2012-10-01,62,1,65.6018,1,65.6018,1,65.6018,,,,0,,0.0,1.0,0.0,0.0,21,0
944,2012-10-01,32,2,17277.7995,2,17277.7995,1,9304.4953,92.0,,0.3478260869565217,0,,0.6525747679847772,0.3412492314197766,0.00500765158202,0.0011683490134261,30,0
948,2012-10-01,1,2,21461.7328,2,21461.7328,1,3259.0306,92.0,,0.0108695652173913,0,,0.8636597041223064,0.0514487814329698,0.0764262846474353,0.0084652297972883,27,0
950,2012-10-01,62,1,5717.1308,1,5717.1308,1,5717.1308,,,,0,,0.73955733180007,0.2604426681999299,0.0,0.0,32,0
952,2012-10-01,32,2,300.2438,2,300.2438,1,269.964,92.0,,0.3478260869565217,0,,0.0,0.0,0.8991492913425688,0.1008506420448981,24,0
954,2012-10-01,32,2,110944.5756,2,110944.5756,1,48434.2657,92.0,,0.3478260869565217,0,,0.780297212737276,0.152423196975121,0.0585573882442252,0.0087222020614047,38,0
958,2012-10-01,1,2,17956.1581,2,17956.1581,1,10151.684,92.0,,0.0108695652173913,0,,0.4452378652201776,0.5539752793778309,0.0007868554019915,0.0,26,0
960,2012-10-01,1,3,1977.9065,1,202.332,1,202.332,182.5,2.1213203435596424,0.0054794520547945,1,-2.167602239872859,0.4241443162252614,0.5758556837747385,0.0,0.0,20,1
962,2012-10-01,1,2,3124.7266,2,3124.7266,1,2143.8403,92.0,,0.0108695652173913,0,,0.2073762229309918,0.6676377702932474,0.1249860067757608,0.0,14,0
964,2012-10-01,1,5,123165.9507,2,2479.4378,1,2458.9178,91.25,1.5,0.010958904109589,1,-3.884769590221381,0.8956095347218392,0.1039739540613151,0.0004165112168455,0.0,33,1
966,2012-10-01,62,4,2284.8458,2,571.134,1,214.236,91.33333333333331,1.1547005383792526,0.6788321167883212,1,-1.0976270691532584,0.7500338972546856,0.2499661027453143,0.0,0.0,38,0
970,2012-10-01,1,5,133271.7067,2,88528.6154,1,31147.1853,91.25,1.5,0.010958904109589,1,0.6823777353091955,0.8678201986588651,0.1321798012210794,0.0,0.0,26,0
976,2012-10-01,1,2,80593.3108,2,80593.3108,1,34271.4228,92.0,,0.0108695652173913,0,,0.6985456589531249,0.2961996617714332,0.0052546792754418,0.0,13,0
978,2012-10-01,62,1,103226.8852,1,103226.8852,1,103226.8852,,,,0,,0.638350011940494,0.2814961709607024,0.0690555612444266,0.0110982557962525,33,0
982,2012-10-01,32,2,61153.7798,2,61153.7798,1,18715.3153,92.0,,0.3478260869565217,0,,0.7472371300260986,0.1473552530926306,0.0892076521654349,0.0161999647648925,21,0
986,2012-10-01,1,2,28359.5083,2,28359.5083,1,11547.357,92.0,,0.0108695652173913,0,,0.8722471362453064,0.0667556179032906,0.0560145957114496,0.0049826498578608,35,0
988,2012-10-01,1,2,16094.6428,2,16094.6428,1,7573.9797,92.0,,0.0108695652173913,0,,0.8567107745938917,0.1432892254061084,0.0,0.0,27,0
992,2012-10-01,93,1,164.4279,1,164.4279,0,0.0,,,,0,,1.0,0.0,0.0,0.0,24,1
998,2012-10-01,62,4,42407.4011,2,22015.8207,1,16422.5436,91.33333333333331,1.1547005383792526,0.6788321167883212,1,0.0766356096799487,0.9603696075117416,0.029867062520839,0.0097633285997335,0.0,26,0
1002,2012-10-01,32,2,9123.7378,2,9123.7378,1,3604.1268,92.0,,0.3478260869565217,0,,0.7234541198674078,0.1272478479160152,0.1343634706380974,0.0149345600440205,23,0
1012,2012-10-01,154,3,11250.2604,1,2555.9668,0,0.0,91.0,1.4142135623730951,1.6923076923076923,1,-1.2239602015094873,0.9853382949251556,0.0,0.0146617050748443,0.0,29,1
1014,2012-10-01,62,1,28923.1085,1,28923.1085,1,28923.1085,,,,0,,0.8972951818093827,0.0602662919167212,0.0375529691077292,0.0048855571661669,14,0
1016,2012-10-01,62,4,77712.1627,2,10528.7015,1,7619.5865,91.33333333333331,1.1547005383792526,0.6788321167883212,1,-1.8532420104822367,0.9768952431303266,0.00684113633605,0.0149648209443024,0.0012987992676209,41,0
1018,2012-10-01,32,4,106822.0343,2,9063.255,1,1692.4137,91.0,1.0,0.3516483516483517,1,-2.3781745812467143,0.9716364781867854,0.0107463034899345,0.0157747276677729,0.001842490374666,11,0
1026,2012-10-01,62,1,17147.1425,1,17147.1425,1,17147.1425,,,,0,,0.7397406302536996,0.2590821182013271,0.0,0.0011772515449731,34,0
1028,2012-10-01,1,2,11922.3433,2,11922.3433,1,4162.9556,92.0,,0.0108695652173913,0,,0.8294714009786985,0.0570705760502635,0.0982195330677988,0.01523848923223,40,0
1032,2012-10-01,1,5,315018.353,2,149567.4955,1,72224.6384,91.25,1.5,0.010958904109589,1,-0.1009258094760667,0.9044054715250192,0.0887685162902238,0.0056084847380304,0.001217527475296,24,0
1034,2012-10-01,1,2,2103.1842,2,2103.1842,1,1308.9375,92.0,,0.0108695652173913,0,,0.8457326276985153,0.1542673723014845,0.0,0.0,16,0
1040,2012-10-01,62,1,26509.1108,1,26509.1108,1,26509.1108,,,,0,,0.8030240606938804,0.1787040137159183,0.0182719255902012,0.0,18,0
1044,2012-10-01,32,3,51606.6964,1,65.6018,1,65.6018,136.5,65.76093065034893,0.2344322344322344,1,-6.65142251945181,0.978566605166379,0.0153204885248186,0.0041571039218856,0.0019558023869165,15,0
1046,2012-10-01,32,4,161563.0448,2,70270.293,1,33129.1617,91.0,1.0,0.3516483516483517,1,-0.2617189838433518,0.8910074966599044,0.0822796309419392,0.0225385678235249,0.0041743041599324,37,0
1048,2012-10-01,32,1,383.052,1,383.052,1,383.052,,,,0,,0.0,0.9404937188684565,0.0595062811315435,0.0,12,0
1050,2012-10-01,32,4,236445.5584,2,181579.4001,1,82582.8222,91.0,1.0,0.3516483516483517,1,1.1967835713326416,0.9292606859981516,0.0690058506931124,0.0009196294549637,0.0008138338114792,12,0
1052,2012-10-01,1,2,79068.9464,2,79068.9464,1,40041.8772,92.0,,0.0108695652173913,0,,0.8456235784621507,0.1362129216382223,0.0179081970795047,0.0002553025039423,18,0
1056,2012-10-01,1,3,3886.3961,1,1720.802,1,1720.802,182.5,2.1213203435596424,0.0054794520547945,1,-0.2297849785487713,0.0,0.9809381241402544,0.0190618758597457,0.0,30,0
1062,2012-10-01,62,1,469.794,1,469.794,1,469.794,,,,0,,1.0,0.0,0.0,0.0,15,0
1064,2012-10-01,62,1,4709.2037,1,4709.2037,1,4709.2037,,,,0,,0.0,1.0,0.0,0.0,37,0
1066,2012-10-01,62,4,143546.2446,2,56964.90030000001,1,34385.2153,91.33333333333331,1.1547005383792526,0.6788321167883212,1,-0.4186430698728305,0.9031698950834134,0.0854509404560208,0.0091291299793432,0.0022500344812225,12,0
1068,2012-10-01,1,2,1336.361,2,1336.361,1,20.1865,92.0,,0.0108695652173913,0,,0.9697888519644018,0.0,0.0,0.0302111480355981,12,0
1070,2012-10-01,1,2,124044.2903,2,124044.2903,1,64525.5304,92.0,,0.0108695652173913,0,,0.8400256436470579,0.1248821413910737,0.0300873011403734,0.0050049139585427,18,0
1074,2012-10-01,62,1,379.467,1,379.467,1,379.467,,,,0,,0.0,1.0,0.0,0.0,30,0
1082,2012-10-01,62,2,1694.8719,1,1674.6854,1,1674.6854,184.0,,0.3369565217391304,1,4.370613368205264,0.0,0.988089660345422,0.0,0.011910339654578,42,0
1086,2012-10-01,32,4,143968.2791,2,97968.2837,1,47948.7516,91.0,1.0,0.3516483516483517,1,0.7559909625225512,0.920101619801886,0.0551097821658965,0.0210374847496527,0.0037511133937003,39,0
1090,2012-10-01,1,5,78882.3891,2,6508.4235,1,2526.5694,91.25,1.5,0.010958904109589,1,-2.408609564359232,0.8914387178468457,0.1081262623674769,0.0001791134898575,0.0002559062958198,36,0
1092,2012-10-01,62,1,780.8182,1,780.8182,1,780.8182,,,,0,,0.0,1.0,0.0,0.0,28,0
1096,2012-10-01,32,2,1633.3902,2,1633.3902,1,1308.9375,92.0,,0.3478260869565217,0,,0.8013624056272652,0.1986375943727346,0.0,0.0,25,0
1102,2012-10-01,1,2,6591.812400000001,2,6591.812400000001,1,2449.1909,92.0,,0.0108695652173913,0,,0.0,1.0,0.0,0.0,42,1
1108,2012-10-01,1,5,194317.7501,2,103919.6124,1,49789.1608,91.25,1.5,0.010958904109589,1,0.1393925367037685,0.8590163354304914,0.1220190887749476,0.0159790816762858,0.002985494118275,34,0
1112,2012-10-01,93,1,196.329,1,196.329,0,0.0,,,,0,,0.0,1.0,0.0,0.0,14,0
1114,2012-10-01,62,1,15445.5784,1,15445.5784,1,15445.5784,,,,0,,0.8825303104220429,0.0270981111332159,0.0655396498456801,0.024831928599061,29,0
1116,2012-10-01,1,2,1696.1436,2,1696.1436,1,67.539,92.0,,0.0108695652173913,0,,0.2769777275933476,0.7230222724066523,0.0,0.0,17,1
1118,2012-10-01,124,2,2790.7539,1,2371.295,0,0.0,181.0,,0.6850828729281768,1,1.7302663861555834,0.1503030776020773,0.8393626539409297,0.0103342684569929,0.0,17,0
1120,2012-10-01,154,2,5146.3219,1,3887.9452,0,0.0,92.0,,1.673913043478261,1,1.12752104802043,0.9989921928513644,0.0,0.0010078071486356,0.0,20,1
1128,2012-10-01,32,1,183.9382,1,183.9382,1,183.9382,,,,0,,0.0,1.0,0.0,0.0,25,1
1132,2012-10-01,62,1,2779.8855,1,2779.8855,1,2779.8855,,,,0,,0.0,0.8136343025639006,0.113749397232368,0.0726163002037314,18,0
1134,2012-10-01,1,5,27953.0033,2,15923.3552,1,5887.3122,91.25,1.5,0.010958904109589,1,0.280392308657909,0.8068069666059818,0.1359184721306851,0.0493308173436948,0.0079437439196381,23,0
1136,2012-10-01,93,4,35911.356499999994,1,53.994,0,0.0,91.0,1.7320508075688772,1.021978021978022,1,-6.480107994051836,0.9951396405758164,0.0,0.0048603594241838,0.0,15,1
1138,2012-10-01,32,2,126.89419999999998,2,126.89419999999998,1,40.373,92.0,,0.3478260869565217,0,,0.0,0.0,0.6818373101371064,0.3181626898628937,20,0
1142,2012-10-01,1,2,11207.0267,2,11207.0267,1,7980.9201,92.0,,0.0108695652173913,0,,0.7762953397799972,0.0811947739894293,0.1190938181667756,0.0234160680637978,17,0
1148,2012-10-01,154,3,5944.177000000001,1,1677.8356,0,0.0,91.0,1.4142135623730951,1.6923076923076923,1,-0.9328905525040244,1.0,0.0,0.0,0.0,41,0
1150,2012-10-01,62,1,6066.4671,1,6066.4671,1,6066.4671,,,,0,,0.309764475603931,0.5713623337708368,0.0955803090071979,0.0232928816180343,11,0
1154,2012-10-01,32,2,3125.8692,2,3125.8692,1,648.9054,92.0,,0.3478260869565217,0,,0.0,0.956969024807564,0.0391939624345126,0.0038370127579234,22,0
1156,2012-10-01,1,2,14005.7944,2,14005.7944,1,3920.3085,92.0,,0.0108695652173913,0,,0.8835590503884593,0.0838915641943166,0.0325493854172241,0.0,28,0
1162,2012-10-01,32,2,10192.1017,2,10192.1017,1,5360.1565,92.0,,0.3478260869565217,0,,0.8470282532600711,0.1049455776133003,0.0420843524353765,0.0059418127666445,16,0
1164,2012-10-01,1,5,120380.3175,2,36670.2046,1,14288.7081,91.25,1.5,0.010958904109589,1,-0.8253799080068855,0.9692819276706094,0.0131549578277196,0.0167246675686828,0.0008384468665319,22,0
1168,2012-10-01,62,1,684.03,1,684.03,1,684.03,,,,0,,0.6868032103855094,0.3131967896144906,0.0,0.0,30,0
1170,2012-10-01,62,4,83773.8907,2,25586.9584,1,1308.9375,91.33333333333331,1.1547005383792526,0.6788321167883212,1,-0.8215561186159146,0.9714074292123096,0.0283516066897917,0.0,0.0002409640978988,36,1
1174,2012-10-01,1,5,278206.0667,2,105200.1544,1,47836.8929,91.25,1.5,0.010958904109589,1,-0.4974572755634767,0.9204319554833058,0.0751592876748722,0.002594768721483,0.0018139881203388,15,0
1182,2012-10-01,1,5,185231.1459,2,97332.5293,1,49578.7581,91.25,1.5,0.010958904109589,1,0.1019480840474358,0.918752331704924,0.0758924107049968,0.004156477012865,0.0011987805772139,18,0
1184,2012-10-01,32,4,162388.4724,2,108947.9346,1,47238.6521,91.0,1.0,0.3516483516483517,1,0.7122909775332342,0.8816874158858089,0.0966931203178188,0.0172550499341971,0.0043644139237558,24,0
1186,2012-10-01,32,4,4404.8702,2,142.6325,1,70.6445,91.0,1.0,0.3516483516483517,1,-3.390526219939323,0.5826325824538484,0.375821244403524,0.032380636323858,0.0091655368187693,30,0
1188,2012-10-01,62,1,32887.0262,1,32887.0262,1,32887.0262,,,,0,,0.765919379478586,0.1569933830015923,0.0690762958068856,0.0080109401925796,36,0
1192,2012-10-01,1,5,89956.1801,2,1022.1162,1,642.6492,91.25,1.5,0.010958904109589,1,-4.465053416322759,0.9749650652406928,0.0242431370204435,0.0007917977388637,0.0,37,0
1200,2012-10-01,1,2,99256.782,2,99256.782,1,47151.2741,92.0,,0.0108695652173913,0,,0.8247916540352879,0.141843783531084,0.0265961284136735,0.0067684342214519,24,0
1202,2012-10-01,1,2,83775.1798,2,83775.1798,1,42754.9923,92.0,,0.0108695652173913,0,,0.8561875363471319,0.1372413658490291,0.0063301374138023,0.0002409603900366,16,0
1204,2012-10-01,62,4,10029.99,2,4758.139999999999,1,3613.6431,91.33333333333331,1.1547005383792526,0.6788321167883212,1,-0.1025040336880174,0.5636068331075106,0.4274799077566377,0.00287541662554,0.0060378425103115,21,0
1214,2012-10-01,1,5,249917.7472,2,72009.8933,1,39124.5205,91.25,1.5,0.010958904109589,1,-0.90445395899936,0.9490168555744728,0.0422847297496766,0.0069062069514365,0.0017922076563916,25,0
1216,2012-10-01,62,1,469.794,1,469.794,1,469.794,,,,0,,1.0,0.0,0.0,0.0,30,0
1218,2012-10-01,62,1,3147.5673,1,3147.5673,1,3147.5673,,,,0,,0.0,1.0,0.0,0.0,22,0
1220,2012-10-01,1,2,75117.57990000001,2,75117.57990000001,1,36513.5572,92.0,,0.0108695652173913,0,,0.8235671660662751,0.1226757932333227,0.0444463502610791,0.0093106900000115,27,0
1234,2012-10-01,32,2,66365.9596,2,66365.9596,1,29157.5473,92.0,,0.3478260869565217,0,,0.8090403397105403,0.119412310885956,0.0637609362164636,0.0077864132925157,25,0
1236,2012-10-01,1,2,71528.1057,2,71528.1057,1,38319.8765,92.0,,0.0108695652173913,0,,0.8414385675531738,0.1036504801496511,0.0474327933306361,0.0074781583374156,15,0
1242,2012-10-01,1,2,116789.4821,2,116789.4821,1,60818.3513,92.0,,0.0108695652173913,0,,0.7746845552627039,0.1821447224313019,0.0372296351505098,0.0059410872239838,42,0
1244,2012-10-01,154,2,1433.0819,1,955.2013,0,0.0,182.0,,0.8461538461538461,1,0.6915171587121982,0.2926970887009319,0.6268039530748383,0.0804989582242299,0.0,15,1
1246,2012-10-01,62,3,5724.6466,2,1674.6586,1,245.25,137.0,63.63961030678928,0.4525547445255474,1,-0.8827545199582527,0.7074651560150456,0.2862472942871268,0.0062875496978276,0.0,37,0
1254,2012-10-01,1,2,102676.4816,2,102676.4816,1,44297.9357,92.0,,0.0108695652173913,0,,0.8871318035112726,0.0784640725359642,0.0283395608678511,0.0060645630849119,18,0
1256,2012-10-01,32,2,1575.5911999999998,2,1575.5911999999998,1,51.0518,92.0,,0.3478260869565217,0,,0.0,0.944753562980042,0.0552464370199579,0.0,24,0
1258,2012-10-01,154,3,179421.5853,1,58977.1342,0,0.0,91.0,1.4142135623730951,1.6923076923076923,1,-0.7140301940353808,0.9733555241304624,0.0232789215022056,0.0016779229739644,0.0016876313933672,30,1
1266,2012-10-01,1,2,163447.5321,2,163447.5321,1,79066.7942,92.0,,0.0108695652173913,0,,0.8674478652467827,0.111523731596312,0.0176575354972887,0.0033708676596163,42,0
1270,2012-10-01,1,5,141421.4671,2,1133.6577,1,209.256,91.25,1.5,0.010958904109589,1,-4.817372202444452,0.9340138573629604,0.0594560951206537,0.0048171675345319,0.0017128799818539,39,0
1274,2012-10-01,62,1,635.025,1,635.025,1,635.025,,,,0,,0.7398039447265856,0.2601960552734144,0.0,0.0,36,0
1278,2012-10-01,62,1,37284.7428,1,37284.7428,1,37284.7428,,,,0,,0.7485502997757034,0.1913421808558111,0.0519428251493798,0.0081646935754106,33,0
1280,2012-10-01,1,4,1893.9202,2,687.126,1,217.332,121.66666666666669,51.3841739578767,0.0082191780821917,1,-0.5625790390424843,0.6910068333396518,0.3010730863950867,0.0,0.0079200802652614,25,0
1290,2012-10-01,1,2,76269.0082,2,76269.0082,1,35291.1994,92.0,,0.0108695652173913,0,,0.8742205670900542,0.1133165804036245,0.0112936419173207,0.0011692101694328,24,0
1294,2012-10-01,32,2,92325.0186,2,92325.0186,1,35142.7647,92.0,,0.3478260869565217,0,,0.619785486834443,0.3054317575842871,0.0614189387230732,0.0133638172481234,40,0
1296,2012-10-01,62,4,135549.8779,2,62661.6938,1,49342.2867,91.33333333333331,1.1547005383792526,0.6788321167883212,1,-0.1511739864084393,0.8230491871582868,0.1664861093910288,0.0070394736961987,0.0034252299389197,35,0
1308,2012-10-01,154,2,2711.9676,1,419.4589,0,0.0,182.0,,0.8461538461538461,1,-1.6964913735077245,0.3093391676213241,0.6906608323786759,0.0,0.0,20,1
1310,2012-10-01,93,4,127876.8995,1,2485.7036,0,0.0,91.0,1.7320508075688772,1.021978021978022,1,-3.9204884146257353,0.8772528896041931,0.1225242398061113,0.0002228705896955,0.0,14,0
1312,2012-10-01,1,5,101051.5637,2,51161.1463,1,23268.741,91.25,1.5,0.010958904109589,1,0.0251509365555886,0.9002444056192275,0.0987852600642141,0.0005708056153514,0.000399528701207,13,0
1316,2012-10-01,1,2,85689.2397,2,85689.2397,1,39668.0599,92.0,,0.0108695652173913,0,,0.8300220173385433,0.092292466681788,0.0647449107428595,0.0129406048633665,33,0
1320,2012-10-01,1,2,2479.4378,2,2479.4378,1,20.52,92.0,,0.0108695652173913,0,,0.9917239303200104,0.0082760696799895,0.0,0.0,32,0
1322,2012-10-01,62,4,125560.1694,2,63342.3166,1,50212.8485,91.33333333333331,1.1547005383792526,0.6788321167883212,1,0.0179113480981438,0.7354008567465344,0.2212943125099033,0.0346184392771295,0.0086863913071464,26,0
1324,2012-10-01,62,1,817.503,1,817.503,1,817.503,,,,0,,0.0,1.0,0.0,0.0,20,0
1326,2012-10-01,93,1,324.4527,1,324.4527,0,0.0,,,,0,,0.0,1.0,0.0,0.0,14,0
1328,2012-10-01,1,2,76796.5063,2,76796.5063,1,36396.9284,92.0,,0.0108695652173913,0,,0.6111891746304611,0.2947001314303278,0.077967804884374,0.0161428893022442,13,0
1330,2012-10-01,62,1,62505.2769,1,62505.2769,1,62505.2769,,,,0,,0.673786531261651,0.2720137921667218,0.0438075689574299,0.0103921080621594,13,0
1332,2012-10-01,1,5,180981.6719,2,86799.9705,1,38499.6136,91.25,1.5,0.010958904109589,1,-0.0816187252969395,0.7868716616712834,0.2108127486029705,0.0023155897257461,0.0,13,0
1334,2012-10-01,62,1,56590.5553,1,56590.5553,1,56590.5553,,,,0,,0.7693400262499279,0.2266320931471757,0.0040278806028962,0.0,13,0
1336,2012-10-01,62,1,129261.254,1,129261.254,1,129261.254,,,,0,,0.7419268956960606,0.2050564015106955,0.0436720879560707,0.0093446151930415,33,0
1338,2012-10-01,124,3,72502.2876,1,209.256,0,0.0,90.5,0.7071067811865476,1.3701657458563536,1,-5.840171018354002,0.869349314158744,0.1298645037511892,0.0007861820900669,0.0,16,0
1340,2012-10-01,62,1,602.7,1,602.7,1,602.7,,,,0,,0.0,1.0,0.0,0.0,21,0
1344,2012-10-01,1,5,52615.721,2,794.2466999999999,1,469.794,91.25,1.5,0.010958904109589,1,-4.176926819967792,0.911247151778078,0.0882047154689755,0.0005481327529465,0.0,14,0
1346,2012-10-01,62,1,2685.8932,1,2685.8932,1,2685.8932,,,,0,,0.524734937338536,0.4752650626614639,0.0,0.0,22,0
1350,2012-10-01,1,5,96707.7414,2,45397.0595,1,18768.9736,91.25,1.5,0.010958904109589,1,-0.1224490817589156,0.7121794191752264,0.2871497462146293,0.0002533602754577,0.0004174743346865,25,0
1356,2012-10-01,62,4,200722.1369,2,111451.7486,1,65150.7457,91.33333333333331,1.1547005383792526,0.6788321167883212,1,0.2219196849406781,0.7746975304994373,0.1973371119486123,0.0216381486719813,0.0063272094429361,23,0
1358,2012-10-01,154,3,120527.0767,1,48748.8054,0,0.0,91.0,1.4142135623730951,1.6923076923076923,1,-0.3868945281740306,0.9185450624971474,0.0631925324046293,0.0105580867871492,0.0077043186097618,31,1
1362,2012-10-01,1,4,6360.1648,2,216.102,1,35.994,121.66666666666669,51.3841739578767,0.0082191780821917,1,-3.343036952452365,0.9551610989702656,0.0139826565500315,0.0308562444797027,0.0,34,0
1364,2012-10-01,62,4,23563.2394,2,5895.6967,1,231.1724,91.33333333333331,1.1547005383792526,0.6788321167883212,1,-1.0973934970485804,0.9856369663671968,0.0085867650268833,0.0057762686059201,0.0,40,0
1368,2012-10-01,62,1,2443.283,1,2443.283,1,2443.283,,,,0,,0.0,0.9587324104493832,0.0412675895506169,0.0,28,0
1372,2012-10-01,32,4,19806.1548,2,13406.6427,1,7719.321,91.0,1.0,0.3516483516483517,1,0.739446892325418,0.964722329646742,0.035277670353258,0.0,0.0,16,0
1376,2012-10-01,62,1,11476.4056,1,11476.4056,1,11476.4056,,,,0,,0.4502920322021383,0.5429229775566663,0.0050260335866832,0.0017589566545121,41,0
1378,2012-10-01,62,1,10719.3352,1,10719.3352,1,10719.3352,,,,0,,0.9238106202705556,0.0613043148422114,0.0148850648872329,0.0,14,0
1386,2012-10-01,62,1,1116.925,1,1116.925,1,1116.925,,,,0,,0.0,0.7760458401414598,0.2239541598585402,0.0,22,0
1388,2012-10-01,32,2,24361.1395,2,24361.1395,1,9845.1474,92.0,,0.3478260869565217,0,,0.6691744366063007,0.3283987393118454,0.0011838690878971,0.001242954172977,16,0
1392,2012-10-01,62,4,11711.4349,2,10028.4128,1,3934.0566,91.33333333333331,1.1547005383792526,0.6788321167883212,1,1.7843370166436945,0.8976294612712231,0.0429455830386761,0.0473593547448229,0.0120656009452778,41,0
1394,2012-10-01,1,2,6002.4238,2,6002.4238,1,654.82,92.0,,0.0108695652173913,0,,0.6167124687197196,0.0816082829739546,0.2545964348601977,0.0470828134461282,14,0
1398,2012-10-01,1,2,31670.5096,2,31670.5096,1,11173.6908,92.0,,0.0108695652173913,0,,0.9354933051029908,0.0501602127677794,0.0143464821292297,0.0,17,0
1400,2012-10-01,1,2,15947.003,2,15947.003,1,8724.1741,92.0,,0.0108695652173913,0,,0.927678103528293,0.0594576611040958,0.012864235367611,0.0,17,0
1406,2012-10-01,1,5,16252.6992,2,13016.5288,1,8206.4946,91.25,1.5,0.010958904109589,1,1.3915972035656772,0.7503844899805936,0.2496155100194065,0.0,0.0,14,0
1408,2012-10-01,1,1,1141.92,1,1141.92,1,1141.92,,,,0,,0.8228142076502731,0.1771857923497267,0.0,0.0,13,0
1410,2012-10-01,1,2,1790.4627,2,1790.4627,1,1466.01,92.0,,0.0108695652173913,0,,0.818788350072861,0.1812116499271389,0.0,0.0,13,0
1412,2012-10-01,1,1,67.549,1,67.549,1,67.549,,,,0,,0.0,1.0,0.0,0.0,33,0
1414,2012-10-01,32,4,158902.09269999998,2,102625.7654,1,43386.8027,91.0,1.0,0.3516483516483517,1,0.6008070282811708,0.8046625927161248,0.1454692478068289,0.0404440206532283,0.0094241386916611,38,0
1416,2012-10-01,1,2,1123.5262,2,1123.5262,1,939.588,92.0,,0.0108695652173913,0,,0.8362849037254315,0.1637150962745684,0.0,0.0,32,0
1418,2012-10-01,32,4,267647.0711,2,193981.1472,1,73798.9622,91.0,1.0,0.3516483516483517,1,0.9682122253877736,0.7994244510303554,0.1999861596841513,0.000589389225713,0.0,26,0
1422,2012-10-01,1,2,84998.51310000001,2,84998.51310000001,1,36304.538,92.0,,0.0108695652173913,0,,0.6001032387471258,0.3162909410941213,0.0713054057765629,0.0123004144174846,14,0
1424,2012-10-01,1,2,163005.7536,2,163005.7536,1,87654.2364,92.0,,0.0108695652173913,0,,0.6859392145038983,0.2667275216351627,0.0403048118726037,0.0070284518595054,13,0
1426,2012-10-01,62,1,140078.3959,1,140078.3959,1,140078.3959,,,,0,,0.8102782378735106,0.1595040516879591,0.0247918799875406,0.0054258302082683,13,0
1428,2012-10-01,32,2,794.2466999999999,2,794.2466999999999,1,324.4527,92.0,,0.3478260869565217,0,,0.5914963197203086,0.4085036802796915,0.0,0.0,33,0
1430,2012-10-01,32,2,161853.6496,2,161853.6496,1,60516.8114,92.0,,0.3478260869565217,0,,0.7140486166707976,0.2800810806678282,0.0058703025995899,0.0,16,0
1444,2012-10-01,62,1,4493.5622,1,4493.5622,1,4493.5622,,,,0,,0.4181929427837896,0.4648939765427081,0.0764822394135325,0.0404308412599696,34,0
1450,2012-10-01,1,2,32359.7808,2,32359.7808,1,15617.7534,92.0,,0.0108695652173913,0,,0.7846890514165659,0.2108547379282618,0.0044562106551723,0.0,41,0
1456,2012-10-01,1,5,32917.0623,2,14558.1666,1,5637.528,91.25,1.5,0.010958904109589,1,-0.2319479022289865,0.8131066179620774,0.1797627062242428,0.006517422425026,0.0006132533886537,22,0
1458,2012-10-01,1,5,9802.4214,2,4661.286,1,2014.254,91.25,1.5,0.010958904109589,1,-0.0979625548702252,0.9558129586226524,0.0441870413773478,0.0,0.0,28,0
1460,2012-10-01,154,3,15007.2845,1,5529.9046,0,0.0,91.0,1.4142135623730951,1.6923076923076923,1,-0.5386620224113852,0.9973870422727042,0.0,0.0026129577272957,0.0,34,1
1466,2012-10-01,1,1,1229.4589,1,1229.4589,1,1229.4589,,,,0,,1.0,0.0,0.0,0.0,36,1
1468,2012-10-01,1,2,12829.3087,2,12829.3087,1,3025.7355,92.0,,0.0108695652173913,0,,0.7718760169828948,0.1020249048960837,0.1087909358670276,0.0173081422539937,41,0
1470,2012-10-01,32,2,1261.4082,2,1261.4082,1,113.97,92.0,,0.3478260869565217,0,,0.0,0.2669809820484756,0.6730071201376366,0.0600118581756484,14,0
1472,2012-10-01,62,1,9680.119,1,9680.119,1,9680.119,,,,0,,0.8932112301511995,0.0929297976605452,0.0117736155929488,0.0020853565953063,41,0
1478,2012-10-01,1,5,13932.3875,2,7880.5819,1,2818.764,91.25,1.5,0.010958904109589,1,0.2640067323655746,0.8744098812927791,0.0849252075424976,0.0348693502818522,0.0057955608828709,22,0
1480,2012-10-01,1,2,5904.5399,2,5904.5399,1,242.2492,92.0,,0.0108695652173913,0,,0.0,0.8667379485402411,0.0990739515537866,0.0341880999059723,28,0
1486,2012-10-01,1,2,29218.7076,2,29218.7076,1,14563.614,92.0,,0.0108695652173913,0,,0.9229078838517828,0.0770921161482173,0.0,0.0,24,0
1796,2012-10-01,1,2,7412.801299999999,2,7412.801299999999,1,3048.5294,92.0,,0.0108695652173913,0,,0.6670381681483896,0.1458161977173191,0.1653600778426369,0.0217855562916545,15,0
1798,2012-10-01,62,1,19717.9571,1,19717.9571,1,19717.9571,,,,0,,0.8797236707650611,0.0983122891569735,0.0219640400779652,0.0,23,0
1802,2012-10-01,1,2,18484.3118,2,18484.3118,1,3923.9585,92.0,,0.0108695652173913,0,,0.2884695929009377,0.6585624789125231,0.0420470455383683,0.0109208826481708,26,0
1816,2012-10-01,62,1,8057.6592,1,8057.6592,1,8057.6592,,,,0,,0.7695617233352336,0.1316337007651055,0.0737520147290419,0.0250525611706188,30,0
1822,2012-10-01,32,2,10981.9439,2,10981.9439,1,5033.644,92.0,,0.3478260869565217,0,,0.5989027133893845,0.2989351001874996,0.0952690989434029,0.0068930829267849,41,0
1826,2012-10-01,32,2,2418.8216,2,2418.8216,1,40.373,92.0,,0.3478260869565217,0,,0.0,0.9684280146993892,0.0148807998076418,0.0166911854929689,24,1
1828,2012-10-01,1,5,6611.0632000000005,2,929.8492,1,780.8182,91.25,1.5,0.010958904109589,1,-1.808998936711716,0.8323371042648632,0.1676628957351368,0.0,0.0,17,0
1830,2012-10-01,62,1,72301.9511,1,72301.9511,1,72301.9511,,,,0,,0.7998945404669722,0.2001054588414834,0.0,0.0,25,0
1832,2012-10-01,1,2,85925.97869999999,2,85925.97869999999,1,32755.9308,92.0,,0.0108695652173913,0,,0.6267373233887881,0.2891489881860374,0.0720729697548385,0.0120407182513709,20,0
1834,2012-10-01,1,2,92038.2161,2,92038.2161,1,43496.3848,92.0,,0.0108695652173913,0,,0.6363751198345965,0.2876187677435873,0.0631598117208619,0.0128463007878745,28,0
1836,2012-10-01,62,1,48267.602,1,48267.602,1,48267.602,,,,0,,0.8012230501942068,0.1838998030190105,0.0140407059791368,0.0008364409733883,23,0
1838,2012-10-01,1,1,14.1289,1,14.1289,1,14.1289,,,,0,,0.0,0.0,1.0,0.0,31,0
1840,2012-10-01,32,2,159424.5312,2,159424.5312,1,66707.6253,92.0,,0.3478260869565217,0,,0.6400952885474126,0.3135339813625872,0.0390965009593203,0.0072742295634864,26,0
1842,2012-10-01,62,1,74487.755,1,74487.755,1,74487.755,,,,0,,0.8241680729940108,0.1758319270059891,0.0,0.0,34,0
1844,2012-10-01,62,1,101725.1038,1,101725.1038,1,101725.1038,,,,0,,0.7775214352152865,0.2154357915435226,0.0070427730249217,0.0,29,0
1858,2012-10-01,1,2,79507.88029999999,2,79507.88029999999,1,40134.6567,92.0,,0.0108695652173913,0,,0.7049035100486764,0.289882028209473,0.0050258011972179,0.0001886605446328,23,0
1862,2012-10-01,32,2,1777.2584000000002,2,1777.2584000000002,1,1409.382,92.0,,0.3478260869565217,0,,0.7930090525947155,0.2069909474052844,0.0,0.0,26,0
1864,2012-10-01,1,4,10797.2585,2,672.2885,1,647.994,121.66666666666669,51.3841739578767,0.0082191780821917,1,-2.7106847745032105,0.9977499380977124,0.0022500619022875,0.0,0.0,34,1
1868,2012-10-01,1,2,90424.2938,2,90424.2938,1,35564.8016,92.0,,0.0108695652173913,0,,0.6860291918586153,0.3069926812079787,0.0069781266679906,0.0,37,0
1876,2012-10-01,62,2,1740.2172,2,1740.2172,1,1561.6364,92.0,,0.6739130434782609,0,,0.0,1.0,0.0,0.0,12,0
1878,2012-10-01,32,2,77937.3125,2,77937.3125,1,41365.4632,92.0,,0.3478260869565217,0,,0.8570482373253505,0.1235991040876602,0.0193526582790495,0.0,12,0
1882,2012-10-01,32,4,133094.0588,2,73105.3276,1,30842.6667,91.0,1.0,0.3516483516483517,1,0.1977415229768979,0.907590431076402,0.0807277537169825,0.0116818147708333,0.0,24,0
1884,2012-10-01,154,2,603.3971,1,419.4589,0,0.0,182.0,,0.8461538461538461,1,0.8213250186354948,0.6951622737331684,0.3048377262668315,0.0,0.0,30,1
1896,2012-10-01,1,5,265142.738,2,185543.205,1,95370.5312,91.25,1.5,0.010958904109589,1,0.8462723667370788,0.8757146371476333,0.1098352152492292,0.0106738759709119,0.0037762716322255,18,0
1898,2012-10-01,32,2,64574.0184,2,64574.0184,1,28874.4471,92.0,,0.3478260869565217,0,,0.8042768219609514,0.1233682260666002,0.0645654723572228,0.0077894789957813,24,0
1900,2012-10-01,1,5,165950.8988,2,94337.9989,1,44025.5899,91.25,1.5,0.010958904109589,1,0.2756054783754056,0.8947050282562254,0.1015274211940574,0.0019429295191018,0.0018246210306153,30,0
1902,2012-10-01,93,1,165.231,1,165.231,0,0.0,,,,0,,0.0,1.0,0.0,0.0,36,1
1916,2012-10-01,62,1,60281.31,1,60281.31,1,60281.31,,,,0,,0.8263783252221958,0.1453231789421961,0.0225342879907553,0.0057642078448527,15,0
1924,2012-10-01,1,2,306.8661,2,306.8661,1,273.0916,92.0,,0.0108695652173913,0,,0.0,0.8158297707045515,0.1841702292954483,0.0,18,0
1930,2012-10-01,154,3,54155.9885,1,12497.2834,0,0.0,91.0,1.4142135623730951,1.6923076923076923,1,-1.203943050197271,0.9018539680980986,0.085235155480543,0.0076924142932041,0.0052184625897835,33,1
1934,2012-10-01,154,3,79382.0748,1,29522.6946,0,0.0,91.0,1.4142135623730951,1.6923076923076923,1,-0.5240335556898277,0.9590542775785448,0.0366591073278422,0.002506546981813,0.0017800681117999,30,1
1944,2012-10-01,1,2,98134.3588,2,98134.3588,1,47221.4229,92.0,,0.0108695652173913,0,,0.8289584401910821,0.1710415598089178,0.0,0.0,16,0
1946,2012-10-01,1,5,82663.4618,2,653.7321999999999,1,183.9382,91.25,1.5,0.010958904109589,1,-4.830379069397481,0.9648577238752902,0.0351422761247097,0.0,0.0,21,0
1948,2012-10-01,32,2,59599.3147,2,59599.3147,1,26305.4643,92.0,,0.3478260869565217,0,,0.7850885943156658,0.2076447785061528,0.0072666271781812,0.0,13,0
1952,2012-10-01,124,1,24.2945,1,24.2945,0,0.0,,,,0,,0.0,1.0,0.0,0.0,25,0
1962,2012-10-01,1,2,235385.6191,2,235385.6191,1,87994.6863,92.0,,0.0108695652173913,0,,0.7738599881227833,0.1962731528656926,0.0243703844310172,0.0054964746654737,26,0
1964,2012-10-01,32,2,2747.7885,2,2747.7885,1,1308.9375,92.0,,0.3478260869565217,0,,0.9132662502954648,0.0736344882439096,0.0130992614606255,0.0,20,0
1966,2012-10-01,62,1,26523.0027,1,26523.0027,1,26523.0027,,,,0,,0.8576672580137391,0.1423327419862608,0.0,0.0,14,0
1968,2012-10-01,62,4,68623.6011,2,27865.1507,1,4868.6565,91.33333333333331,1.1547005383792526,0.6788321167883212,1,-0.3802750087550688,0.8705404371441533,0.1124484707346551,0.0096570259994706,0.0073540661217209,13,0
1970,2012-10-01,1,5,182259.7172,2,72337.4048,1,34148.3461,91.25,1.5,0.010958904109589,1,-0.4184277878063938,0.8125350174745031,0.1848107575138934,0.0022681111676826,0.0003861138439207,13,0
1972,2012-10-01,1,2,91824.0894,2,91824.0894,1,38408.1469,92.0,,0.0108695652173913,0,,0.6914257207978367,0.3038578044423276,0.0047164747598357,0.0,33,0
1976,2012-10-01,32,2,119714.521,2,119714.521,1,48997.224,92.0,,0.3478260869565217,0,,0.7292582559136666,0.2110870426487359,0.0498806687285663,0.0097740326589119,32,0
1978,2012-10-01,62,1,881.0367,1,881.0367,1,881.0367,,,,0,,0.0,0.8447692360602004,0.1552307639397995,0.0,37,0
1982,2012-10-01,1,2,180271.228,2,180271.228,1,86679.6063,92.0,,0.0108695652173913,0,,0.8502786429124453,0.1304985030667234,0.0160817343519732,0.003141119668858,12,0
1984,2012-10-01,62,1,38818.229,1,38818.229,1,38818.229,,,,0,,0.7929519582153014,0.1841482953794723,0.0228997451171716,0.0,18,0
1986,2012-10-01,32,2,2626.8599,2,2626.8599,1,348.7055,92.0,,0.3478260869565217,0,,0.2466800760862808,0.7141192417608568,0.0334904423338298,0.0057102398190326,24,0
1988,2012-10-01,1,2,3307.6587,2,3307.6587,1,2618.892,92.0,,0.0108695652173913,0,,0.5852490161696551,0.3394874749320418,0.0489717999018459,0.0262917089964572,30,0
1992,2012-10-01,1,5,340528.7645,2,186618.783,1,100216.5341,91.25,1.5,0.010958904109589,1,0.1926989079394712,0.8811253244364324,0.1050485008293624,0.0103760857946553,0.0034500888690711,42,0
1994,2012-10-01,62,1,39477.7558,1,39477.7558,1,39477.7558,,,,0,,0.8433588694522499,0.0963637122452639,0.0531679323574923,0.0071094846784578,15,0
292,2013-01-01,63,4,65177.168,2,59992.1832,1,32562.6538,91.66666666666669,0.5773502691896278,0.6872727272727273,1,2.4482711862900963,0.7242532822230018,0.2134768896371809,0.0517448610992119,0.0105249663501795,17,0
296,2013-01-01,63,4,230735.6775,2,115676.7547,1,54184.2506,91.66666666666669,0.5773502691896278,0.6872727272727273,1,0.0053552881633027,0.8796414061280142,0.1125528027628063,0.0057265222886911,0.0020792688204883,14,0
298,2013-01-01,63,4,22003.8894,2,4754.968699999999,1,2485.7036,91.66666666666669,0.5773502691896278,0.6872727272727273,1,-1.2884071487191129,0.7569843186450482,0.2388554907024755,0.0041601917886389,0.0,19,0
302,2013-01-01,32,4,30518.9743,2,2206.4479,1,1394.0205,91.66666666666669,0.5773502691896247,0.349090909090909,1,-2.55150260326632,0.9165078067515524,0.0599332658437344,0.0182673996353802,0.0052915277693326,31,0
304,2013-01-01,63,2,6181.7913,2,6181.7913,1,4069.2518,91.0,,0.6923076923076923,0,,0.3999343523615881,0.5926910861581497,0.0073745614802622,0.0,23,0
308,2013-01-01,63,1,20.52,1,20.52,1,20.52,,,,0,,0.0,1.0,0.0,0.0,34,0
312,2013-01-01,63,2,746.8894,1,24.2945,1,24.2945,183.0,,0.3442622950819672,1,-3.3536447246072214,0.0,1.0,0.0,0.0,33,0
318,2013-01-01,32,4,265936.5862,2,144486.8774,1,71599.4665,91.66666666666669,0.5773502691896247,0.349090909090909,1,0.1736871190299158,0.8963099756599041,0.083264898193989,0.0175435590366317,0.0028815669214603,32,0
324,2013-01-01,63,2,76215.4196,2,76215.4196,1,32197.4623,91.0,,0.6923076923076923,0,,0.7627828765506134,0.1808689878288094,0.0495738758617291,0.0067742591028128,34,0
326,2013-01-01,32,3,598.641,2,418.512,1,209.256,92.0,0.0,0.3478260869565217,1,0.8398826463878581,0.0,1.0,0.0,0.0,26,0
332,2013-01-01,93,2,5281.7027,1,4038.8509,0,0.0,92.0,,1.0108695652173914,1,1.1779949299639938,0.4706254291821461,0.525058917079903,0.0043156537379508,0.0,16,0
340,2013-01-01,1,5,263035.94550000003,2,59987.1597,1,23586.0261,91.25,1.5,0.010958904109589,1,-1.2193039948041715,0.7958651365845357,0.1659276735620151,0.0314616477085258,0.0067455419320246,14,0
342,2013-01-01,63,4,3208.0765,2,704.2165,1,489.9805,91.66666666666669,0.5773502691896278,0.6872727272727273,1,-1.2674832758659145,0.8156775563176252,0.1780300438596149,0.0,0.0062923998227598,13,0
344,2013-01-01,1,5,202777.6034,2,93510.0951,1,44130.0247,91.25,1.5,0.010958904109589,1,-0.1557281385582971,0.9146323306432764,0.0653406637510343,0.0161638842014245,0.0038631214042645,19,0
348,2013-01-01,1,4,69305.3807,1,141.615,1,141.615,121.66666666666669,54.00308633155454,0.0082191780821917,1,-6.1840981539626725,0.8559761046085705,0.1328926499930473,0.0058884057179704,0.0052428396804117,14,0
352,2013-01-01,1,3,148670.6653,2,85017.2721,1,40433.3035,92.0,0.0,0.0108695652173913,1,0.2893978554395122,0.8864577355193958,0.1126965024753945,0.000302642084161,0.0005431199210487,35,0
356,2013-01-01,1,4,127096.5327,1,10532.3468,1,10532.3468,121.66666666666669,54.00308633155454,0.0082191780821917,1,-2.403904541741433,0.8425728611556372,0.1572028998396114,0.0002242390047513,0.0,17,0
366,2013-01-01,32,3,16948.4192,2,9943.9191,1,3758.352,92.0,0.0,0.3478260869565217,1,0.3503662084281256,0.8232556461666938,0.1191344205127992,0.0513568899688296,0.0062530451217538,42,0
368,2013-01-01,1,5,104234.3954,2,14677.884,1,7736.0481,91.25,1.5,0.010958904109589,1,-1.8084710058878244,0.9626228992354284,0.0159754176499017,0.0198523672733846,0.0015493158412851,34,0
370,2013-01-01,1,5,219829.2882,2,72133.41440000001,1,31128.3693,91.25,1.5,0.010958904109589,1,-0.7166307781836458,0.8904915941951359,0.0822608590878383,0.0231975902790554,0.0040499562514618,25,0
372,2013-01-01,1,5,327015.637,2,129138.7495,1,62702.5353,91.25,1.5,0.010958904109589,1,-0.4267549631993699,0.8850307678100421,0.0931622376822304,0.0196517791991702,0.0021552149813557,31,0
382,2013-01-01,63,2,784.2007000000001,2,784.2007000000001,1,600.2625,91.0,,0.6923076923076923,0,,0.7654449938644533,0.2345550061355466,0.0,0.0,37,0
386,2013-01-01,63,2,7814.8432,2,7814.8432,1,3457.9857,91.0,,0.6923076923076923,0,,0.1674937636624622,0.8325062363375377,0.0,0.0,38,0
388,2013-01-01,63,4,40443.1469,2,16067.599,1,7046.91,91.66666666666669,0.5773502691896278,0.6872727272727273,1,-0.4167545235912211,0.9163477310911232,0.0732838892910185,0.0078727157604048,0.0024956638574531,41,0
390,2013-01-01,124,1,2485.7036,1,2485.7036,0,0.0,,,,0,,1.0,0.0,0.0,0.0,15,1
392,2013-01-01,32,4,30747.1843,2,8091.9735,1,4228.146,91.66666666666669,0.5773502691896247,0.349090909090909,1,-1.029437805773048,0.6450107628229228,0.3184400107817352,0.034087228598685,0.0024619961704916,42,0
398,2013-01-01,63,2,4980.615400000001,2,4980.615400000001,1,2458.9178,91.0,,0.6923076923076923,0,,0.9927731822055562,0.0,0.0072268177944436,0.0,40,0
406,2013-01-01,63,1,383.052,1,383.052,1,383.052,,,,0,,0.0,0.9404937188684565,0.0595062811315435,0.0,32,0
412,2013-01-01,1,5,25600.4348,2,11987.707,1,7046.91,91.25,1.5,0.010958904109589,1,-0.1271135573444475,0.7838100663821538,0.1636152835966677,0.0470549976752738,0.0055196523459046,12,0
414,2013-01-01,1,3,30818.4603,2,15513.5744,1,6375.2345,92.0,0.0,0.0108695652173913,1,0.0135424122392322,0.9201599244073853,0.0167053770690808,0.0592046189925977,0.0039300795309362,17,0
418,2013-01-01,1,4,3917.5912,2,1712.4682,1,209.256,121.66666666666669,51.3841739578767,0.0082191780821917,1,-0.2527171726489046,0.5168977304216938,0.477283898330178,0.0058183712481281,0.0,26,1
422,2013-01-01,1,3,70829.2566,2,53682.71399999999,1,20038.3553,92.0,0.0,0.0108695652173913,1,1.141254803334082,0.6959012682903127,0.3023568709882521,0.0017418607214352,0.0,21,0
428,2013-01-01,1,3,30403.936500000003,2,10859.9056,1,2641.2698,92.0,0.0,0.0108695652173913,1,-0.5875513805995602,0.892708287954752,0.0425586009232718,0.0587576192642028,0.005975492680035,29,0
432,2013-01-01,63,2,108212.0403,2,108212.0403,1,51394.2049,91.0,,0.6923076923076923,0,,0.8328899931110532,0.1410543684204058,0.0213674817847418,0.0046881566837992,13,0
440,2013-01-01,32,4,110506.5218,2,50276.3229,1,21705.4863,91.66666666666669,0.5773502691896247,0.349090909090909,1,-0.1806363337502805,0.8236212136395374,0.1214346617866313,0.0473946092835943,0.0075495148739718,19,0
452,2013-01-01,1,5,9923.7538,2,3477.1599,1,1879.176,91.25,1.5,0.010958904109589,1,-0.6172036328783346,0.7049286732607171,0.2316258390045912,0.0492063698718523,0.0142391178628393,35,0
466,2013-01-01,1,5,33714.491,2,1434.6049,1,68.382,91.25,1.5,0.010958904109589,1,-3.1128889999661853,0.9649327495408428,0.0256020030081427,0.0094652474510144,0.0,29,0
472,2013-01-01,63,2,99106.838,2,99106.838,1,44305.4838,91.0,,0.6923076923076923,0,,0.6104710484255386,0.3198783902277257,0.0603283389991717,0.0093222219035986,15,0
474,2013-01-01,1,3,150135.2525,2,82390.0761,1,22820.8449,92.0,0.0,0.0108695652173913,1,0.1957091100264829,0.7470611014558356,0.2516936793375693,0.001245219206595,0.0,23,0
478,2013-01-01,63,4,301678.2118,2,180065.76020000002,1,67778.5075,91.66666666666669,0.5773502691896278,0.6872727272727273,1,0.3924800870030545,0.7507959528252547,0.2447821152193663,0.0032843936394613,0.0011375382330478,35,0
484,2013-01-01,124,2,527.4748,1,469.794,0,0.0,92.0,,1.3478260869565215,1,2.082308044592817,0.8906472877946018,0.0,0.1093527122053982,0.0,34,0
492,2013-01-01,63,2,4713.909900000001,2,4713.909900000001,1,4425.7929,91.0,,0.6923076923076923,0,,0.0,0.9050864336630616,0.0747272449988914,0.0201863213380467,16,0
494,2013-01-01,1,3,5757.7325,2,3415.2779,1,1416.8495,92.0,0.0,0.0108695652173913,1,0.3769254596165297,0.2273355874035481,0.7656524508563051,0.0,0.0070119617401468,38,0
496,2013-01-01,32,4,19995.6833,2,8012.7636,1,4228.146,91.66666666666669,0.5773502691896247,0.349090909090909,1,-0.402405212750585,0.8151649011164325,0.1315817149394439,0.0487104384174758,0.0045429475270795,34,0
498,2013-01-01,1,5,63567.9319,2,16460.2222,1,5054.5996,91.25,1.5,0.010958904109589,1,-1.0514504580212716,0.969715745935727,0.0163804841352719,0.0139037699290009,0.0,39,0
504,2013-01-01,63,2,2505.8901,2,2505.8901,1,1242.8518,91.0,,0.6923076923076923,0,,0.991944379364442,0.0,0.0,0.0080556206355578,33,0
506,2013-01-01,63,2,7686.8721,2,7686.8721,1,3423.9685,91.0,,0.6923076923076923,0,,0.7333968780357358,0.1964393553523546,0.0622854645909875,0.0078783020209221,25,0
510,2013-01-01,63,2,218.7049,2,218.7049,1,164.7109,91.0,,0.6923076923076923,0,,0.0,0.0,0.7256577241753615,0.2743422758246386,19,0
512,2013-01-01,63,4,24671.7941,2,11790.9248,1,3839.7654,91.66666666666669,0.5773502691896278,0.6872727272727273,1,-0.0884058839113954,0.8620819148292098,0.0693559654828669,0.0598939610962463,0.0086681576189062,27,0
516,2013-01-01,63,2,70400.4406,2,70400.4406,1,35418.1338,91.0,,0.6923076923076923,0,,0.838588074120661,0.116143980496622,0.0392200637306806,0.006047881183289,17,0
518,2013-01-01,32,4,257638.862,2,138867.33409999998,1,63864.7068,91.66666666666669,0.5773502691896247,0.349090909090909,1,0.1563161139739399,0.8898447154296156,0.0872417799299237,0.0194685307180094,0.0034449739961978,22,0
520,2013-01-01,63,4,50032.2097,2,653.7321999999999,1,183.9382,91.66666666666669,0.5773502691896278,0.6872727272727273,1,-4.323063884566781,0.9264199678152532,0.0727730920107652,0.0,0.0008069401739815,14,0
524,2013-01-01,1,2,2180.3489,1,647.994,1,647.994,276.0,,0.0036231884057971,1,-0.8597898872584953,0.2971973889133065,0.7028026110866935,0.0,0.0,23,1
526,2013-01-01,63,2,766.794,2,766.794,1,275.388,91.0,,0.6923076923076923,0,,0.0,1.0,0.0,0.0,18,0
534,2013-01-01,32,3,154657.3032,2,83382.766,1,30663.3284,92.0,0.0,0.3478260869565217,1,0.1569004663644175,0.7534141147755381,0.1907103860582511,0.0478124393934214,0.0080630597727893,14,0
536,2013-01-01,1,4,2898.2358,2,1966.3849,1,1877.4529,92.0,0.0,0.0108695652173913,1,0.7462150969421275,0.64779163241307,0.3522083675869299,0.0,0.0,14,0
540,2013-01-01,1,2,3290.2311,1,736.1455,1,736.1455,184.0,,0.0054347826086956,1,-1.2430557103268294,0.7554799418192844,0.223736715636783,0.0207833425439325,0.0,14,0
544,2013-01-01,63,4,34130.7719,2,20398.7625,1,9342.1184,91.66666666666669,0.5773502691896278,0.6872727272727273,1,0.395720878594993,0.7726765622901134,0.1919112676147825,0.0300891583410101,0.0053230117540939,15,0
546,2013-01-01,1,3,2367.472,2,1497.7842999999998,1,343.996,92.0,0.0,0.0108695652173913,1,0.5431262326480075,0.0,0.9311511181547236,0.0347424594673136,0.0341064223779626,13,0
548,2013-01-01,32,3,261102.8691,2,172413.2266,1,85919.8459,92.0,0.0,0.3478260869565217,1,0.6647454880102828,0.8946047088840664,0.0897610814495642,0.0130741792296911,0.0025600304290183,13,0
556,2013-01-01,1,3,20159.0532,2,11705.7433,1,4228.146,92.0,0.0,0.0108695652173913,1,0.3254886675285142,0.7387484745563349,0.1986057212250424,0.0566376351444918,0.0060081690741309,42,0
558,2013-01-01,124,2,1666.8438,1,40.373,0,0.0,92.0,,1.3478260869565215,1,-3.6721539381331967,0.0,0.9368822681525408,0.0388965060793338,0.0242212257681253,39,0
560,2013-01-01,63,2,15123.477600000002,2,15123.477600000002,1,8699.9626,91.0,,0.6923076923076923,0,,0.9861634998553508,0.0138365001446492,0.0,0.0,31,0
562,2013-01-01,1,3,128377.9664,2,70143.34719999999,1,22577.6026,92.0,0.0,0.0108695652173913,1,0.1860580404117016,0.80230745811222,0.1281859999925968,0.0580920888305954,0.0114144530022715,15,0
568,2013-01-01,32,3,1560.699,2,912.705,1,647.994,92.0,0.0,0.3478260869565217,1,0.3420842905762074,0.8303894601072981,0.1257955569908098,0.043814982901892,0.0,37,0
570,2013-01-01,32,3,93824.9007,2,56174.6336,1,26692.5733,92.0,0.0,0.3478260869565217,1,0.4001164886524329,0.8613033671987675,0.1256496400427312,0.0130469924920474,0.0,43,0
574,2013-01-01,32,2,4736.1354,1,469.794,1,469.794,275.0,,0.1163636363636363,1,-2.2043256583218565,1.0,0.0,0.0,0.0,12,0
584,2013-01-01,32,3,4111.8383,2,587.8086000000001,1,403.8704,137.5,64.34671708797582,0.2327272727272727,1,-1.7895429674565282,0.0,0.9912462510989306,0.0087537489010693,0.0,29,0
590,2013-01-01,32,3,23861.4895,2,10767.1929,1,3847.9347,92.0,0.0,0.3478260869565217,1,-0.195656440637423,0.8260809158623563,0.0882715641033222,0.0786681233793053,0.0069793962359307,27,0
592,2013-01-01,32,4,351188.4604,2,131470.9395,1,53989.976,91.66666666666669,0.5773502691896247,0.349090909090909,1,-0.5135538356875653,0.7978875147800842,0.1764603960888004,0.02135401048616,0.0042980786962099,36,0
598,2013-01-01,1,3,274221.0413,2,169339.0999,1,74205.0084,92.0,0.0,0.0108695652173913,1,0.4790642337039781,0.8731040465201529,0.113796327050852,0.0104091144372734,0.0026905119917214,16,0
600,2013-01-01,1,5,240901.4125,2,93707.0056,1,50262.906,91.25,1.5,0.010958904109589,1,-0.4515773784543064,0.9576425185966896,0.0418595208527471,0.0001627777919317,0.0003351827586316,38,0
602,2013-01-01,1,3,144520.7627,2,95036.1426,1,42740.6653,92.0,0.0,0.0108695652173913,1,0.6525856655865141,0.9210539497104384,0.0601341366986849,0.0155601455319471,0.0032517680589295,13,0
604,2013-01-01,93,2,1770.2352,1,325.8977,0,0.0,92.0,,1.0108695652173914,1,-1.4864508593738934,0.0,0.5261722849031586,0.3597948453403253,0.1140328697565159,18,0
608,2013-01-01,1,5,25203.6048,2,5236.951599999999,1,205.146,91.25,1.5,0.010958904109589,1,-1.3381831183729087,0.9383617338738782,0.0453586901188039,0.0162795760073178,0.0,30,0
610,2013-01-01,93,1,6214.259,1,6214.259,0,0.0,,,,0,,1.0,0.0,0.0,0.0,15,1
612,2013-01-01,63,3,34838.361,1,2485.7036,1,2485.7036,137.5,64.34671708797582,0.4581818181818182,1,-2.5657690937592665,0.7586197970105425,0.2407552295585891,0.0006249719956687,0.0,24,0
620,2013-01-01,1,2,4320.6758,2,4320.6758,1,4085.4098,92.0,,0.0108695652173913,0,,0.7344779027391966,0.2205974352438107,0.0449246620169928,0.0,27,0
622,2013-01-01,1,3,102691.2094,2,39595.7814,1,17060.9144,92.0,0.0,0.0108695652173913,1,-0.4659163222075584,0.6963833067097952,0.2129196776214031,0.0764354378321305,0.0142615786936091,21,0
628,2013-01-01,1,3,1361.5898000000002,2,1295.988,1,647.994,92.0,0.0,0.0108695652173913,1,2.969068327945217,0.9518197037022456,0.0481802962977542,0.0,0.0,21,0
634,2013-01-01,1,3,16398.2065,2,9865.674,1,2348.97,92.0,0.0,0.0108695652173913,1,0.4122150541072802,0.8422837948772018,0.157716205122798,0.0,0.0,35,0
638,2013-01-01,63,2,10398.3536,2,10398.3536,1,1788.1822,91.0,,0.6923076923076923,0,,0.832803368025492,0.0366212781992718,0.1208687690712883,0.0097065847039477,24,0
640,2013-01-01,32,3,13245.2607,2,9463.419,1,3288.558,92.0,0.0,0.3478260869565217,1,0.9170638990518434,0.9949008931171888,0.0050991068828112,0.0,0.0,19,0
642,2013-01-01,63,4,127118.3656,2,102012.7663,1,42720.336,91.66666666666669,0.5773502691896278,0.6872727272727273,1,1.4019770360040038,0.7924927025021474,0.1456259377834543,0.0509275731594207,0.0109537869955118,39,0
648,2013-01-01,63,4,288884.0666,2,184270.8997,1,87693.7567,91.66666666666669,0.5773502691896278,0.6872727272727273,1,0.5661334013479866,0.8669760750314778,0.107245340196966,0.0194838698937091,0.0062947147947688,20,0
658,2013-01-01,63,2,1272.3885,2,1272.3885,1,1070.0565,91.0,,0.6923076923076923,0,,0.8409825300998869,0.159017469900113,0.0,0.0,29,0
662,2013-01-01,32,4,294256.6,2,145524.8508,1,46261.8667,91.66666666666669,0.5773502691896247,0.349090909090909,1,-0.0217973263769373,0.7863796932337288,0.2122530012920696,0.0013673056101375,0.0,32,0
664,2013-01-01,32,3,152685.42190000002,2,86963.7432,1,35765.7551,92.0,0.0,0.3478260869565217,1,0.2800587343234344,0.8046723624503408,0.1532701852527022,0.0373991755659549,0.0046582764821243,28,0
668,2013-01-01,63,4,151136.7341,2,75672.9504,1,36305.9355,91.66666666666669,0.5773502691896278,0.6872727272727273,1,0.0027678785955647,0.8981406613906712,0.0823115166149405,0.0159491829657049,0.0035986386978571,25,0
672,2013-01-01,63,4,140109.3983,2,92523.7428,1,48509.9926,91.66666666666669,0.5773502691896278,0.6872727272727273,1,0.6649237231848559,0.902955466478511,0.0721296295796025,0.019676186847203,0.0052387170946832,31,0
684,2013-01-01,32,3,21225.1486,2,9084.8863,1,1548.5749,92.0,0.0,0.3478260869565217,1,-0.2898875053076644,0.8726554168859859,0.088288451370371,0.0390561313667316,0.0,34,0
692,2013-01-01,32,3,98060.251,2,52995.9843,1,23264.4941,92.0,0.0,0.3478260869565217,1,0.1621232018241194,0.7243111645716671,0.2701984262716195,0.0054904091567132,0.0,39,0
694,2013-01-01,154,3,25885.4643,1,149.031,0,0.0,92.0,0.0,1.673913043478261,1,-5.144859820373082,0.912565195904174,0.0621901844735309,0.015886549116293,0.009358070506002,33,0
700,2013-01-01,1,2,2715.3412,1,1229.4589,1,1229.4589,184.0,,0.0054347826086956,1,-0.1892943224542609,0.9104972516897692,0.0895027483102307,0.0,0.0,24,0
702,2013-01-01,63,2,24006.6567,2,24006.6567,1,11075.418,91.0,,0.6923076923076923,0,,0.9001888213780306,0.0998111786219694,0.0,0.0,16,0
710,2013-01-01,1,3,35821.018800000005,2,17876.3784,1,10335.468,92.0,0.0,0.0108695652173913,1,-0.0038110737122671,0.6649323943851647,0.27315108915886,0.0562811365376352,0.0056353785225114,30,0
716,2013-01-01,63,4,18665.1578,2,11239.6139,1,4039.3958,91.66666666666669,0.5773502691896278,0.6872727272727273,1,0.4144728646780926,0.8950399712131017,0.0640130135947738,0.0409470151921244,0.0,12,0
722,2013-01-01,124,1,469.794,1,469.794,0,0.0,,,,0,,1.0,0.0,0.0,0.0,29,0
726,2013-01-01,63,3,2270.6447,2,1367.0103,1,107.2672,91.5,0.7071067811865476,0.6885245901639344,1,0.4135817432155981,0.3852623882547543,0.5103443088211908,0.0599422710210892,0.0444510319029657,41,1
728,2013-01-01,1,5,25253.0151,2,6020.120999999999,1,1409.382,91.25,1.5,0.010958904109589,1,-1.161400585790224,0.9647937485294577,0.0276685772860445,0.0075376741844976,0.0,15,0
732,2013-01-01,1,3,13748.6048,2,8252.603799999999,1,4697.94,92.0,0.0,0.0108695652173913,1,0.4064472584131628,0.6492357682722831,0.2760359363882508,0.0644504888234186,0.0102778065160473,12,0
734,2013-01-01,63,2,8661.991,2,8661.991,1,3711.1707,91.0,,0.6923076923076923,0,,0.8562618109393094,0.119356681391149,0.0243815076695415,0.0,17,0
738,2013-01-01,1,5,45051.9807,2,2846.4158,1,136.764,91.25,1.5,0.010958904109589,1,-2.6961639291895496,0.9689608541450876,0.013836616954779,0.0172025289001333,0.0,28,0
744,2013-01-01,32,3,25629.6684,2,15156.6074,1,8742.9763,92.0,0.0,0.3478260869565217,1,0.3696007247544912,0.915613184445258,0.0432868651550716,0.0346020590730701,0.0064978909364274,30,0
746,2013-01-01,1,3,38336.077000000005,2,22482.4624,1,7986.498,92.0,0.0,0.0108695652173913,1,0.3493194346122017,0.846181410267931,0.1234275379820423,0.0282847851124672,0.0021062666375591,22,0
752,2013-01-01,63,4,32115.4797,2,22706.0574,1,10080.9959,91.66666666666669,0.5773502691896278,0.6872727272727273,1,0.8808579444668965,0.9473643219472134,0.0411021729188121,0.0115335035770927,0.0,24,0
762,2013-01-01,32,3,218611.2943,2,109357.8689,1,37020.0401,92.0,0.0,0.3478260869565217,1,0.0009555092089055,0.8449340851462128,0.1517787945688952,0.0032185052572555,6.861493614971018e-05,33,0
764,2013-01-01,63,4,151044.1625,2,70035.7528,1,30063.6207,91.66666666666669,0.5773502691896278,0.6872727272727273,1,-0.1455451727970445,0.7699322085684708,0.2176600515759753,0.008531996064396,0.0038757439566722,41,0
766,2013-01-01,1,2,8367.497,1,8158.241,1,8158.241,184.0,,0.0054347826086956,1,3.658580593024855,0.9749918045981972,0.0250081954018029,0.0,0.0,36,0
768,2013-01-01,32,3,145705.0924,2,73573.11,1,29407.0435,92.0,0.0,0.3478260869565217,1,0.0197818043185176,0.749360927621223,0.1911251092278227,0.0503476518299095,0.0091663114034029,26,0
776,2013-01-01,63,2,1108.5087,2,1108.5087,1,324.4527,91.0,,0.6923076923076923,0,,0.4238072285765551,0.5761927714234448,0.0,0.0,27,0
780,2013-01-01,1,5,103270.9374,2,44483.2929,1,23623.3817,91.25,1.5,0.010958904109589,1,-0.2788125571812561,0.7606705688719739,0.2307872350154536,0.0065874835372608,0.0019547125753116,15,0
782,2013-01-01,1,3,80727.0523,2,40841.479,1,6123.1246,92.0,0.0,0.0108695652173913,1,0.0236829332560013,0.718988139097456,0.1751124486431917,0.0904957345011345,0.0154036777582178,30,0
786,2013-01-01,63,2,246607.153,2,246607.153,1,100452.5877,91.0,,0.6923076923076923,0,,0.7597914067074932,0.2129704561975945,0.022722868172441,0.0045152688332604,33,0
788,2013-01-01,63,4,124199.6126,2,77903.6649,1,30032.4467,91.66666666666669,0.5773502691896278,0.6872727272727273,1,0.5204097997543133,0.7182670175655604,0.2156848506949369,0.0562755175212197,0.0097726150234384,41,0
790,2013-01-01,1,5,257929.4928,2,89437.7783,1,38334.652,91.25,1.5,0.010958904109589,1,-0.633338161591924,0.8142916991771015,0.1485137336725689,0.0295488341300688,0.0076457328651793,36,0
792,2013-01-01,32,3,143915.3599,2,80681.6882,1,36874.6869,92.0,0.0,0.3478260869565217,1,0.243671278243621,0.7702340253397788,0.1720267101246362,0.0517617539585501,0.0059775101184317,26,0
794,2013-01-01,1,5,206764.5025,2,65229.112,1,20987.1856,91.25,1.5,0.010958904109589,1,-0.7746356578895739,0.8178513325806493,0.128318604882383,0.0426500111836169,0.0111800510825111,39,0
798,2013-01-01,63,2,183293.8592,2,183293.8592,1,79994.1743,91.0,,0.6923076923076923,0,,0.7893106065443134,0.1739412232420277,0.0299319674098498,0.0068162027547074,33,0
802,2013-01-01,63,2,9727.4908,2,9727.4908,1,3027.3802,91.0,,0.6923076923076923,0,,0.5312504638914693,0.350644782927988,0.1015031440584862,0.0166016091220564,16,0
808,2013-01-01,1,3,198487.2377,2,109213.5584,1,43071.7873,92.0,0.0,0.0108695652173913,1,0.2015964719029899,0.6482768055570558,0.302067302909521,0.0411274633955974,0.008528427961492,30,0
812,2013-01-01,63,4,153798.7393,2,95791.6554,1,44080.9805,91.66666666666669,0.5773502691896278,0.6872727272727273,1,0.5016036376465856,0.9178509397573456,0.0588721971403051,0.0178180862370696,0.0054587768652795,29,0
814,2013-01-01,63,4,317507.3898,2,210685.2969,1,97962.4024,91.66666666666669,0.5773502691896278,0.6872727272727273,1,0.6791961538168376,0.8953693332274058,0.1042280670092296,0.0004025997633646,0.0,34,0
816,2013-01-01,1,5,407433.5041,2,176526.2375,1,79070.5683,91.25,1.5,0.010958904109589,1,-0.2685453327847771,0.9023616901907112,0.0887890883689356,0.0067510226142936,0.0020981988260596,26,0
818,2013-01-01,1,3,49008.312,1,209.256,1,209.256,182.5,132.22896808188435,0.0054794520547945,1,-5.447160903480282,0.9950323528792422,0.0042698063136718,0.0006978408070859,0.0,31,0
820,2013-01-01,32,4,26148.0318,2,1376.4765,1,1308.9375,91.66666666666669,0.5773502691896247,0.349090909090909,1,-2.8894831972541795,0.9199235026171262,0.0800764973828737,0.0,0.0,23,0
822,2013-01-01,1,2,1607.418,2,1607.418,1,198.036,92.0,,0.0108695652173913,0,,0.8767986920639188,0.1232013079360813,0.0,0.0,15,0
826,2013-01-01,63,4,6335.6836,2,1307.6029,1,983.1502,91.66666666666669,0.5773502691896278,0.6872727272727273,1,-1.3462771244290312,0.529646272108664,0.470353727891336,0.0,0.0,14,0
828,2013-01-01,63,4,316681.8038,2,178895.04700000002,1,89561.754,91.66666666666669,0.5773502691896278,0.6872727272727273,1,0.2610903871003032,0.7668026061211921,0.2036311684921633,0.0246272408658043,0.0049389844355812,34,0
832,2013-01-01,1,5,186628.455,2,81661.5179,1,35380.64,91.25,1.5,0.010958904109589,1,-0.2510598232112908,0.8512947749580846,0.1484781069424809,0.0002271180994345,0.0,22,0
836,2013-01-01,63,1,1409.382,1,1409.382,1,1409.382,,,,0,,1.0,0.0,0.0,0.0,15,0
844,2013-01-01,63,1,2283.84,1,2283.84,1,2283.84,,,,0,,0.8228142076502731,0.1771857923497267,0.0,0.0,21,0
846,2013-01-01,1,5,28523.6174,2,14240.1215,1,3995.3819,91.25,1.5,0.010958904109589,1,-0.003041086390505,0.5606268158680322,0.4360648029166174,0.0018929576583087,0.0014154235570415,14,0
848,2013-01-01,1,3,94741.7741,2,48896.3225,1,24252.0932,92.0,0.0,0.0108695652173913,1,0.0644248361669159,0.6914901733933226,0.3022572003958284,0.006252626210849,0.0,34,0
852,2013-01-01,32,4,137631.3086,2,59033.69069999999,1,24351.9855,91.66666666666669,0.5773502691896247,0.349090909090909,1,-0.2862288662305907,0.6649978266645646,0.2666735568624827,0.0578955249430797,0.0104330912101783,33,0
862,2013-01-01,63,2,86062.26150000001,2,86062.26150000001,1,30460.4065,91.0,,0.6923076923076923,0,,0.7612330893721634,0.2279915291326616,0.0107753815881308,0.0,14,0
864,2013-01-01,154,3,30141.687,1,202.332,0,0.0,92.0,0.0,1.673913043478261,1,-4.992122403850054,0.8244452939876921,0.1493777770301974,0.0174705649355326,0.0087063640465777,34,1
872,2013-01-01,63,2,2479.4378,2,2479.4378,1,2458.9178,91.0,,0.6923076923076923,0,,0.9917239303200104,0.0082760696799895,0.0,0.0,15,0
874,2013-01-01,32,3,126901.7169,2,81910.25820000001,1,40230.98,92.0,0.0,0.3478260869565217,1,0.5991415528893143,0.6968279063527784,0.229131353856411,0.0629541959648616,0.0110865439993113,23,0
878,2013-01-01,63,4,76367.9387,2,20231.1881,1,11084.5422,91.66666666666669,0.5773502691896278,0.6872727272727273,1,-1.0205336959656126,0.8200050264287152,0.1796173228386482,0.0003776506278805,0.0,22,0
880,2013-01-01,32,2,3712.7038,1,647.994,1,647.994,275.0,,0.1163636363636363,1,-1.5526109322719217,0.1745342572170718,0.8254657427829283,0.0,0.0,20,0
886,2013-01-01,154,1,780.8182,1,780.8182,0,0.0,,,,0,,0.0,1.0,0.0,0.0,18,1
892,2013-01-01,1,3,2738.2736,2,229.776,1,209.256,92.0,0.0,0.0108695652173913,1,-2.386390309636892,0.9077630518732678,0.0839127251564635,0.0083242229702685,0.0,29,0
900,2013-01-01,1,5,28259.2575,2,474.0192,1,159.558,91.25,1.5,0.010958904109589,1,-4.0689409276630935,0.9347351748360692,0.0069474224508552,0.0533170767137105,0.0050003259993649,25,0
902,2013-01-01,63,2,159.558,2,159.558,1,68.382,91.0,,0.6923076923076923,0,,0.0,0.0,1.0,0.0,30,0
908,2013-01-01,32,4,22033.5609,2,5778.9151,1,2818.764,91.66666666666669,0.5773502691896247,0.349090909090909,1,-1.034051288285644,0.8324843035244476,0.1035976531600936,0.0563596270995851,0.0075584146727731,19,0
912,2013-01-01,154,1,91.176,1,91.176,0,0.0,,,,0,,0.0,0.0,1.0,0.0,16,1
916,2013-01-01,93,2,2391.4815,1,20.1865,0,0.0,92.0,,1.0108695652173914,1,-4.718248933620157,0.0,0.9794993605428268,0.0120596375092176,0.0084410019479556,18,1
920,2013-01-01,1,1,22.794,1,22.794,1,22.794,,,,0,,0.0,0.0,1.0,0.0,30,1
928,2013-01-01,63,2,72730.6619,2,72730.6619,1,35251.0065,91.0,,0.6923076923076923,0,,0.8853127720538454,0.0970914565538967,0.0175957707047899,0.0,25,0
930,2013-01-01,32,3,6451.4426,2,3523.7164,1,1499.1678,92.0,0.0,0.3478260869565217,1,0.1852323946538439,0.5758653886186633,0.3830696563897197,0.0316779847037622,0.0093869702878546,31,0
932,2013-01-01,32,3,278173.4175,2,180371.6364,1,80857.134,92.0,0.0,0.3478260869565217,1,0.6120718999549002,0.9277988548276724,0.0722011451723276,0.0,0.0,37,0
938,2013-01-01,63,2,665.8643000000001,2,665.8643000000001,1,600.2625,91.0,,0.6923076923076923,0,,0.9014787247191356,0.0985212752808642,0.0,0.0,22,0
944,2013-01-01,32,3,21505.9455,2,13532.6413,1,4228.146,92.0,0.0,0.3478260869565217,1,0.5289541366225858,0.7208798143750527,0.2741584088920898,0.004023129324865,0.0009386474079923,31,0
948,2013-01-01,1,3,22873.5437,2,4670.8415,1,1411.8109,92.0,0.0,0.0108695652173913,1,-1.3600716715418724,0.8641027800165483,0.0482732371722532,0.0796812476415711,0.0079427351696274,28,0
950,2013-01-01,63,2,11354.6588,2,11354.6588,1,5637.528,91.0,,0.6923076923076923,0,,0.868865738176122,0.1311342618238779,0.0,0.0,33,0
952,2013-01-01,124,2,300.2438,1,269.964,0,0.0,92.0,,1.3478260869565215,1,2.159013448932319,0.0,0.0,0.8991492913425688,0.1008506420448981,25,0
954,2013-01-01,32,3,139007.8327,2,76497.5228,1,28063.2571,92.0,0.0,0.3478260869565217,1,0.2019239320707733,0.8040762231738615,0.129807847871007,0.0566195180093617,0.0094964109601573,39,0
958,2013-01-01,1,3,38034.4132,2,30229.9391,1,20078.2551,92.0,0.0,0.0108695652173913,1,1.3540405782399103,0.6739342701361829,0.3256942531191726,0.0003714767446445,0.0,27,0
960,2013-01-01,93,2,1041.2498,1,202.332,0,0.0,184.0,,0.5054347826086957,1,-1.4184639188054806,0.8056835160976742,0.1943164839023258,0.0,0.0,21,1
962,2013-01-01,1,3,27741.9719,2,26761.0856,1,24617.2453,92.0,0.0,0.0108695652173913,1,3.305265930888032,0.7054080211219592,0.2635722841316842,0.0310196947463565,0.0,15,0
964,2013-01-01,93,4,81132.1446,1,2458.9178,0,0.0,91.0,1.7320508075688772,1.021978021978022,1,-3.465187680377851,0.9085019034490062,0.09107656202644,0.0004215345245539,0.0,34,1
966,2013-01-01,63,4,2855.31,2,1623.618,1,1409.382,91.66666666666669,0.5773502691896278,0.6872727272727273,1,0.2760723154885314,0.7999747838238229,0.200025216176177,0.0,0.0,39,0
970,2013-01-01,1,5,131927.4759,2,46309.0969,1,15161.9116,91.25,1.5,0.010958904109589,1,-0.6145516348011064,0.8723467116981354,0.126679240893443,0.0009740472871428,0.0,27,0
976,2013-01-01,1,3,103690.329,2,57368.441,1,23097.0182,92.0,0.0,0.0108695652173913,1,0.2138755945992851,0.6994024920106098,0.2943150320219352,0.0062824759674549,0.0,14,0
978,2013-01-01,63,2,173238.28519999998,2,173238.28519999998,1,70011.4,91.0,,0.6923076923076923,0,,0.6361974212152962,0.2826929085996287,0.0702145882993305,0.0108950815740353,34,0
982,2013-01-01,32,3,65956.1138,2,23517.6493,1,4802.334,92.0,0.0,0.3478260869565217,1,-0.5902850021924895,0.7355669719279306,0.1366261621678504,0.1063886683541988,0.0214181975955047,22,0
986,2013-01-01,1,3,33528.077900000004,2,16715.9266,1,5168.5696,92.0,0.0,0.0108695652173913,1,-0.005739620674289,0.8844627356344814,0.0564648085597534,0.0548579133431326,0.0042145422240265,36,0
988,2013-01-01,1,3,21732.1708,2,13211.5077,1,5637.528,92.0,0.0,0.0108695652173913,1,0.4385524126548521,0.8938813374317857,0.1061186625682143,0.0,0.0,28,0
998,2013-01-01,63,4,40803.2815,2,29108.6224,1,12686.0788,91.66666666666669,0.5773502691896278,0.6872727272727273,1,0.9118510303201184,0.9508596986249748,0.0310412411315496,0.0180990588220214,0.0,27,0
1002,2013-01-01,32,3,12412.2958,2,6892.6848,1,3288.558,92.0,0.0,0.3478260869565217,1,0.2221172035634104,0.7967231734841512,0.0935343484160279,0.0987647326290757,0.0109777443428314,24,0
1014,2013-01-01,63,2,42208.9617,2,42208.9617,1,13285.8532,91.0,,0.6923076923076923,0,,0.9070901547431336,0.0412966448307587,0.0482654403934319,0.0033477606249669,15,0
1016,2013-01-01,63,4,46004.2205,2,10665.2015,1,3045.615,91.66666666666669,0.5773502691896278,0.6872727272727273,1,-1.197936000720114,0.9533353070290582,0.0115563201424095,0.0329143888004797,0.0021939834846239,42,0
1018,2013-01-01,32,4,69441.5952,2,2967.4606000000003,1,1275.0469,91.66666666666669,0.5773502691896247,0.349090909090909,1,-3.108784460004533,0.956368555600232,0.0165310430541491,0.0242660972166146,0.0028343036969865,12,0
1026,2013-01-01,63,2,25068.8885,2,25068.8885,1,7921.746,91.0,,0.6923076923076923,0,,0.8058251964382066,0.1826006765317896,0.0107688859041357,0.000805241125868,35,0
1028,2013-01-01,1,3,13242.9782,2,5483.5905,1,1320.6349,92.0,0.0,0.0108695652173913,1,-0.347089861505788,0.8395922376433422,0.0513793037883276,0.0953096027901035,0.0137188551741329,41,0
1032,2013-01-01,1,5,313824.7287,2,138489.96970000002,1,66265.3313,91.25,1.5,0.010958904109589,1,-0.2358976357949505,0.914273875307902,0.0799440037881246,0.0051388796914779,0.0006432412156818,25,0
1034,2013-01-01,1,3,2593.1647000000003,2,1798.918,1,489.9805,92.0,0.0,0.0108695652173913,1,0.8168440063088491,0.8670970648335601,0.1251184315442825,0.0,0.0077845036221571,17,0
1040,2013-01-01,63,2,53124.3208,2,53124.3208,1,26615.21,91.0,,0.6923076923076923,0,,0.8360046986238363,0.1447944629533974,0.0192008384227662,0.0,19,0
1044,2013-01-01,124,2,29373.6405,1,65.6018,0,0.0,183.0,,0.6775956284153005,1,-6.086919631278963,0.96287327067954,0.0269166431719622,0.0067739271201334,0.0034361590283642,16,0
1046,2013-01-01,32,4,124286.3434,2,69113.6116,1,35984.4499,91.66666666666669,0.5773502691896247,0.349090909090909,1,0.2252791974499928,0.8411171890668078,0.1165788839194379,0.0365528014641068,0.0057511249462022,38,0
1048,2013-01-01,32,2,1010.82,2,1010.82,1,627.768,92.0,,0.3478260869565217,0,,0.0,0.9774499910963376,0.0225500089036623,0.0,13,0
1050,2013-01-01,32,4,296800.7702,2,162680.8172,1,80097.995,91.66666666666669,0.5773502691896247,0.349090909090909,1,0.1930542242226263,0.9434105885618757,0.0549733307262152,0.0004236329977017,0.0011924476805148,13,0
1052,2013-01-01,1,3,103784.3083,2,64757.239100000006,1,24715.3619,92.0,0.0,0.0108695652173913,1,0.5063798269422399,0.8661699516284197,0.1175761191636712,0.0160594246114949,0.0001945043555298,19,0
1056,2013-01-01,1,3,2854.0183,2,2139.314,1,418.512,138.0,65.05382386916237,0.0072463768115942,1,1.09544073339376,0.0,0.9760400975705026,0.0239599024294973,0.0,31,0
1062,2013-01-01,63,2,667.8299999999999,2,667.8299999999999,1,198.036,91.0,,0.6923076923076923,0,,0.703463456268811,0.2965365437311891,0.0,0.0,16,1
1064,2013-01-01,63,2,5500.1379,2,5500.1379,1,790.9342,91.0,,0.6923076923076923,0,,0.0,1.0,0.0,0.0,38,0
1066,2013-01-01,63,4,150166.369,2,70619.5522,1,36234.3369,91.66666666666669,0.5773502691896278,0.6872727272727273,1,-0.1190371002482741,0.8875116469986698,0.1046668365537958,0.0067460958918171,0.0010754205557171,13,0
1068,2013-01-01,93,2,1336.361,1,20.1865,0,0.0,92.0,,1.0108695652173914,1,-4.129880004681223,0.9697888519644018,0.0,0.0,0.0302111480355981,13,0
1070,2013-01-01,1,3,190732.7335,2,131213.9736,1,66688.4432,92.0,0.0,0.0108695652173913,1,0.7905286414681303,0.8799557895498834,0.0908535901625926,0.0259356417287439,0.0032549787789834,19,0
1074,2013-01-01,154,1,379.467,1,379.467,0,0.0,,,,0,,0.0,1.0,0.0,0.0,31,0
1082,2013-01-01,63,3,2846.949,2,2826.7625,1,1152.0771,137.5,65.76093065034893,0.4581818181818182,1,4.893876855490644,0.2108441352479443,0.7820652916508164,0.0,0.0070905731012392,43,0
1086,2013-01-01,32,4,166732.7648,2,90028.2371,1,42079.4855,91.66666666666669,0.5773502691896247,0.349090909090909,1,0.1601606993656794,0.9288136173220826,0.0475854911271764,0.0199987151895414,0.0036021764571614,40,0
1090,2013-01-01,1,5,49365.01,2,3104.3514,1,577.782,91.25,1.5,0.010958904109589,1,-2.7011866287453152,0.8610454348130387,0.1360718877601766,0.002473754183378,0.0004089232434066,37,0
1092,2013-01-01,154,1,780.8182,1,780.8182,0,0.0,,,,0,,0.0,1.0,0.0,0.0,29,0
1096,2013-01-01,32,3,2103.1842,2,1778.7315,1,469.794,92.0,0.0,0.3478260869565217,1,1.6990006530223605,0.8457326276985153,0.1542673723014845,0.0,0.0,26,0
1102,2013-01-01,93,2,6591.812400000001,1,2449.1909,0,0.0,92.0,,1.0108695652173914,1,-0.5254042240246246,0.0,1.0,0.0,0.0,43,0
1106,2013-01-01,63,1,65.6018,1,65.6018,1,65.6018,,,,0,,0.0,1.0,0.0,0.0,43,0
1108,2013-01-01,1,5,210733.8143,2,100742.4828,1,50953.322,91.25,1.5,0.010958904109589,1,-0.0878331378400716,0.8807609505694787,0.0997148111697231,0.0163881468736837,0.0031360913871144,35,0
1112,2013-01-01,1,2,1439.1808,1,1242.8518,1,1242.8518,184.0,,0.0054347826086956,1,1.8410957478542416,0.8635828104432742,0.1364171895567256,0.0,0.0,15,1
1114,2013-01-01,63,2,20002.0029,2,20002.0029,1,4556.4245,91.0,,0.6923076923076923,0,,0.8665612532232959,0.0209252044454008,0.0933382876371845,0.0191752546941186,30,0
1116,2013-01-01,93,2,1696.1436,1,67.539,0,0.0,92.0,,1.0108695652173914,1,-3.168689761367607,0.2769777275933476,0.7230222724066523,0.0,0.0,18,0
1128,2013-01-01,124,1,183.9382,1,183.9382,0,0.0,,,,0,,0.0,1.0,0.0,0.0,26,1
1132,2013-01-01,63,2,2850.2179,2,2850.2179,1,70.3324,91.0,,0.6923076923076923,0,,0.0,0.793556941734174,0.135618648665423,0.0708244096004028,19,0
1134,2013-01-01,1,5,29819.1772,2,12464.4282,1,6577.116,91.25,1.5,0.010958904109589,1,-0.3309647374023399,0.8221469605137195,0.1274122848701539,0.0429941541109994,0.0074466005051272,24,0
1138,2013-01-01,124,2,126.89419999999998,1,40.373,0,0.0,92.0,,1.3478260869565215,1,-0.7492525555711005,0.0,0.0,0.6818373101371064,0.3181626898628937,21,0
1142,2013-01-01,1,3,16238.8323,2,13012.7257,1,5031.8056,92.0,0.0,0.0108695652173913,1,1.3944186772475715,0.8385946691499487,0.0560355562019074,0.0892094685896842,0.0161603060584596,18,0
1150,2013-01-01,63,2,10362.6806,2,10362.6806,1,4296.2135,91.0,,0.6923076923076923,0,,0.5440221712517127,0.365793721365879,0.0765481086042543,0.0136359987781539,12,0
1154,2013-01-01,124,2,3125.8692,1,648.9054,0,0.0,92.0,,1.3478260869565215,1,-1.3383656396907009,0.0,0.956969024807564,0.0391939624345126,0.0038370127579234,23,0
1156,2013-01-01,1,3,16533.0942,2,6447.6083,1,2527.2998,92.0,0.0,0.0108695652173913,1,-0.4473321580985185,0.8972225053916405,0.0710676408049498,0.0317098538034096,0.0,29,0
1162,2013-01-01,32,3,12823.9704,2,7992.0252,1,2631.8687,92.0,0.0,0.3478260869565217,1,0.5031132573119272,0.8659805390692417,0.083407553716749,0.0458895319970482,0.004722372097802,17,0
1164,2013-01-01,1,5,76398.402,2,19343.3077,1,5054.5996,91.25,1.5,0.010958904109589,1,-1.0816366939545272,0.9529707938132004,0.0207281560679763,0.0249799163600306,0.0013211336540782,23,0
1168,2013-01-01,63,2,930.4909,2,930.4909,1,246.4609,91.0,,0.6923076923076923,0,,0.5048883336741928,0.4476862696883978,0.0151843505401288,0.0322410460972804,31,0
1170,2013-01-01,154,3,58141.8908,1,1308.9375,0,0.0,92.0,0.0,1.673913043478261,1,-3.770154490349121,0.9874377081661748,0.0125622918338252,0.0,0.0,37,1
1174,2013-01-01,1,5,263105.6896,2,91231.3064,1,43394.4135,91.25,1.5,0.010958904109589,1,-0.6333606267502905,0.9316658030948184,0.0650906950208347,0.0022460909184382,0.0009974109659086,16,0
1182,2013-01-01,1,5,196055.5719,2,93260.5911,1,43681.833,91.25,1.5,0.010958904109589,1,-0.0973379028408452,0.926192298133813,0.0685272735163718,0.0046626494271035,0.0006177789227116,19,0
1184,2013-01-01,32,4,178021.4647,2,86818.1318,1,39579.4797,91.66666666666669,0.5773502691896247,0.349090909090909,1,-0.049275395998702,0.8877567897013263,0.0897195409942046,0.0179755492147683,0.0045481201458736,25,0
1186,2013-01-01,32,4,3439.788,2,485.0852,1,414.4407,91.66666666666669,0.5773502691896247,0.349090909090909,1,-1.805107818563786,0.6241553258514769,0.3082182681025691,0.0676264060459539,0.0,31,0
1188,2013-01-01,63,2,66444.6801,2,66444.6801,1,33557.6539,91.0,,0.6923076923076923,0,,0.7917889892888506,0.1443396895818601,0.0574758049591392,0.0063955157788471,37,0
1192,2013-01-01,1,5,60649.0,2,1132.6297,1,489.9805,91.25,1.5,0.010958904109589,1,-3.9608435989923176,0.965567521311151,0.0329252221800854,0.001174415076918,0.0003328414318455,38,0
1200,2013-01-01,1,3,143860.7371,2,91755.2292,1,44603.9551,92.0,0.0,0.0108695652173913,1,0.5658455251512962,0.8747480614709016,0.0983346588177602,0.0219667560705136,0.0049505237798479,25,0
1202,2013-01-01,1,3,122769.2964,2,81749.10889999999,1,38994.1166,92.0,0.0,0.0108695652173913,1,0.6895784403683258,0.8830890343035313,0.10982767267859,0.0069188667273326,0.000164426290546,17,0
1204,2013-01-01,63,4,8290.9324,2,7077.2221,1,3463.579,91.66666666666669,0.5773502691896278,0.6872727272727273,1,1.762517148203477,0.3407405541022141,0.6390228076157032,0.012932333159537,0.0073043051225456,22,0
1212,2013-01-01,63,1,736.1455,1,736.1455,1,736.1455,,,,0,,0.0,1.0,0.0,0.0,34,0
1214,2013-01-01,1,5,235401.6297,2,65706.0037,1,26581.4832,91.25,1.5,0.010958904109589,1,-0.9488067688708508,0.940078405497972,0.0509977900972875,0.0079643675805868,0.0009594368581382,26,0
1216,2013-01-01,63,2,794.2466999999999,2,794.2466999999999,1,324.4527,91.0,,0.6923076923076923,0,,0.5914963197203086,0.4085036802796915,0.0,0.0,31,1
1218,2013-01-01,63,2,4831.8251,2,4831.8251,1,1684.2578,91.0,,0.6923076923076923,0,,0.0,1.0,0.0,0.0,23,0
1220,2013-01-01,1,3,113403.0655,2,74799.0428,1,38285.4856,92.0,0.0,0.0108695652173913,1,0.6614360674054414,0.8635755864994672,0.0916207745724475,0.0384582810682485,0.0063453575688392,28,0
1234,2013-01-01,32,3,91353.5461,2,54145.1338,1,24987.5865,92.0,0.0,0.3478260869565217,1,0.3751248248369965,0.8410228970848893,0.0965103050334682,0.0568101728127661,0.0056566254082171,26,0
1236,2013-01-01,1,3,105216.953,2,72008.7238,1,33688.8473,92.0,0.0,0.0108695652173913,1,0.7739733374322704,0.8758779880272716,0.0818275549188351,0.0372106893743634,0.005083767251842,16,0
1242,2013-01-01,1,3,172701.4457,2,116730.3149,1,55911.9636,92.0,0.0,0.0108695652173913,1,0.7350209374841032,0.82865477518119,0.1357285991729251,0.0315989608186586,0.004017664688258,43,0
1246,2013-01-01,63,3,4615.5184,2,3186.1098,1,2940.8598,91.5,0.7071067811865476,0.6885245901639344,1,0.8011543495815694,0.2692767512312376,0.7130476611251295,0.0176755876436328,0.0,38,0
1254,2013-01-01,1,3,147346.2291,2,88967.6832,1,44669.7475,92.0,0.0,0.0108695652173913,1,0.4213188466056312,0.9168002847790556,0.0546767633566809,0.0242969326182776,0.0042260192459855,19,0
1256,2013-01-01,32,3,1773.5672,2,249.0278,1,197.976,92.0,0.0,0.3478260869565217,1,-1.808531219740721,0.0,0.8392946148304953,0.1607053851695047,0.0,25,0
1266,2013-01-01,1,3,245616.3183,2,161235.5804,1,82168.7862,92.0,0.0,0.0108695652173913,1,0.6475217272902114,0.9094177815464796,0.0742144448144347,0.013631477432662,0.0027362962064235,43,0
1270,2013-01-01,1,5,67290.29669999999,2,472.506,1,263.25,91.25,1.5,0.010958904109589,1,-4.949575033731732,0.9056999744214236,0.0853470125953539,0.0071530655028305,0.001799947480392,40,1
1274,2013-01-01,63,2,818.9631999999999,2,818.9631999999999,1,183.9382,91.0,,0.6923076923076923,0,,0.5736448231129311,0.426355176887069,0.0,0.0,37,0
1278,2013-01-01,63,2,75520.4697,2,75520.4697,1,38235.7269,91.0,,0.6923076923076923,0,,0.7918478968358429,0.1578206815628425,0.0428256019705343,0.0075058193129855,34,0
1280,2013-01-01,93,3,1526.0438,1,217.332,0,0.0,92.0,0.0,1.0108695652173914,1,-1.791545551913381,0.8575846905573746,0.1325859716477338,0.0,0.0098293377948916,26,0
1288,2013-01-01,63,1,202.332,1,202.332,1,202.332,,,,0,,0.0,1.0,0.0,0.0,20,1
1290,2013-01-01,1,3,109285.1762,2,68307.36739999999,1,33016.168,92.0,0.0,0.0108695652173913,1,0.5109771940395973,0.9000958411777717,0.0866232780068482,0.0124649006879672,0.0008159798346008,25,0
1294,2013-01-01,32,3,101199.4256,2,44017.1717,1,8874.407,92.0,0.0,0.3478260869565217,1,-0.2616585496941273,0.5897328373768952,0.3308018271993037,0.0647804483190663,0.0146848874604679,41,0
1296,2013-01-01,63,4,115437.4723,2,76600.6463,1,27258.3596,91.66666666666669,0.5773502691896278,0.6872727272727273,1,0.6792239000496103,0.7185322908789991,0.2704761840146425,0.0080187428012489,0.0029727825216768,36,0
1310,2013-01-01,1,4,88774.2023,1,141.615,1,141.615,121.66666666666669,54.00308633155454,0.0082191780821917,1,-6.432117462132817,0.8978450218076474,0.1019623546648303,0.0001926235275222,0.0,15,0
1312,2013-01-01,1,5,103113.5066,2,40763.1482,1,17494.4072,91.25,1.5,0.010958904109589,1,-0.4249824840561409,0.8961880673739011,0.1032525413115957,0.0005593913145031,0.0,14,0
1316,2013-01-01,1,3,103471.5643,2,57450.3845,1,17782.3246,92.0,0.0,0.0108695652173913,1,0.2218156533731736,0.8417477032383089,0.0764313495548457,0.0678646043819403,0.0139563425156412,34,0
1320,2013-01-01,1,3,2554.2758000000003,2,95.358,1,74.838,92.0,0.0,0.0108695652173913,1,-3.2398127917029163,0.9626673047601202,0.0373326952398797,0.0,0.0,33,0
1322,2013-01-01,63,4,137037.3956,2,87862.00940000001,1,37649.1609,91.66666666666669,0.5773502691896278,0.6872727272727273,1,0.580365337182176,0.7211316751702774,0.2172843225429774,0.0518834580069909,0.0097005438419175,27,0
1324,2013-01-01,63,2,5788.910199999999,2,5788.910199999999,1,4971.4072,91.0,,0.6923076923076923,0,,0.8587811916654019,0.1412188083345981,0.0,0.0,21,0
1328,2013-01-01,1,3,96850.4979,2,56450.92,1,20053.9916,92.0,0.0,0.0108695652173913,1,0.3345452130973747,0.6222579615669689,0.2826202011709018,0.0784124705981506,0.0167093668601573,14,0
1330,2013-01-01,63,2,113539.9798,2,113539.9798,1,51034.7029,91.0,,0.6923076923076923,0,,0.7262771699735674,0.2170111959100419,0.0471635696380492,0.0095480648658702,14,0
1332,2013-01-01,1,5,156372.6286,2,55759.4763,1,17259.8627,91.25,1.5,0.010958904109589,1,-0.5902276183163764,0.7323820173986638,0.2640307608156431,0.0035872217856929,0.0,14,0
1334,2013-01-01,63,2,89689.9865,2,89689.9865,1,33099.4312,91.0,,0.6923076923076923,0,,0.7348357165824748,0.260843868005265,0.00432041541226,0.0,14,0
1336,2013-01-01,63,2,208261.6158,2,208261.6158,1,79000.3618,91.0,,0.6923076923076923,0,,0.7498115982109844,0.1878109072079906,0.0527812717037413,0.0095962232182009,34,0
1340,2013-01-01,63,2,3053.8372,2,3053.8372,1,2451.1372,91.0,,0.6923076923076923,0,,0.5469574475024406,0.4530425524975595,0.0,0.0,22,0
1344,2013-01-01,1,5,34995.753,2,721.2712,1,251.4772,91.25,1.5,0.010958904109589,1,-3.8597848695917314,0.9055926157668334,0.09358327280456,0.0008241114286067,0.0,15,0
1346,2013-01-01,63,2,5175.3476,2,5175.3476,1,2489.4544,91.0,,0.6923076923076923,0,,0.616019202265757,0.383980797734243,0.0,0.0,23,0
1350,2013-01-01,1,5,88300.4823,2,29598.9943,1,10830.0207,91.25,1.5,0.010958904109589,1,-0.6847079421819213,0.6613958279591412,0.3370542042894368,0.0010927448807377,0.0004572228706841,26,0
1356,2013-01-01,63,4,191156.5181,2,115529.6726,1,50378.9269,91.66666666666669,0.5773502691896278,0.6872727272727273,1,0.4237115162530021,0.765613870390957,0.1950699179428085,0.0320042390435233,0.0073119728162698,24,0
1362,2013-01-01,1,4,1021.3283,2,772.1395,1,736.1455,121.66666666666669,51.3841739578767,0.0082191780821917,1,1.128243665181209,0.0,0.8078474864546493,0.1921525135453507,0.0,35,0
1364,2013-01-01,63,4,13214.9968,2,276.1664,1,44.994,91.66666666666669,0.5773502691896278,0.6872727272727273,1,-3.843447413475187,0.9739523054595064,0.0153107869084009,0.0107369076320926,0.0,41,1
1368,2013-01-01,63,2,2483.656,2,2483.656,1,40.373,91.0,,0.6923076923076923,0,,0.0,0.943147762814174,0.0405967654135677,0.0162554717722583,29,0
1372,2013-01-01,32,4,21026.3361,2,11947.467,1,4228.146,91.66666666666669,0.5773502691896247,0.349090909090909,1,0.2745432094198019,0.966769531473436,0.0332304685265636,0.0,0.0,17,0
1376,2013-01-01,63,2,16184.2688,2,16184.2688,1,4707.8632,91.0,,0.6923076923076923,0,,0.5805563486439376,0.4133850643904283,0.0035640040778363,0.0024945828877978,42,0
1378,2013-01-01,63,2,14476.0939,2,14476.0939,1,3756.7587,91.0,,0.6923076923076923,0,,0.9388590937504212,0.0453949459391113,0.0157459603104674,0.0,15,0
1386,2013-01-01,63,2,1299.277,2,1299.277,1,182.352,91.0,,0.6923076923076923,0,,0.0,0.6671287185103715,0.3328712814896284,0.0,23,0
1388,2013-01-01,32,3,34226.813500000004,2,19710.8214,1,9865.674,92.0,0.0,0.3478260869565217,1,0.3058986945497111,0.7645329238726825,0.2337397695523131,0.0008426259137444,0.0008846800769227,17,0
1392,2013-01-01,63,4,13268.0462,2,5915.3133,1,1981.2567,91.66666666666669,0.5773502691896278,0.6872727272727273,1,-0.2174945603235052,0.9023367811305932,0.0379071939016914,0.0491059640717862,0.010650060895929,42,0
1394,2013-01-01,1,3,7391.4407,2,2043.8369,1,1389.0169,92.0,0.0,0.0108695652173913,1,-0.9615175240732868,0.6671539014038224,0.066272262726805,0.22833893533097,0.0382349005384024,15,0
1398,2013-01-01,1,3,39161.233,2,18664.4142,1,7490.7234,92.0,0.0,0.0108695652173913,1,-0.0936461770960797,0.9449218082586932,0.0405656149794875,0.0145125767618195,0.0,18,0
1400,2013-01-01,1,3,20946.6135,2,13723.7846,1,4999.6105,92.0,0.0,0.0108695652173913,1,0.6418181623882724,0.9416755601090364,0.0452660999354382,0.0130583399555255,0.0,18,0
1406,2013-01-01,1,5,15663.8794,2,8813.4906,1,606.996,91.25,1.5,0.010958904109589,1,0.251945650068663,0.7250346679763124,0.2749653320236875,0.0,0.0,15,0
1408,2013-01-01,93,1,1141.92,1,1141.92,0,0.0,,,,0,,0.8228142076502731,0.1771857923497267,0.0,0.0,14,0
1410,2013-01-01,1,3,2730.0507,2,2405.598,1,939.588,92.0,0.0,0.0108695652173913,1,2.000752274766528,0.8811550642630923,0.1188449357369077,0.0,0.0,14,0
1412,2013-01-01,1,2,1310.4008,2,1310.4008,1,1242.8518,92.0,,0.0108695652173913,0,,0.9484516492969174,0.0515483507030826,0.0,0.0,34,0
1414,2013-01-01,32,4,158888.028,2,67403.3128,1,24016.5101,91.66666666666669,0.5773502691896247,0.349090909090909,1,-0.3054738380593296,0.7978858470066732,0.1435886774301208,0.0483402470008627,0.0101852284301747,39,0
1416,2013-01-01,1,3,1447.9789,2,1264.0407,1,324.4527,92.0,0.0,0.0108695652173913,1,1.922837859341309,0.6488961959321368,0.3511038040678631,0.0,0.0,33,0
1418,2013-01-01,32,4,281590.6719,2,115464.72209999998,1,41665.7599,91.66666666666669,0.5773502691896247,0.349090909090909,1,-0.3637785463501437,0.7882190027332365,0.2102680646361283,0.0014412451849403,7.168738887475909e-05,27,0
1422,2013-01-01,1,3,110123.1253,2,61429.1502,1,25124.6122,92.0,0.0,0.0108695652173913,1,0.232324916165366,0.59345538570544,0.3219787778761851,0.0723545145063186,0.0122113219392984,15,0
1424,2013-01-01,1,3,211749.0251,2,136397.5079,1,48743.2715,92.0,0.0,0.0108695652173913,1,0.5934034749170447,0.703991437569079,0.2489597269461053,0.0398928019669073,0.0071560333809536,14,0
1426,2013-01-01,63,2,218835.194,2,218835.194,1,78756.7981,91.0,,0.6923076923076923,0,,0.7894931966656149,0.1777897484807676,0.0277121210219961,0.0050049334934672,14,0
1428,2013-01-01,32,3,1264.0407,2,794.2466999999999,1,469.794,92.0,0.0,0.3478260869565217,1,0.5242317499423335,0.7433210022430449,0.2566789977569551,0.0,0.0,34,0
1430,2013-01-01,32,3,180839.7261,2,79502.8879,1,18986.0765,92.0,0.0,0.3478260869565217,1,-0.2426539428040097,0.7073641282185065,0.2871297922519912,0.0055060794520856,0.0,17,0
1438,2013-01-01,1,3,25671.0273,1,1229.4589,1,1229.4589,182.5,132.22896808188435,0.0054794520547945,1,-2.988939029563528,0.9979883781277424,0.0,0.0020116218722575,0.0,17,1
1444,2013-01-01,63,2,7792.493200000001,2,7792.493200000001,1,3298.931,91.0,,0.6923076923076923,0,,0.6631682399158205,0.2680823641912193,0.0454348423428845,0.0233145535500756,35,0
1450,2013-01-01,1,3,43634.8368,2,26892.8094,1,11275.056,92.0,0.0,0.0108695652173913,1,0.4739142293160689,0.8403244835786804,0.1563707716216323,0.0033047447996872,0.0,42,0
1456,2013-01-01,1,5,39125.4107,2,18321.966,1,12684.438,91.25,1.5,0.010958904109589,1,-0.1270114056743665,0.8456367027988795,0.151238289749122,0.0026090639861321,0.0005159434658662,23,0
1458,2013-01-01,1,5,10322.5505,2,2953.842,1,939.588,91.25,1.5,0.010958904109589,1,-0.9139329724487926,0.958039439962052,0.0419605600379479,0.0,0.0,29,0
1466,2013-01-01,93,1,1229.4589,1,1229.4589,0,0.0,,,,0,,1.0,0.0,0.0,0.0,37,1
1468,2013-01-01,1,3,14149.9436,2,4346.3704,1,1320.6349,92.0,0.0,0.0108695652173913,1,-0.8132777733228735,0.786723602205736,0.0925027715304815,0.1050808782022283,0.0156927480615541,42,0
1470,2013-01-01,32,3,1306.9962,2,159.558,1,45.588,92.0,0.0,0.3478260869565217,1,-1.9675029633569707,0.0,0.2576686910030801,0.6844126249181137,0.0579186458231477,15,0
1472,2013-01-01,63,2,12275.8008,2,12275.8008,1,2595.6818,91.0,,0.6923076923076923,0,,0.9046504566936276,0.0732800665843323,0.0204250626158743,0.0016444141061656,42,0
1478,2013-01-01,1,5,14531.7695,2,5167.734,1,2348.97,91.25,1.5,0.010958904109589,1,-0.5943553423398811,0.879590011388496,0.0814223553435801,0.0334311179378395,0.0055565153300841,23,0
1480,2013-01-01,93,2,5904.5399,1,242.2492,0,0.0,92.0,,1.0108695652173914,1,-3.147673965748738,0.0,0.8667379485402411,0.0990739515537866,0.0341880999059723,29,0
1486,2013-01-01,1,3,40023.9696,2,25368.876,1,10805.262,92.0,0.0,0.0108695652173913,1,0.5487062915623895,0.9437204249725396,0.0562795750274605,0.0,0.0,25,0
1796,2013-01-01,1,3,10008.4831,2,5644.2112,1,2595.6818,92.0,0.0,0.0108695652173913,1,0.2571271322398321,0.7397264026953296,0.1079990333400273,0.1361390518808989,0.0161355120837442,16,0
1798,2013-01-01,63,2,32367.849,2,32367.849,1,12649.8919,91.0,,0.6923076923076923,0,,0.9161663940041244,0.0598902169866153,0.0239433890092603,0.0,24,0
1802,2013-01-01,1,3,24591.633800000003,2,10031.2805,1,6107.322,92.0,0.0,0.0108695652173913,1,-0.3725630408518672,0.4651778728097357,0.4950087618822625,0.0316046793117096,0.0082086859962919,27,0
1806,2013-01-01,1,1,1242.8518,1,1242.8518,1,1242.8518,,,,0,,1.0,0.0,0.0,0.0,30,0
1816,2013-01-01,63,2,16029.625,2,16029.625,1,7971.9658,91.0,,0.6923076923076923,0,,0.8520459399393312,0.0661687032603694,0.0691921114810858,0.0125932453192136,31,0
1822,2013-01-01,32,3,18028.8539,2,12080.554,1,7046.91,92.0,0.0,0.3478260869565217,1,0.7084062778479971,0.7556789841200056,0.1820908038974125,0.0580314148532758,0.004198794355974,42,0
1824,2013-01-01,1,1,469.794,1,469.794,1,469.794,,,,0,,1.0,0.0,0.0,0.0,37,0
1826,2013-01-01,124,2,2418.8216,1,40.373,0,0.0,92.0,,1.3478260869565215,1,-4.051995564990828,0.0,0.9684280146993892,0.0148807998076418,0.0166911854929689,25,1
1828,2013-01-01,1,5,5257.680300000001,2,1105.2709,1,324.4527,91.25,1.5,0.010958904109589,1,-1.3229347293133236,0.7274686519071918,0.2725313480928081,0.0,0.0,18,0
1830,2013-01-01,63,2,107718.9382,2,107718.9382,1,35416.9871,91.0,,0.6923076923076923,0,,0.7749705004983052,0.224786989220434,0.0001311644937844,0.0001113453233054,26,0
1832,2013-01-01,1,3,111636.601,2,58466.5531,1,25710.6223,92.0,0.0,0.0108695652173913,1,0.0949579166962735,0.6389660170681837,0.2813837972368936,0.0677290368595152,0.0119211485129325,21,0
1834,2013-01-01,1,3,117541.3642,2,68999.53289999999,1,25503.1481,92.0,0.0,0.0108695652173913,1,0.3516676999454464,0.6410359630656729,0.2826662071359556,0.0630946003602704,0.0132032295061622,29,0
1836,2013-01-01,63,2,79816.2487,2,79816.2487,1,31548.6467,91.0,,0.6923076923076923,0,,0.7508970200449924,0.2350860069924584,0.0135111487393167,0.0005058243234625,24,0
1838,2013-01-01,1,2,686.3794,2,686.3794,1,672.2505,92.0,,0.0108695652173913,0,,0.8745345504250274,0.0,0.1254654495749726,0.0,32,0
1840,2013-01-01,32,3,213869.4374,2,121152.5315,1,54444.9062,92.0,0.0,0.3478260869565217,1,0.2674969830782814,0.6512896938120434,0.3056045416707119,0.0362908236508972,0.0068149411889742,27,0
1842,2013-01-01,63,2,117354.2911,2,117354.2911,1,42866.5361,91.0,,0.6923076923076923,0,,0.8379160794061496,0.1616515035128528,8.839046193173246e-05,0.0003440266190658,35,0
1844,2013-01-01,63,2,174683.81410000002,2,174683.81410000002,1,72958.7103,91.0,,0.6923076923076923,0,,0.7634086231232569,0.2309242528555483,0.0056671238952527,0.0,30,0
1858,2013-01-01,1,3,101751.2141,2,62377.9905,1,22243.3338,92.0,0.0,0.0108695652173913,1,0.4601171491210571,0.7102432756131606,0.2852341365821599,0.0043751694162831,0.0001474183883964,24,0
1862,2013-01-01,124,2,1777.2584000000002,1,1409.382,0,0.0,92.0,,1.3478260869565215,1,1.3411542400857748,0.7930090525947155,0.2069909474052844,0.0,0.0,27,0
1864,2013-01-01,93,3,6747.2705,1,647.994,0,0.0,92.0,0.0,1.0108695652173914,1,-2.24066590533392,0.9963993588222082,0.0036006411777918,0.0,0.0,35,0
1868,2013-01-01,1,3,114944.3391,2,60084.8469,1,24520.0453,92.0,0.0,0.0108695652173913,1,0.0909808638982117,0.6915164019591113,0.3012093102721576,0.0072742875599343,0.0,38,0
1876,2013-01-01,63,3,2376.0274,2,2197.4466,1,635.8102,91.5,0.7071067811865476,0.6885245901639344,1,2.504881053115917,0.0,1.0,0.0,0.0,13,1
1878,2013-01-01,32,3,108271.1033,2,71699.254,1,30333.7908,92.0,0.0,0.3478260869565217,1,0.6731881474210955,0.8830305749733687,0.101143963312693,0.0158254614922724,0.0,13,0
1882,2013-01-01,32,4,136843.6673,2,63002.1912,1,32159.5245,91.66666666666669,0.5773502691896247,0.349090909090909,1,-0.158748743870726,0.9037169906363652,0.0832555873778457,0.0130274215619475,0.0,25,0
1896,2013-01-01,1,5,333603.7503,2,183817.328,1,88446.7968,91.25,1.5,0.010958904109589,1,0.2047308177603302,0.9055090107001114,0.082584325491619,0.009026366452092,0.0028802973561775,19,0
1898,2013-01-01,32,3,87530.3339,2,51830.7626,1,22956.3155,92.0,0.0,0.3478260869565217,1,0.3728364474963701,0.8292874066141315,0.1042886813436456,0.0595242411156848,0.0068996704695536,25,0
1900,2013-01-01,1,5,182562.1924,2,85538.72589999999,1,41513.136,91.25,1.5,0.010958904109589,1,-0.1259822802122272,0.9159902365414408,0.0817540225815123,0.0008182882667879,0.001437452610259,31,0
1916,2013-01-01,63,2,109994.5387,2,109994.5387,1,49713.2287,91.0,,0.6923076923076923,0,,0.8482023844334737,0.1241009759332714,0.0216264473501537,0.006070192283101,16,0
1924,2013-01-01,1,3,711.7311,2,677.9566,1,404.865,92.0,0.0,0.0108695652173913,1,2.9716728484291903,0.0,0.8447312475174964,0.1552687524825036,0.0,19,0
1944,2013-01-01,1,3,140728.8123,2,89815.87640000001,1,42594.4535,92.0,0.0,0.0108695652173913,1,0.5676362149689975,0.8799608585910024,0.11975225630466,0.0,0.0002868851043376,17,0
1946,2013-01-01,1,5,55849.4109,2,1492.8757,1,1308.9375,91.25,1.5,0.010958904109589,1,-3.594209362306767,0.9676503230582868,0.0323496769417132,0.0,0.0,22,0
1948,2013-01-01,32,3,80152.9087,2,46859.0583,1,20553.594,92.0,0.0,0.3478260869565217,1,0.3417629348249811,0.8181749179615236,0.1717670789906093,0.0100580029480577,0.0,14,0
1952,2013-01-01,32,2,58.069,1,33.7745,1,33.7745,184.0,,0.1739130434782608,1,0.3182973787647087,0.0,1.0,0.0,0.0,26,1
1960,2013-01-01,63,1,1529.5854,1,1529.5854,1,1529.5854,,,,0,,0.0,1.0,0.0,0.0,33,0
1962,2013-01-01,1,3,289303.2579,2,141912.32510000002,1,53917.6388,92.0,0.0,0.0108695652173913,1,-0.0378787636512729,0.7834525964977043,0.184824096306867,0.0261283750548458,0.0055949321267563,27,0
1964,2013-01-01,32,3,4647.151,2,3208.3,1,1899.3625,92.0,0.0,0.3478260869565217,1,0.8015132088136321,0.9443718312574736,0.043538933854312,0.007745390670542,0.0043438442176722,21,0
1966,2013-01-01,63,2,51202.6659,2,51202.6659,1,24679.6632,91.0,,0.6923076923076923,0,,0.7995428027117627,0.2001812565778923,0.0002759407103449,0.0,15,0
1968,2013-01-01,63,4,51077.0353,2,8918.303,1,4049.6465,91.66666666666669,0.5773502691896278,0.6872727272727273,1,-1.5532477500670012,0.8662217949834687,0.1217975546830534,0.00881891631639,0.0031617340170877,14,0
1970,2013-01-01,1,5,164883.5653,2,59335.863,1,25187.5169,91.25,1.5,0.010958904109589,1,-0.5759417309530299,0.7740772882232188,0.2225424155114385,0.0031983496902222,0.0001819465751205,14,0
1972,2013-01-01,1,3,114948.3209,2,61532.3784,1,23124.2315,92.0,0.0,0.0108695652173913,1,0.1414517948688498,0.6719537753595841,0.3230156509402305,0.0050305737001852,0.0,34,0
1976,2013-01-01,32,3,142557.8217,2,71840.52470000001,1,22843.3007,92.0,0.0,0.3478260869565217,1,0.0157583101639797,0.7268867225683766,0.2112680513832514,0.0516169051704863,0.0102283208357973,33,0
1978,2013-01-01,63,2,1131.8667,2,1131.8667,1,250.83,91.0,,0.6923076923076923,0,,0.0,0.8791695170464862,0.1208304829535138,0.0,38,0
1982,2013-01-01,1,3,250435.7473,2,156844.1256,1,70164.5193,92.0,0.0,0.0108695652173913,1,0.5163073049437958,0.8876666330454016,0.0950155145842472,0.0144925408578042,0.0028253115125469,13,0
1984,2013-01-01,63,2,75083.94279999999,2,75083.94279999999,1,36265.7138,91.0,,0.6923076923076923,0,,0.8422610752934515,0.1371377250050326,0.0206011993685552,0.0,19,0
1986,2013-01-01,32,3,3505.2179,2,1227.0635,1,878.358,92.0,0.0,0.3478260869565217,1,-0.6183659584956613,0.3697310800563925,0.5351710659699643,0.0908185194421151,0.0042793345315279,25,0
1988,2013-01-01,1,3,5146.9497,2,4458.183,1,1839.291,92.0,0.0,0.0108695652173913,1,1.8663674199022025,0.7216964836473921,0.2181697443050589,0.0314714558022589,0.0286623162452899,31,0
1992,2013-01-01,1,5,375493.4641,2,178796.6498,1,78580.1157,91.25,1.5,0.010958904109589,1,-0.0954138951301004,0.9040155881637356,0.0845254339541512,0.0089752688081475,0.0024837090100498,43,0
1994,2013-01-01,63,2,70739.6569,2,70739.6569,1,31261.9011,91.0,,0.6923076923076923,0,,0.8407163153769834,0.0979506461247764,0.0518131442902149,0.009519893501208,16,0
292,2013-04-01,63,4,85329.9454,2,56795.4192,1,24232.7654,91.0,1.0,0.6923076923076923,1,0.688323437156038,0.7608955935180992,0.1791098837384232,0.0519552873169891,0.008039235192104,17,0
296,2013-04-01,63,4,216827.6192,2,95256.093,1,41071.8424,91.0,1.0,0.6923076923076923,1,-0.2439315297235857,0.8714256749077472,0.1170514498735961,0.009310235049613,0.0022126401690435,14,0
298,2013-04-01,63,4,16331.117,2,4971.4072,1,2485.7036,91.0,1.0,0.6923076923076923,1,-0.8262568248081319,0.6743155918238783,0.3218242695830297,0.0038601401239119,0.0,19,0
302,2013-04-01,32,4,5071.5381,2,3525.8948,1,2131.8743,91.33333333333331,1.1547005383792497,0.3503649635036496,1,0.8243308540632857,0.7691984804373254,0.1570394985300416,0.073762021032633,0.0,31,0
304,2013-04-01,63,3,6587.3763,2,4474.8368,1,405.585,90.5,0.7071067811865476,0.6961325966850829,1,0.750329298431077,0.3753103796423471,0.6177691108977637,0.0069205094598892,0.0,23,1
308,2013-04-01,153,1,20.52,1,20.52,0,0.0,,,,0,,0.0,1.0,0.0,0.0,34,0
312,2013-04-01,63,3,1989.7412,2,1267.1463,1,1242.8518,136.5,65.76093065034893,0.4615384615384615,1,0.5610798014870415,0.6246298764884599,0.3753701235115401,0.0,0.0,33,0
318,2013-04-01,32,4,274274.1898,2,120751.8981,1,49152.4316,91.33333333333331,1.1547005383792497,0.3503649635036496,1,-0.240105999902747,0.8603816153903374,0.1125719171698743,0.0235047885063518,0.003541678751137,32,0
324,2013-04-01,63,3,103191.2845,2,59173.3272,1,26975.8649,90.5,0.7071067811865476,0.6961325966850829,1,0.2958673968118663,0.8120781246792214,0.1407922662305846,0.0421262500129068,0.0050033585927501,34,0
326,2013-04-01,122,3,598.641,1,209.256,0,0.0,92.0,0.0,1.326086956521739,1,-0.6188075957683585,0.0,1.0,0.0,0.0,26,0
332,2013-04-01,2,3,7786.2085,1,2504.5058,1,2504.5058,136.5,62.932503525602726,0.0146520146520146,1,-0.7459472114326848,0.6350486761303656,0.3561688721795724,0.0087824516900619,0.0,16,0
336,2013-04-01,2,1,149.031,1,149.031,1,149.031,,,,0,,0.0,1.0,0.0,0.0,13,1
340,2013-04-01,2,4,139659.6112,2,55844.7605,1,32258.7344,91.0,1.7320508075688772,0.0219780219780219,1,-0.4060285248162429,0.6496409485923014,0.2637466708055678,0.0728706361456632,0.0137417438836461,14,1
342,2013-04-01,153,3,1061.1145,1,489.9805,0,0.0,91.5,0.7071067811865476,1.6721311475409837,1,-0.1529688175398833,0.4427363870722717,0.538239746983007,0.0,0.0190238659447213,13,0
344,2013-04-01,2,4,189720.7097,2,91120.4747,1,46990.45,91.0,1.7320508075688772,0.0219780219780219,1,-0.0788902837243874,0.8836391802723684,0.0892695696046091,0.0222478990652858,0.0048433510577364,19,0
348,2013-04-01,2,3,3381.2525,2,922.3347,1,780.7197,136.5,67.17514421272202,0.0146520146520146,1,-0.9798914230773974,0.7272209928125747,0.2727790071874253,0.0,0.0,14,0
352,2013-04-01,2,4,194423.137,2,86185.7752,1,45752.4717,91.0,1.7320508075688772,0.0219780219780219,1,-0.2278191029165537,0.8759313985351446,0.122403593868563,0.0012496969432192,0.0004153106530731,35,1
356,2013-04-01,2,3,11767.5766,2,11426.5868,1,894.24,136.5,67.17514421272202,0.0146520146520146,1,3.509004693832707,0.69779679190701,0.2963921560536092,0.0058110520393808,0.0,17,0
366,2013-04-01,32,4,21517.1162,2,8327.048999999999,1,4568.697,91.33333333333331,1.1547005383792497,0.3503649635036496,1,-0.4599106581753727,0.8012895241045359,0.1365518256577524,0.0572333061992759,0.0049253454326746,42,0
368,2013-04-01,2,4,37628.6418,2,14447.2457,1,6711.1976,91.0,1.7320508075688772,0.0219780219780219,1,-0.4728201995092487,0.8860992745159355,0.044253205014697,0.0653557896952847,0.0042917307740828,34,0
370,2013-04-01,2,4,142030.7292,2,61038.0315,1,29909.6622,91.0,1.7320508075688772,0.0219780219780219,1,-0.2828578252670404,0.7928538305357091,0.1523858817166447,0.0476163404714815,0.0071439469874945,25,0
372,2013-04-01,2,4,270864.20160000003,2,132408.2899,1,69705.7546,91.0,1.7320508075688772,0.0219780219780219,1,-0.0446613639151234,0.8343893199949535,0.1334916939426225,0.0287819481937771,0.0033370375068419,31,0
382,2013-04-01,63,3,1253.9947000000002,2,1070.0565,1,469.794,90.5,0.7071067811865476,0.6961325966850829,1,1.7563791082756015,0.8533181998297121,0.1466818001702877,0.0,0.0,37,0
386,2013-04-01,63,3,9191.3197,2,4834.4622,1,1376.4765,90.5,0.7071067811865476,0.6961325966850829,1,0.1039961814566492,0.2848203615417707,0.7151796384582292,0.0,0.0,38,0
388,2013-04-01,63,4,40076.8852,2,17382.378,1,10335.468,91.0,1.0,0.6923076923076923,1,-0.2666525219072273,0.9155832349965162,0.0739536290110689,0.007944664322366,0.0025184716700488,41,0
392,2013-04-01,32,4,28152.1695,2,8491.3156,1,4263.1696,91.33333333333331,1.1547005383792497,0.3503649635036496,1,-0.8395187007999336,0.5957496739283272,0.3477932206965435,0.0508999670522728,0.0055571365467943,42,0
398,2013-04-01,63,3,7520.2792,2,4998.5816,1,2539.6638,90.5,0.7071067811865476,0.6961325966850829,1,0.6840254237699979,0.9844766401758064,0.0,0.0047862584676377,0.010737101356556,40,0
406,2013-04-01,63,2,491.04,2,491.04,1,107.988,90.0,,0.7,0,,0.0,0.7336632453567937,0.2663367546432063,0.0,32,0
412,2013-04-01,2,4,24027.8658,2,12265.9595,1,5219.0495,91.0,1.7320508075688772,0.0219780219780219,1,0.0419583822128881,0.730269015402941,0.193448437688544,0.0687213884805366,0.0075611584279782,12,0
414,2013-04-01,2,4,37488.9416,2,13045.7158,1,6670.4813,91.0,1.7320508075688772,0.0219780219780219,1,-0.627857585169636,0.9207675124122472,0.013732956387331,0.0622687382564035,0.0032307927306221,17,0
418,2013-04-01,91,3,1892.5972,1,209.256,0,0.0,92.0,0.0,0.9891304347826086,1,-2.080803951204386,0.0,0.9879562328423608,0.0120437671576392,0.0,26,1
422,2013-04-01,2,4,108158.6231,2,57367.7218,1,37329.3665,91.0,1.7320508075688772,0.0219780219780219,1,0.1217623197814727,0.7467878074346529,0.2520715095900661,0.0011406829752809,0.0,21,0
428,2013-04-01,2,4,33397.0922,2,5634.425499999999,1,2993.1557,91.0,1.7320508075688772,0.0219780219780219,1,-1.5946555578058526,0.8871296196259865,0.0387443611033897,0.0686860703699228,0.0054399496492691,29,0
430,2013-04-01,32,1,249.54,1,249.54,1,249.54,,,,0,,0.0,1.0,0.0,0.0,13,1
432,2013-04-01,63,3,155296.146,2,98478.3106,1,47084.1057,90.5,0.7071067811865476,0.6961325966850829,1,0.549978601533649,0.8797103342152484,0.1000278332728231,0.0169950740438851,0.0032667584680433,13,0
440,2013-04-01,32,4,116926.7595,2,60347.8039,1,38642.3176,91.33333333333331,1.1547005383792497,0.3503649635036496,1,0.0644863468166967,0.8176630825042235,0.1190151532421455,0.0554498348087719,0.0078719288376413,19,1
452,2013-04-01,2,4,9669.7591,2,3758.352,1,1879.176,91.0,1.7320508075688772,0.0219780219780219,1,-0.4528064390970829,0.6971780610335991,0.2377099342629952,0.0504988692014054,0.0146131355020002,35,0
466,2013-04-01,2,4,11200.2977,2,3939.1107,1,3870.7287,91.0,1.7320508075688772,0.0219780219780219,1,-0.6114722037807212,0.8781615867228245,0.0770656747811265,0.044772738496049,0.0,29,0
472,2013-04-01,63,3,133324.8997,2,78523.54550000001,1,34218.0617,90.5,0.7071067811865476,0.6961325966850829,1,0.3596781045571067,0.6088931863640472,0.3250029446675068,0.0569238622123636,0.0091800064260614,15,0
474,2013-04-01,2,4,191772.841,2,64458.4334,1,41637.5885,91.0,1.7320508075688772,0.0219780219780219,1,-0.6806314456164326,0.7701092987405866,0.228915843198047,0.0009748580613664,0.0,23,0
478,2013-04-01,63,4,259398.4224,2,104381.647,1,36603.1395,91.0,1.0,0.6923076923076923,1,-0.3954763451860454,0.7040255283179394,0.2911248090921312,0.0043049193964565,0.000544743097096,35,0
484,2013-04-01,32,3,572.4688,1,44.994,1,44.994,137.0,63.63961030678928,0.2335766423357664,1,-2.4414841688551285,0.820645596755666,0.0,0.179354403244334,0.0,34,0
492,2013-04-01,63,3,5516.9394,2,5228.8224,1,803.0295,90.5,0.7071067811865476,0.6961325966850829,1,2.895301148071644,0.0,0.849204162003302,0.1225707681327802,0.0282250698639176,16,0
494,2013-04-01,2,4,7942.4078,2,3601.5248,1,2184.6753,91.0,1.7320508075688772,0.0219780219780219,1,-0.1866731920091595,0.1648036128288451,0.8301131679488932,0.0,0.0050832192222615,38,0
496,2013-04-01,32,4,20041.9802,2,7730.706899999999,1,3502.5609,91.33333333333331,1.1547005383792497,0.3503649635036496,1,-0.4652669409162069,0.80635313670253,0.1312777616654865,0.0578366502926691,0.004532453335125,34,0
498,2013-04-01,2,4,26480.3956,2,8847.5452,1,3792.9456,91.0,1.7320508075688772,0.0219780219780219,1,-0.6895673116911567,0.9331323622672768,0.0393224299111301,0.0275452078215931,0.0,39,0
504,2013-04-01,153,2,2505.8901,1,1242.8518,0,0.0,91.0,,1.6813186813186811,1,-0.0160987405110928,0.991944379364442,0.0,0.0,0.0080556206355578,33,0
506,2013-04-01,63,3,10035.8421,2,5772.9385,1,2348.97,90.5,0.7071067811865476,0.6961325966850829,1,0.3031693512609514,0.7957974946616587,0.1504611356928384,0.0477070479217683,0.0060343217237345,25,0
510,2013-04-01,63,3,313.0719,2,259.0779,1,94.367,90.5,0.7071067811865476,0.6961325966850829,1,1.5537571131518826,0.0,0.0,0.679393136209286,0.3206068637907138,19,0
512,2013-04-01,63,4,18054.8311,2,6188.7354,1,2348.97,91.0,1.0,0.6923076923076923,1,-0.6508771636129502,0.8115359495110426,0.0947744174687959,0.0818446579652578,0.0118449737256196,27,0
516,2013-04-01,63,3,102953.6697,2,67971.36290000001,1,32553.2291,90.5,0.7071067811865476,0.6961325966850829,1,0.6642301954788721,0.8772829930509994,0.0882200598236665,0.0303613632822259,0.0041355835225754,17,0
518,2013-04-01,32,4,290896.8144,2,137827.9693,1,73963.2625,91.33333333333331,1.1547005383792497,0.3503649635036496,1,-0.1048807575220767,0.8686440467255939,0.1044302835101792,0.0231976342880157,0.0037280355999663,22,0
520,2013-04-01,63,4,26201.0151,2,1817.3284,1,1633.3902,91.0,1.0,0.6923076923076923,1,-2.5960377235111425,0.8695090977601093,0.1304909022398906,0.0,0.0,14,0
524,2013-04-01,91,1,647.994,1,647.994,0,0.0,,,,0,,1.0,0.0,0.0,0.0,23,0
526,2013-04-01,63,3,2368.3167,2,1876.9107,1,1601.5227,90.5,0.7071067811865476,0.6961325966850829,1,1.338611528600583,0.2736095219022017,0.7263904780977983,0.0,0.0,18,0
534,2013-04-01,32,4,197299.0964,2,73305.1216,1,42641.7932,91.33333333333331,1.1547005383792497,0.3503649635036496,1,-0.5255969192472207,0.7498587148927257,0.1919481831950245,0.049596932345606,0.0085961693233583,14,0
536,2013-04-01,2,4,2823.6349,2,2525.4469,1,647.994,91.0,1.7320508075688772,0.0219780219780219,1,2.133497068949458,0.8943956954208209,0.1056043045791791,0.0,0.0,14,0
540,2013-04-01,2,3,3573.4611,2,1019.3755,1,283.23,136.5,67.17514421272202,0.0146520146520146,1,-0.9179150292246891,0.6956011358287907,0.2852627946614558,0.0191360695097534,0.0,14,0
544,2013-04-01,63,4,38333.5298,2,22966.1444,1,13624.026,91.0,1.0,0.6923076923076923,1,0.4017521870601275,0.7975995312594458,0.1708707685979912,0.0267902853026595,0.0047394148399034,15,0
546,2013-04-01,2,4,2453.9932,2,430.5172,1,86.5212,91.0,1.7320508075688772,0.0219780219780219,1,-1.5457588099437594,0.0,0.8983212341419692,0.0687748442008722,0.0329039216571586,13,0
548,2013-04-01,32,4,357708.7747,2,182525.7515,1,96605.9056,91.33333333333331,1.1547005383792497,0.3503649635036496,1,0.0410597632786249,0.8998951911928036,0.0846496070033363,0.0123214715984992,0.0031337301997696,13,1
556,2013-04-01,2,4,25673.2045,2,9742.2973,1,5514.1513,91.0,1.7320508075688772,0.0219780219780219,1,-0.4917442483542356,0.7630683501157793,0.183855026745882,0.048358902761827,0.0047177203765116,42,0
558,2013-04-01,32,3,2136.6378,1,469.794,1,469.794,137.0,63.63961030678928,0.2335766423357664,1,-1.264866302409953,0.2198753574424266,0.7308849445610296,0.0303441229018788,0.018895575094665,39,0
560,2013-04-01,153,2,15123.477600000002,1,8699.9626,0,0.0,91.0,,1.6813186813186811,1,0.3033125216674186,0.9861634998553508,0.0138365001446492,0.0,0.0,31,0
562,2013-04-01,2,4,164908.6018,2,59108.238,1,36530.6354,91.0,1.7320508075688772,0.0219780219780219,1,-0.582176186166862,0.8024619089336067,0.1238880190420727,0.06129395627439,0.0123561157014187,15,0
568,2013-04-01,32,4,1774.251,2,861.546,1,213.552,91.33333333333331,1.1547005383792497,0.3503649635036496,1,-0.0576192814285896,0.73044231058627,0.1106545804398588,0.1589031089738712,0.0,37,0
570,2013-04-01,32,4,130031.0435,2,62898.716100000005,1,36206.1428,91.33333333333331,1.1547005383792497,0.3503649635036496,1,-0.0651389530523225,0.8523997363752603,0.1344403676957341,0.01315989567522,0.0,43,0
574,2013-04-01,32,2,559.7819999999999,2,559.7819999999999,1,89.988,90.0,,0.3555555555555555,0,,0.8392445630620492,0.0,0.1607554369379508,0.0,12,0
584,2013-04-01,32,3,1096.1995,2,912.2613,1,508.3909,91.0,1.4142135623730951,0.3516483516483517,1,1.5970003237747887,0.0,0.9671647359809964,0.0328352640190038,0.0,29,1
590,2013-04-01,32,4,28198.3467,2,8184.7919,1,4336.8572,91.33333333333331,1.1547005383792497,0.3503649635036496,1,-0.8940597925838158,0.829832261052383,0.0746955494380101,0.0895662120502972,0.0059059771046789,27,1
592,2013-04-01,32,4,370636.4495,2,142318.0473,1,88328.0713,91.33333333333331,1.1547005383792497,0.3503649635036496,1,-0.4726741862045465,0.762367026451887,0.2055659027243083,0.0272777357856704,0.0047893350543225,36,0
598,2013-04-01,2,4,379531.5501,2,179515.5172,1,105310.5088,91.0,1.7320508075688772,0.0219780219780219,1,-0.1081353058994949,0.8852610756904765,0.1009114807185564,0.0110282033177404,0.0027992402732264,16,0
600,2013-04-01,2,4,181777.8716,2,95937.3669,1,45674.4609,91.0,1.7320508075688772,0.0219780219780219,1,0.1112033465391331,0.934692785785704,0.0650311602614231,0.0002760539528728,0.0,38,0
602,2013-04-01,2,4,187701.7401,2,85921.6427,1,43180.9774,91.0,1.7320508075688772,0.0219780219780219,1,-0.1693770152124436,0.9120591381241012,0.0672561127737781,0.0163325251985769,0.0043522239035438,13,0
604,2013-04-01,2,3,1940.9638,1,170.7286,1,170.7286,136.5,62.932503525602726,0.0146520146520146,1,-2.3335171116585744,0.0,0.4798897846523464,0.4161077604847653,0.1040024548628882,18,0
608,2013-04-01,2,4,9080.4048,2,387.498,1,182.352,91.0,1.7320508075688772,0.0219780219780219,1,-3.1080896696651683,0.8138564813762488,0.1258977463207367,0.0602457723030145,0.0,30,0
612,2013-04-01,63,3,15656.8935,2,2531.2916,1,45.588,136.5,65.76093065034893,0.4615384615384615,1,-1.6455161870264332,0.6504558742767204,0.3459699141467622,0.0035742083830358,0.0,24,0
620,2013-04-01,2,3,4837.8845,2,4602.6185,1,517.2087,90.5,2.1213203435596424,0.0220994475138121,1,2.969639614732051,0.6559563172704929,0.2337786278279276,0.1102650549015793,0.0,27,0
622,2013-04-01,2,4,142176.8161,2,56546.5211,1,39485.6067,91.0,1.7320508075688772,0.0219780219780219,1,-0.414969446070673,0.6999277391681583,0.210545531410307,0.0764743440614999,0.0130523861126188,21,0
628,2013-04-01,91,3,1361.5898000000002,1,647.994,0,0.0,92.0,0.0,0.9891304347826086,1,-0.0962935964890414,0.9518197037022456,0.0481802962977542,0.0,0.0,21,0
634,2013-04-01,91,3,16398.2065,1,2348.97,0,0.0,92.0,0.0,0.9891304347826086,1,-1.7882366662611648,0.8422837948772018,0.157716205122798,0.0,0.0,35,0
638,2013-04-01,63,3,12925.6534,2,4315.482,1,2527.2998,90.5,0.7071067811865476,0.6961325966850829,1,-0.6906196416493255,0.8602042276640344,0.0294608704268675,0.1025262057545191,0.0078086961545789,24,0
640,2013-04-01,32,4,19957.4547,2,10000.752,1,6712.194,91.33333333333331,1.1547005383792497,0.3503649635036496,1,0.0044138852666577,0.9898475530549496,0.0101524469450505,0.0,0.0,19,1
642,2013-04-01,63,4,135249.67810000002,2,66103.46410000001,1,23383.1281,91.0,1.0,0.6923076923076923,1,-0.0450014879434039,0.7888034898916332,0.1430587767143824,0.0566244975336469,0.0115132362743863,39,0
648,2013-04-01,63,4,320777.5737,2,174046.1624,1,86352.4057,91.0,1.0,0.6923076923076923,1,0.1707157140935997,0.8764474300904035,0.0983173855834922,0.0191258160513981,0.0061093681998879,20,0
650,2013-04-01,2,2,1915.9335,1,606.996,1,606.996,273.0,,0.0073260073260073,1,-0.7675664021362216,0.6831852462520228,0.3168147537479771,0.0,0.0,25,0
654,2013-04-01,63,2,16268.6523,1,1317.6898,1,1317.6898,273.0,,0.2307692307692307,1,-2.428203894213256,0.7191558163056936,0.2808441852310041,0.0,0.0,32,0
658,2013-04-01,153,2,1272.3885,1,1070.0565,0,0.0,91.0,,1.6813186813186811,1,1.661560712390691,0.8409825300998869,0.159017469900113,0.0,0.0,29,0
662,2013-04-01,32,4,360590.8171,2,144053.4877,1,97791.621,91.33333333333331,1.1547005383792497,0.3503649635036496,1,-0.4075759580698381,0.7977353417384073,0.2005263158987972,0.001696743985109,4.159839709905913e-05,32,0
664,2013-04-01,32,4,233197.6438,2,116277.977,1,80512.2219,91.33333333333331,1.1547005383792497,0.3503649635036496,1,-0.0055033653492433,0.8242920576712963,0.1389717231782768,0.0327167103864194,0.0040195084938504,28,0
668,2013-04-01,63,4,118372.5971,2,72782.1917,1,36476.2562,91.0,1.0,0.6923076923076923,1,0.4677658246173024,0.8640218642714903,0.1095401690734721,0.0218432668400075,0.004594699392635,25,0
672,2013-04-01,63,4,159864.4424,2,90112.4305,1,41602.4379,91.0,1.0,0.6923076923076923,1,0.2561086145276032,0.9118518015110532,0.0632163028143149,0.0197091833099215,0.0052227123647103,31,0
684,2013-04-01,32,4,25255.4353,2,5578.8616,1,4030.2867,91.33333333333331,1.1547005383792497,0.3503649635036496,1,-1.2603156232037005,0.8794391122611138,0.0741992952305201,0.0463615921916024,0.0,34,0
692,2013-04-01,32,4,134520.01799999998,2,59724.2611,1,36459.767,91.33333333333331,1.1547005383792497,0.3503649635036496,1,-0.2250194621826597,0.7454043508974256,0.248390528761303,0.0062051203412714,0.0,39,0
694,2013-04-01,63,3,19377.5783,1,183.9382,1,183.9382,136.5,62.932503525602726,0.4615384615384615,1,-4.642364642368941,0.8906447251976786,0.0925688428259376,0.0105359605229926,0.006250471453391,33,1
698,2013-04-01,32,2,5537.0835,1,4228.146,1,4228.146,274.0,,0.1167883211678832,1,1.1720206552712078,1.0,0.0,0.0,0.0,21,1
700,2013-04-01,2,3,6417.1108,2,4931.2285,1,3701.7696,136.5,67.17514421272202,0.0146520146520146,1,1.1991094026291798,0.962127738233848,0.0378722617661518,0.0,0.0,24,1
702,2013-04-01,63,3,31053.5667,2,18122.328,1,7046.91,90.5,0.7071067811865476,0.6961325966850829,1,0.3374766304284406,0.922838728216041,0.077161271783959,0.0,0.0,16,0
710,2013-04-01,2,4,47318.0679,2,21832.5171,1,11497.0491,91.0,1.7320508075688772,0.0219780219780219,1,-0.154704622690323,0.731725096493215,0.2124919031193156,0.0515168699438803,0.0042661293869101,30,1
716,2013-04-01,63,4,19430.004,2,8267.541799999999,1,4228.146,91.0,1.0,0.6923076923076923,1,-0.3001879723899705,0.8991716368148971,0.0614931937224511,0.0393351694626516,0.0,12,0
722,2013-04-01,32,2,514.788,1,44.994,1,44.994,182.0,,0.1758241758241758,1,-2.3259096778407016,0.9125970302338048,0.0,0.087402969766195,0.0,29,0
726,2013-04-01,153,3,2270.6447,1,107.2672,0,0.0,91.5,0.7071067811865476,1.6721311475409837,1,-2.995285824508225,0.3852623882547543,0.5103443088211908,0.0599422710210892,0.0444510319029657,41,1
728,2013-04-01,2,4,12826.062,2,3960.873,1,2551.491,91.0,1.7320508075688772,0.0219780219780219,1,-0.8055281602432522,0.9157019512302372,0.0597419535318011,0.0245560952379615,0.0,15,0
732,2013-04-01,2,4,19353.853,2,10303.1882,1,5605.2482,91.0,1.7320508075688772,0.0219780219780219,1,0.1296017373516047,0.703943860687585,0.2296191047849748,0.0591358785250668,0.0073011560023732,12,0
734,2013-04-01,63,3,11257.6728,2,6306.8525,1,2595.6818,90.5,0.7071067811865476,0.6961325966850829,1,0.2420400394661772,0.8772550131320215,0.0918366094278384,0.0309083774401402,0.0,17,0
738,2013-04-01,2,4,15021.570500000002,2,2686.8578,1,2550.0938,91.0,1.7320508075688772,0.0219780219780219,1,-1.5237540075149134,0.903874831196911,0.0414981243139657,0.0546270444891231,0.0,28,1
744,2013-04-01,32,4,31002.8398,2,14116.1477,1,5373.1714,91.33333333333331,1.1547005383792497,0.3503649635036496,1,-0.1791948710889936,0.9159835351598984,0.0357847218886058,0.0428600156815312,0.0053717269474133,30,0
746,2013-04-01,2,4,48131.2184,2,17781.6394,1,9795.1414,91.0,1.7320508075688772,0.0219780219780219,1,-0.5345929279909907,0.8691896255840472,0.1011153625813885,0.028017389644971,0.0016776221895932,22,0
752,2013-04-01,63,4,29926.8144,2,13997.3126,1,3916.3167,91.0,1.0,0.6923076923076923,1,-0.1292988299600281,0.9358982875905428,0.0441081360133005,0.0199935747254141,0.0,24,0
762,2013-04-01,32,4,293715.9482,2,112124.694,1,75104.6539,91.33333333333331,1.1547005383792497,0.3503649635036496,1,-0.4821433022933927,0.8499179856383433,0.1459551804752834,0.0035946682720853,0.0005321655189576,33,0
764,2013-04-01,63,4,98015.617,2,33436.0069,1,3372.3862,91.0,1.0,0.6923076923076923,1,-0.6582509348511785,0.6476408920121373,0.3380677162905581,0.0109961619687605,0.0032952299836055,41,0
766,2013-04-01,2,3,9015.491,2,8806.235,1,647.994,136.5,67.17514421272202,0.0146520146520146,1,3.735002985868272,0.9767892841332768,0.0232107158667231,0.0,0.0,36,0
768,2013-04-01,32,4,184988.3638,2,68690.3149,1,39283.2714,91.33333333333331,1.1547005383792497,0.3503649635036496,1,-0.5265421109362567,0.7335661979621229,0.202914448395159,0.0537796886552061,0.0097396653118567,26,0
776,2013-04-01,63,3,2942.3951,2,2158.3391,1,1833.8864,90.5,0.7071067811865476,0.6961325966850829,1,1.0118024288193157,0.6579007693426352,0.3420992306573648,0.0,0.0,27,0
780,2013-04-01,2,4,91742.4551,2,49672.8756,1,26049.4939,91.0,1.7320508075688772,0.0219780219780219,1,0.1661304808845294,0.715038647357934,0.2830173355585292,0.0018132815370884,0.0001307355464482,15,0
782,2013-04-01,2,4,112263.7268,2,37659.7991,1,31536.6745,91.0,1.7320508075688772,0.0219780219780219,1,-0.6835868181842901,0.7282572870010939,0.1720513842766887,0.0846885575154449,0.0150027711355115,30,1
786,2013-04-01,63,3,327172.0022,2,181017.4369,1,80564.8492,90.5,0.7071067811865476,0.6961325966850829,1,0.2139273172015166,0.792681093217334,0.1808449108668871,0.0222861494228432,0.0041878464012407,33,0
788,2013-04-01,63,4,116102.5546,2,56493.547300000006,1,26461.1006,91.0,1.0,0.6923076923076923,1,-0.0536793421639014,0.6331040637154077,0.2854966328191369,0.069422970086827,0.0119763342399358,41,0
790,2013-04-01,2,4,225241.3797,2,94509.3105,1,56174.6585,91.0,1.7320508075688772,0.0219780219780219,1,-0.3244486703261433,0.7419613501861355,0.2066200400742794,0.0417618489485748,0.0096567606489403,36,1
792,2013-04-01,32,4,186417.529,2,79376.856,1,42502.1691,91.33333333333331,1.1547005383792497,0.3503649635036496,1,-0.298998788261013,0.7570751121371209,0.1834970873366742,0.0523930431992798,0.0070347570157954,26,0
794,2013-04-01,2,4,162091.4284,2,65786.1435,1,44798.9579,91.0,1.7320508075688772,0.0219780219780219,1,-0.3811091487309337,0.7781885430037953,0.1495954298099084,0.059970216512695,0.0122458106242464,39,0
798,2013-04-01,63,3,197135.4802,2,93835.7953,1,13841.621,90.5,0.7071067811865476,0.6961325966850829,1,-0.0960869532268446,0.7887015012379289,0.1673861293183894,0.0359919809909489,0.0079203885896943,33,0
802,2013-04-01,63,3,13955.6368,2,7255.5262,1,4228.146,90.5,0.7071067811865476,0.6961325966850829,1,0.0796279556237333,0.6732677365177632,0.2444097642323279,0.0707506876361242,0.0115718116137846,16,0
808,2013-04-01,2,4,266204.9132,2,110789.4628,1,67717.6755,91.0,1.7320508075688772,0.0219780219780219,1,-0.338467595964623,0.6421979231899465,0.30988426570483,0.0401973369851387,0.007720473988607,30,0
812,2013-04-01,63,4,170674.4939,2,89742.9817,1,45662.0012,91.0,1.0,0.6923076923076923,1,0.103345344185854,0.9236686958765314,0.0530511003319869,0.0183611735320927,0.0049190302593889,29,0
814,2013-04-01,63,4,348561.747,2,187720.9418,1,89758.5394,91.0,1.0,0.6923076923076923,1,0.1545405294599575,0.9057074295074612,0.0937372186741995,0.0003816107221886,0.0001737410961507,34,0
816,2013-04-01,2,4,379298.1467,2,174485.68709999998,1,95415.1188,91.0,1.7320508075688772,0.0219780219780219,1,-0.1602511646673896,0.8867531136819025,0.1007380076397299,0.0100953788815335,0.002413499796834,26,0
818,2013-04-01,2,2,362.832,2,362.832,1,153.576,89.0,,0.0224719101123595,0,,0.0,0.5767297261542532,0.4232702738457468,0.0,31,0
820,2013-04-01,32,4,3369.444,2,2617.875,1,1308.9375,91.33333333333331,1.1547005383792497,0.3503649635036496,1,1.247007428456656,0.9163734432149636,0.0836265567850363,0.0,0.0,23,1
822,2013-04-01,2,3,1791.3562000000002,2,381.9742,1,183.9382,90.5,2.1213203435596424,0.0220994475138121,1,-1.3036482446779152,0.7867681480656945,0.2132318519343053,0.0,0.0,15,0
826,2013-04-01,63,4,7786.4655,2,3169.6849,1,2186.5347,91.0,1.0,0.6923076923076923,1,-0.3759665787245847,0.619238754734096,0.380761245265904,0.0,0.0,14,0
828,2013-04-01,63,4,266874.61360000004,2,136832.8793,1,47271.1253,91.0,1.0,0.6923076923076923,1,0.0509045084067469,0.7140872389257483,0.2453274721968533,0.0344772950108732,0.0061079938552836,34,0
832,2013-04-01,2,4,189855.8876,2,73845.25,1,38464.61,91.0,1.7320508075688772,0.0219780219780219,1,-0.4517052811293354,0.8136393232400343,0.1861374195276734,0.0002232572322924,0.0,22,0
836,2013-04-01,63,2,1805.454,2,1805.454,1,396.072,90.0,,0.7,0,,0.7806247071373739,0.2193752928626262,0.0,0.0,15,1
844,2013-04-01,63,2,2951.67,2,2951.67,1,667.83,90.0,,0.7,0,,0.7958105072721543,0.2041894927278456,0.0,0.0,21,0
846,2013-04-01,2,4,26017.9573,2,8969.5294,1,4974.1475,91.0,1.7320508075688772,0.0219780219780219,1,-0.6421719556331524,0.5073606412598732,0.4905640997419886,0.0020752589981381,0.0,14,0
848,2013-04-01,2,4,135953.3799,2,65463.69899999999,1,41211.6058,91.0,1.7320508075688772,0.0219780219780219,1,-0.0739694644728885,0.7107049340815984,0.2834288572181352,0.0058662087002663,0.0,34,0
852,2013-04-01,32,4,142552.8711,2,60466.8633,1,36114.8778,91.33333333333331,1.1547005383792497,0.3503649635036496,1,-0.3056677166742734,0.6225370342611078,0.2890975382115611,0.07535045099488,0.0130149765254359,33,0
862,2013-04-01,63,3,92187.4303,2,36585.5753,1,6125.1688,90.5,0.7071067811865476,0.6961325966850829,1,-0.4185531708195054,0.7373278415376331,0.2511291780740741,0.0115429804750724,0.0,14,0
872,2013-04-01,63,3,2502.2318,2,2481.7118,1,22.794,90.5,0.7071067811865476,0.6961325966850829,1,4.748123974206981,0.982689853114328,0.0082006790897629,0.0091094677959092,0.0,15,1
874,2013-04-01,32,4,174866.9823,2,88196.2454,1,47965.2654,91.33333333333331,1.1547005383792497,0.3503649635036496,1,0.0174478879040123,0.6878353884648698,0.2380427988891988,0.0624216547940051,0.0117001580120479,23,0
878,2013-04-01,63,4,71270.253,2,28809.6369,1,17725.0947,91.0,1.0,0.6923076923076923,1,-0.3878558614965079,0.819667393239084,0.1803326066486673,0.0,0.0,22,0
880,2013-04-01,122,1,647.994,1,647.994,0,0.0,,,,0,,1.0,0.0,0.0,0.0,20,0
892,2013-04-01,2,4,3557.3843,2,1028.3667,1,819.1107,91.0,1.7320508075688772,0.0219780219780219,1,-0.8992825004648237,0.6987447490562095,0.2948477340499872,0.0064075168938031,0.0,29,0
900,2013-04-01,2,4,1890.2397,2,319.116,1,159.558,91.0,1.7320508075688772,0.0219780219780219,1,-1.5914992293541994,0.0,0.1038646051080188,0.8213800609520581,0.074755333939923,25,0
902,2013-04-01,63,3,2631.8687,2,2540.6927,1,2472.3107,90.5,0.7071067811865476,0.6961325966850829,1,3.3168857623879724,0.9393746352164148,0.0,0.0606253647835851,0.0,30,1
908,2013-04-01,32,4,20073.1326,2,10726.3341,1,7907.5701,91.33333333333331,1.1547005383792497,0.3503649635036496,1,0.1376542118060015,0.7501020393797428,0.1655706842687822,0.0760306727610617,0.0082966018966068,19,0
920,2013-04-01,91,1,22.794,1,22.794,0,0.0,,,,0,,0.0,0.0,1.0,0.0,30,1
928,2013-04-01,63,3,110985.097,2,73505.4416,1,38254.4351,90.5,0.7071067811865476,0.6961325966850829,1,0.673548099318003,0.9180167360668252,0.0681932494053683,0.0137900140772954,0.0,25,0
930,2013-04-01,32,4,7780.338799999999,2,2828.064,1,1328.8962,91.33333333333331,1.1547005383792497,0.3503649635036496,1,-0.560103018694944,0.5607926096997217,0.3870961120613411,0.0443276197689488,0.0077836584699884,31,1
932,2013-04-01,32,4,356348.4699,2,159032.1864,1,78175.0524,91.33333333333331,1.1547005383792497,0.3503649635036496,1,-0.2157001093550707,0.9163801539308924,0.0836198460691075,0.0,0.0,37,0
938,2013-04-01,63,3,1203.1973,2,1137.5955,1,537.333,90.5,0.7071067811865476,0.6961325966850829,1,2.838819160078996,0.8893441665801611,0.1106558334198389,0.0,0.0,22,0
944,2013-04-01,32,4,25977.1575,2,8699.358,1,4471.212,91.33333333333331,1.1547005383792497,0.3503649635036496,1,-0.6861161133436813,0.7595653219564149,0.2321698900274212,0.0074877014546337,0.00077708656153,31,0
948,2013-04-01,2,4,24616.9977,2,3155.2649,1,1743.454,91.0,1.7320508075688772,0.0219780219780219,1,-1.9169287381681563,0.8528477703030374,0.0448543731228443,0.0949176511480114,0.0073802054261068,28,0
950,2013-04-01,63,3,14173.4228,2,8456.292000000001,1,2818.764,90.5,0.7071067811865476,0.6961325966850829,1,0.3913870590446322,0.8949452915494767,0.1050547084505233,0.0,0.0,33,0
952,2013-04-01,32,3,639.9813,1,339.7375,1,339.7375,137.0,63.63961030678928,0.2335766423357664,1,0.1231924824377967,0.0,0.0,0.9526864300566282,0.0473135386924586,25,1
954,2013-04-01,32,4,170795.3572,2,59850.7816,1,31787.5245,91.33333333333331,1.1547005383792497,0.3503649635036496,1,-0.6171685718475679,0.7938256724755981,0.1375627926026551,0.0591738631113094,0.0094376716816281,39,0
958,2013-04-01,2,4,52285.9489,2,34329.7908,1,14251.5357,91.0,1.7320508075688772,0.0219780219780219,1,0.6480538270634462,0.6588651009449309,0.3408646754042174,0.0002702236508516,0.0,27,0
962,2013-04-01,2,4,31759.1406,2,28634.414,1,4017.1687,91.0,1.7320508075688772,0.0219780219780219,1,2.2149774354109937,0.7161040875268521,0.2386340044730303,0.0427194588508481,0.0025424491492694,15,0
966,2013-04-01,63,4,2182.848,2,1611.714,1,202.332,91.0,1.0,0.6923076923076923,1,1.036300523364476,0.6456619975371625,0.3543380024628375,0.0,0.0,39,0
970,2013-04-01,2,4,129845.0859,2,41316.4705,1,26154.5589,91.0,1.7320508075688772,0.0219780219780219,1,-0.7620517082740399,0.8562588702480883,0.1407448912935718,0.0028407721204334,0.0001554660298468,27,0
976,2013-04-01,2,4,137282.2592,2,56688.9484,1,33591.9302,91.0,1.7320508075688772,0.0219780219780219,1,-0.3518311432910046,0.6906341332995779,0.3041138552300281,0.0050772765837466,0.0001747348866473,14,0
978,2013-04-01,63,3,210088.8538,2,106861.9686,1,36850.5686,90.5,0.7071067811865476,0.6961325966850829,1,0.0346083244421091,0.6229724144461014,0.2925619094600439,0.0729344608761914,0.0115312150320275,34,0
982,2013-04-01,32,4,77760.3221,2,16606.5423,1,11804.2083,91.33333333333331,1.1547005383792497,0.3503649635036496,1,-1.3035510766500504,0.6903633042950063,0.1673362191487115,0.1184447935948043,0.0238556827942974,22,0
986,2013-04-01,2,4,39010.7805,2,10651.2722,1,5482.7026,91.0,1.7320508075688772,0.0219780219780219,1,-0.9792244031226948,0.8862209537181651,0.0485290598069423,0.0616277695853842,0.0036222166844367,36,0
988,2013-04-01,2,4,29806.6547,2,13712.0119,1,8074.4839,91.0,1.7320508075688772,0.0219780219780219,1,-0.1602034460151511,0.8723923620989242,0.1172693257656989,0.0096610640441981,0.0006772480911787,28,0
998,2013-04-01,63,4,40894.782,2,18878.9613,1,6192.8825,91.0,1.0,0.6923076923076923,1,-0.1537056275636228,0.9501336490802176,0.030971787549815,0.0188945619516934,0.0,27,0
1002,2013-04-01,32,4,18428.95,2,9305.2122,1,6016.6542,91.33333333333331,1.1547005383792497,0.3503649635036496,1,0.0196929908463552,0.842516350633107,0.0739918986160361,0.0760980021108093,0.0073937478803729,24,0
1014,2013-04-01,63,3,53814.2189,2,24891.1104,1,11605.2572,90.5,0.7071067811865476,0.6961325966850829,1,-0.1501245496587095,0.9178362783966748,0.0323908538603725,0.04714706590306,0.0026258023044537,15,0
1016,2013-04-01,63,4,17367.2621,2,6838.5606,1,3792.9456,91.0,1.0,0.6923076923076923,1,-0.4314764883608202,0.8711398024562548,0.0306115896068615,0.0924369535483661,0.0058116529490275,42,0
1018,2013-04-01,32,4,11854.4722,2,2791.2172,1,1516.1703,91.33333333333331,1.1547005383792497,0.3503649635036496,1,-1.177502681033836,0.7293779810795794,0.096836196553736,0.1571829237576684,0.0166028960783256,12,0
1026,2013-04-01,63,3,32115.7985,2,14968.656,1,7046.91,90.5,0.7071067811865476,0.6961325966850829,1,-0.1358646398326097,0.8484314036283419,0.1425340864559229,0.0084059563395255,0.0006285535762095,35,0
1028,2013-04-01,2,4,14727.4354,2,2805.0921,1,1484.4572,91.0,1.7320508075688772,0.0219780219780219,1,-1.4467052968336835,0.8384460881763568,0.0462005082025347,0.103017344893599,0.0123360581843054,41,0
1032,2013-04-01,2,4,293874.3914,2,144306.8959,1,78041.5646,91.0,1.7320508075688772,0.0219780219780219,1,-0.0358052688607823,0.8695155990240528,0.1217946658417137,0.0086897352227064,0.0,25,0
1034,2013-04-01,2,4,3193.4272,2,1090.243,1,600.2625,91.0,1.7320508075688772,0.0219780219780219,1,-0.6566104250829037,0.8920785794020919,0.101600155469334,0.0,0.006321265128574,17,0
1040,2013-04-01,63,3,78849.7326,2,52340.6218,1,25725.4118,90.5,0.7071067811865476,0.6961325966850829,1,0.6802656826365379,0.863232780322707,0.1191295859892364,0.0176376339924328,0.0,19,0
1044,2013-04-01,32,2,249.54,1,183.9382,1,183.9382,182.0,,0.1758241758241758,1,1.0212901110076391,0.0,1.0,0.0,0.0,16,0
1046,2013-04-01,32,4,138485.0111,2,68214.7181,1,32230.2682,91.33333333333331,1.1547005383792497,0.3503649635036496,1,-0.0296883565205892,0.8123926568396687,0.1363121882293007,0.043912068076514,0.0073830863129417,38,0
1048,2013-04-01,32,3,1551.207,2,1168.155,1,540.387,91.0,1.4142135623730951,0.3516483516483517,1,1.1132585845550862,0.0,0.985305636191688,0.0146943638083118,0.0,13,0
1050,2013-04-01,32,4,351273.7273,2,169694.3272,1,89596.3322,91.33333333333331,1.1547005383792497,0.3503649635036496,1,-0.0676938951677659,0.9392714904585464,0.0598874494876007,8.210235425710985e-05,0.0007589576711278,13,0
1052,2013-04-01,2,4,134036.6408,2,54967.6944,1,30252.3325,91.0,1.7320508075688772,0.0219780219780219,1,-0.3635690277487242,0.8551240587342442,0.1295740597223322,0.0151512770155905,0.0001506043413167,19,0
1056,2013-04-01,2,3,2679.701,2,958.899,1,540.387,90.5,2.1213203435596424,0.0220994475138121,1,-0.5842986252045117,0.0,0.9744814813294468,0.0255185186705531,0.0,31,0
1062,2013-04-01,153,2,667.8299999999999,1,198.036,0,0.0,91.0,,1.6813186813186811,1,-0.8609349181539763,0.703463456268811,0.2965365437311891,0.0,0.0,16,1
1064,2013-04-01,63,3,5567.6769,2,858.4732,1,67.539,90.5,0.7071067811865476,0.6961325966850829,1,-1.701166791065292,0.0,1.0,0.0,0.0,38,0
1066,2013-04-01,63,4,128115.672,2,71150.77170000001,1,34916.4348,91.0,1.0,0.6923076923076923,1,0.2223623766728888,0.856711958510431,0.1334346417821545,0.0085928825709941,0.0012605171364202,13,0
1068,2013-04-01,2,3,1401.9628,1,65.6018,1,65.6018,136.5,62.932503525602726,0.0146520146520146,1,-2.999721943927769,0.9244096918976736,0.0467928250307354,0.0,0.0287974830715907,13,0
1070,2013-04-01,2,4,258976.6809,2,134932.39059999998,1,68243.9474,91.0,1.7320508075688772,0.0219780219780219,1,0.0841345104377779,0.8631650615150037,0.1081288504535776,0.0250786420013926,0.0036274462887364,19,1
1074,2013-04-01,63,2,798.2867,1,418.8197,1,418.8197,181.0,,0.3480662983425414,1,0.098425887842473,0.0,0.8817880844062664,0.0676373538479345,0.0505745617457988,31,0
1082,2013-04-01,63,3,3451.483,2,1776.7976,1,624.7205,90.5,0.7071067811865476,0.6961325966850829,1,0.0591530192315659,0.3100280372234196,0.645085025770082,0.0156437102544036,0.0292432267520946,43,0
1086,2013-04-01,32,4,185966.4477,2,87998.164,1,45918.6785,91.33333333333331,1.1547005383792497,0.3503649635036496,1,-0.1073266834748771,0.9184725836971506,0.0556505021631383,0.0217380179381681,0.0041388962875801,40,0
1090,2013-04-01,2,4,10366.1366,2,3857.7131,1,3279.9311,91.0,1.7320508075688772,0.0219780219780219,1,-0.5229171621252764,0.262230723450046,0.694025448207966,0.043743828341988,0.0,37,0
1092,2013-04-01,63,2,1429.7236,1,648.9054,1,648.9054,181.0,,0.3480662983425414,1,-0.1847954188626479,0.0,1.0,0.0,0.0,29,0
1096,2013-04-01,32,4,2703.4467,2,1070.0565,1,600.2625,91.33333333333331,1.1547005383792497,0.3503649635036496,1,-0.4226242239098559,0.8799855384609581,0.120014461539042,0.0,0.0,26,0
1106,2013-04-01,63,2,714.5072,2,714.5072,1,648.9054,90.0,,0.7,0,,0.0,1.0,0.0,0.0,43,1
1108,2013-04-01,2,4,207970.0234,2,104050.411,1,53097.089,91.0,1.7320508075688772,0.0219780219780219,1,0.0012578481961877,0.8572017451626636,0.1165184304152941,0.0215505803515719,0.0047292440704702,35,1
1112,2013-04-01,91,2,1439.1808,1,1242.8518,0,0.0,184.0,,0.4945652173913043,1,1.8410957478542416,0.8635828104432742,0.1364171895567256,0.0,0.0,15,1
1114,2013-04-01,63,3,28631.0092,2,13185.430799999998,1,8629.0063,90.5,0.7071067811865476,0.6961325966850829,1,-0.1581991848619441,0.9059817912391296,0.0146186254587211,0.0660034959578022,0.0133960873443469,30,0
1118,2013-04-01,32,2,2479.283,1,107.988,1,107.988,274.0,,0.1167883211678832,1,-3.0803753355813805,0.0,0.9448113022998988,0.0551886977001011,0.0,18,1
1132,2013-04-01,153,2,2850.2179,1,70.3324,0,0.0,91.0,,1.6813186813186811,1,-3.663174038990169,0.0,0.793556941734174,0.135618648665423,0.0708244096004028,19,0
1134,2013-04-01,2,4,27755.78,2,11832.4248,1,5255.3088,91.0,1.7320508075688772,0.0219780219780219,1,-0.2969215734817219,0.7735176528996843,0.1558738107882394,0.0626083468019994,0.0080001895100768,24,0
1138,2013-04-01,32,3,1818.2225,1,1691.3283,1,1691.3283,137.0,63.63961030678928,0.2335766423357664,1,2.58265719244902,0.0,0.7137799691731898,0.230708397899597,0.0555116329272132,21,0
1142,2013-04-01,2,4,20242.0481,2,9035.0214,1,4003.2158,91.0,1.7320508075688772,0.0219780219780219,1,-0.2154112243513388,0.8556232904120014,0.044953553884698,0.0864588302208411,0.0129643254824594,18,0
1148,2013-04-01,63,2,2147.6296,1,469.794,1,469.794,273.0,,0.2307692307692307,1,-1.271435105817832,1.0,0.0,0.0,0.0,42,1
1150,2013-04-01,63,3,16939.7966,2,10873.3295,1,6577.116,90.5,0.7071067811865476,0.6961325966850829,1,0.5834636836297538,0.7210620226691505,0.2237691271924717,0.0468272210541182,0.0083416290842594,12,0
1154,2013-04-01,32,3,3794.9611,1,669.0919,1,669.0919,137.0,63.63961030678928,0.2335766423357664,1,-1.540372660195712,0.0,0.9592365518581996,0.0322836510761599,0.0084797970656405,23,0
1156,2013-04-01,2,4,19151.57,2,5145.7756,1,2618.4758,91.0,1.7320508075688772,0.0219780219780219,1,-1.0011721046664448,0.9029433096085596,0.0613510015105811,0.0357056888808593,0.0,29,1
1162,2013-04-01,32,4,18116.8705,2,7924.7688,1,5292.9001,91.33333333333331,1.1547005383792497,0.3503649635036496,1,-0.2515918630500451,0.8851714925047347,0.0590397773169488,0.052446011577993,0.0033427163924365,17,0
1164,2013-04-01,2,4,53434.8155,2,16764.6109,1,11710.0113,91.0,1.7320508075688772,0.0219780219780219,1,-0.7826620130204773,0.9238519144882236,0.0296360712614418,0.0446231237384921,0.0018888902124121,23,0
1168,2013-04-01,63,3,1477.4851,2,793.4551,1,546.9942,90.5,0.7071067811865476,0.6961325966850829,1,0.1481938379256355,0.317968688821295,0.5015419106426183,0.1191963966337122,0.0612930039023743,31,0
1172,2013-04-01,63,1,67.539,1,67.539,1,67.539,,,,0,,0.0,1.0,0.0,0.0,43,1
1174,2013-04-01,2,4,192756.2792,2,87556.1248,1,44161.7113,91.0,1.7320508075688772,0.0219780219780219,1,-0.1835828384237459,0.9001380895092522,0.0995817951024238,0.000280115388324,0.0,16,1
1182,2013-04-01,2,4,181532.4164,2,84199.88709999999,1,40518.0541,91.0,1.7320508075688772,0.0219780219780219,1,-0.1449380701320741,0.8939688537082682,0.1003966969725193,0.0056344493192126,0.0,19,0
1184,2013-04-01,32,4,192106.874,2,83158.9394,1,43579.4597,91.33333333333331,1.1547005383792497,0.3503649635036496,1,-0.2701135482713841,0.8709516911924764,0.1034856306078875,0.0204748696290794,0.0050878086226107,25,1
1186,2013-04-01,32,4,680.3558,2,537.7233,1,123.2826,91.33333333333331,1.1547005383792497,0.3503649635036496,1,1.3219441268984404,0.0,0.5733095830152398,0.4266904169847599,0.0,31,1
1188,2013-04-01,63,3,85754.5173,2,52867.4911,1,19309.8372,90.5,0.7071067811865476,0.6961325966850829,1,0.4746988837870383,0.8188746541985374,0.12499375353606,0.0511761912045652,0.0049554007576461,37,0
1192,2013-04-01,2,4,2039.5715,2,1017.4553,1,527.4748,91.0,1.7320508075688772,0.0219780219780219,1,-0.0045660003557781,0.7549872608045366,0.1860523154005633,0.0490630017138403,0.0098974220810596,38,0
1200,2013-04-01,2,4,189701.6685,2,90444.8865,1,45840.9314,91.0,1.7320508075688772,0.0219780219780219,1,-0.0929685919115925,0.8694801985887647,0.1021765604555027,0.0230116168957153,0.0053316241654458,25,0
1202,2013-04-01,2,4,145726.8739,2,61951.6941,1,22957.5775,91.0,1.7320508075688772,0.0219780219780219,1,-0.3017776210579441,0.861199598545701,0.1282721717672144,0.0103897065069753,0.0001385228370015,17,0
1204,2013-04-01,63,4,9044.785,2,4286.645,1,823.066,91.0,1.0,0.6923076923076923,1,-0.1043293484890384,0.3787065585306893,0.6081639198720589,0.0086658444617533,0.0044636771354985,22,0
1212,2013-04-01,153,1,736.1455,1,736.1455,0,0.0,,,,0,,0.0,1.0,0.0,0.0,34,0
1214,2013-04-01,2,4,141119.8325,2,69109.9392,1,42528.456,91.0,1.7320508075688772,0.0219780219780219,1,-0.0411043754652684,0.8738432473692173,0.112010770704394,0.0129769755501941,0.0011690064895733,26,0
1216,2013-04-01,153,2,794.2466999999999,1,324.4527,0,0.0,91.0,,1.6813186813186811,1,-0.3692034948505949,0.5914963197203086,0.4085036802796915,0.0,0.0,31,0
1218,2013-04-01,153,2,4831.8251,1,1684.2578,0,0.0,91.0,,1.6813186813186811,1,-0.6250289748421594,0.0,1.0,0.0,0.0,23,0
1220,2013-04-01,2,4,140242.1576,2,65124.5777,1,26839.0921,91.0,1.7320508075688772,0.0219780219780219,1,-0.1427505596341376,0.844433154242915,0.1054577350569797,0.042438243085045,0.007670867436797,28,0
1234,2013-04-01,32,4,131019.6546,2,64653.69500000001,1,39666.1085,91.33333333333331,1.1547005383792497,0.3503649635036496,1,-0.0261386118639048,0.8343486054343483,0.1103387880553915,0.0497115097798464,0.0056010969670194,26,0
1236,2013-04-01,2,4,130478.7914,2,58950.6857,1,25261.8384,91.0,1.7320508075688772,0.0219780219780219,1,-0.1933862176012244,0.8725744489077173,0.0822247292827085,0.0400183393712826,0.0051824820934078,16,0
1242,2013-04-01,2,4,244312.4421,2,127522.96,1,71610.9964,91.0,1.7320508075688772,0.0219780219780219,1,0.0879226903081971,0.8344415646934422,0.1316077499926885,0.02967151111376,0.0042791742042023,43,0
1246,2013-04-01,63,4,4824.7744,2,3150.1158,1,209.256,91.0,1.0,0.6923076923076923,1,0.6315503303115193,0.2575979096556307,0.7254931132116768,0.0169089771326924,0.0,38,0
1254,2013-04-01,2,4,192239.4437,2,89562.9621,1,44893.2146,91.0,1.7320508075688772,0.0219780219780219,1,-0.1366397986493979,0.9178911798942124,0.0553635694899797,0.0223228387338492,0.0044224118819586,19,0
1256,2013-04-01,32,4,1831.248,2,255.6568,1,57.6808,91.33333333333331,1.1547005383792497,0.3503649635036496,1,-1.8152805430965893,0.0,0.8128584440774815,0.1871415559225183,0.0,25,0
1266,2013-04-01,2,4,338648.8249,2,175201.2928,1,93032.5066,91.0,1.7320508075688772,0.0219780219780219,1,0.0694431127728112,0.9175275564347602,0.0668992243120581,0.0124482268652336,0.0031249923879478,43,0
1270,2013-04-01,91,3,1396.9077,1,263.25,0,0.0,92.0,0.0,0.9891304347826086,1,-1.457190673775898,0.0,0.961347482013307,0.038652517986693,0.0,40,1
1274,2013-04-01,63,3,2127.9007,2,1492.8757,1,1308.9375,90.5,0.7071067811865476,0.6961325966850829,1,0.8538912920232935,0.8359090722607496,0.1640909277392502,0.0,0.0,37,0
1278,2013-04-01,63,3,115830.4856,2,78545.7428,1,40310.0159,90.5,0.7071067811865476,0.6961325966850829,1,0.7450828742420281,0.8428710515567415,0.118070212078952,0.0341650072129197,0.0048937289441873,34,0
1280,2013-04-01,2,3,732.126,1,45.0,1,45.0,136.5,62.932503525602726,0.0146520146520146,1,-2.7053305642111347,0.6416846280558265,0.2763622655116742,0.0,0.0819531064324993,26,1
1288,2013-04-01,153,1,202.332,1,202.332,0,0.0,,,,0,,0.0,1.0,0.0,0.0,20,1
1290,2013-04-01,2,4,146164.43219999998,2,69895.424,1,36879.256,91.0,1.7320508075688772,0.0219780219780219,1,-0.0872652945561007,0.8827623523583873,0.1047180122388215,0.0114581149653999,0.0010615202184598,25,0
1294,2013-04-01,32,4,138416.1478,2,46091.1292,1,37216.7222,91.33333333333331,1.1547005383792497,0.3503649635036496,1,-0.6946837912051436,0.6157091701695228,0.3081147797988349,0.0609611744736043,0.0152148754641183,41,1
1296,2013-04-01,63,4,104739.6931,2,42077.9993,1,14819.6397,91.0,1.0,0.6923076923076923,1,-0.398217488090518,0.678493826186321,0.3131833322127616,0.0062028098495545,0.0021200319900498,36,0
1310,2013-04-01,2,3,3371.5913,2,885.8877,1,744.2727,136.5,67.17514421272202,0.0146520146520146,1,-1.0309948892109153,0.7372493813232938,0.2627506186767061,0.0,0.0,15,0
1312,2013-04-01,2,4,92518.5973,2,41357.451,1,23863.0438,91.0,1.7320508075688772,0.0219780219780219,1,-0.2127231506733284,0.8787092527612286,0.1212907472387716,0.0,0.0,14,1
1316,2013-04-01,2,4,129192.7975,2,43503.5578,1,25721.2332,91.0,1.7320508075688772,0.0219780219780219,1,-0.677873220352275,0.8196125972734664,0.0930409576431689,0.0730295353810261,0.0143169095165696,34,0
1320,2013-04-01,2,4,3290.4213,2,810.9834999999999,1,736.1455,91.0,1.7320508075688772,0.0219780219780219,1,-1.1167103360789312,0.7472957338320173,0.2527042661679828,0.0,0.0,33,0
1322,2013-04-01,63,4,121578.9539,2,58236.6373,1,20587.4764,91.0,1.0,0.6923076923076923,1,-0.0840375668687052,0.658961407217701,0.257599675448433,0.0702999629938418,0.0131389538465176,27,0
1324,2013-04-01,63,3,5811.704199999999,2,4994.2012,1,22.794,90.5,0.7071067811865476,0.6961325966850829,1,1.80875590850594,0.8554129785201388,0.1406649361128875,0.0039220853669737,0.0,21,0
1326,2013-04-01,2,2,1733.8347,1,1409.382,1,1409.382,273.0,,0.0073260073260073,1,1.4663987324760583,0.8128698773879656,0.1871301226120344,0.0,0.0,15,0
1328,2013-04-01,2,4,130949.0945,2,54152.5882,1,34098.5966,91.0,1.7320508075688772,0.0219780219780219,1,-0.3493479342414911,0.6032971423105182,0.3023169175102619,0.0780292783086025,0.0163566621073504,14,1
1330,2013-04-01,63,3,136152.3908,2,73647.1139,1,22612.411,90.5,0.7071067811865476,0.6961325966850829,1,0.1640315515198604,0.7357509414223229,0.2037388909369045,0.0501881854872283,0.0103219824767116,14,0
1332,2013-04-01,2,4,134101.8059,2,47301.8354,1,30041.9727,91.0,1.7320508075688772,0.0219780219780219,1,-0.6070475637464057,0.6732888374920832,0.3215109722843784,0.0052001902235382,0.0,14,0
1334,2013-04-01,63,3,106943.9896,2,50353.4343,1,17254.0031,90.5,0.7071067811865476,0.6961325966850829,1,-0.1167730896310352,0.709744614764213,0.2844495255299508,0.0058058597058361,0.0,14,0
1336,2013-04-01,63,3,252557.4482,2,123296.1942,1,44295.8324,90.5,0.7071067811865476,0.6961325966850829,1,-0.0472456633737206,0.7526059015233588,0.1811470171482355,0.0552439024722455,0.011003179311502,34,0
1338,2013-04-01,32,2,1479.0879,1,1269.8319,1,1269.8319,274.0,,0.1167883211678832,1,1.7991011684767866,0.831227745152942,0.1414763787872242,0.0,0.0272958760598339,17,0
1340,2013-04-01,63,3,3251.8732,2,2649.1732,1,198.036,90.5,0.7071067811865476,0.6961325966850829,1,1.479302889532681,0.5136482566417411,0.4863517433582588,0.0,0.0,22,0
1344,2013-04-01,2,4,4972.5364,2,4178.2897,1,3926.8125,91.0,1.7320508075688772,0.0219780219780219,1,1.6592442018675353,0.8841778413125342,0.1158221586874658,0.0,0.0,15,1
1346,2013-04-01,63,3,5593.3158,2,2907.4226,1,417.9682,90.5,0.7071067811865476,0.6961325966850829,1,0.0792252904453265,0.5699863218879936,0.423578497033906,0.0064351810781003,0.0,23,0
1350,2013-04-01,2,4,75095.9154,2,29698.8559,1,18868.8352,91.0,1.7320508075688772,0.0219780219780219,1,-0.4243271678980438,0.6023348707991114,0.3965183704252442,0.0011467587756444,0.0,26,0
1356,2013-04-01,63,4,193150.3149,2,81698.5663,1,31319.6394,91.0,1.0,0.6923076923076923,1,-0.3105520283017871,0.7738147672727402,0.179808875890163,0.0377375708850061,0.0086387861436512,24,0
1362,2013-04-01,2,4,1027.0855,2,810.9834999999999,1,74.838,91.0,1.7320508075688772,0.0219780219780219,1,1.319112730571821,0.0,0.8761836283347394,0.1238163716652605,0.0,35,0
1364,2013-04-01,153,3,5940.6907,1,44.994,0,0.0,91.5,0.7071067811865476,1.6721311475409837,1,-4.853636638546657,0.9420572089370012,0.0340586659392989,0.0238841251236998,0.0,41,1
1368,2013-04-01,153,2,2483.656,1,40.373,0,0.0,91.0,,1.6813186813186811,1,-4.078878613208281,0.0,0.943147762814174,0.0405967654135677,0.0162554717722583,29,0
1372,2013-04-01,32,4,20521.0917,2,7114.449,1,2886.303,91.33333333333331,1.1547005383792497,0.3503649635036496,1,-0.6335565594504136,0.9626601736787715,0.0373398263212283,0.0,0.0,17,1
1376,2013-04-01,63,3,20412.4148,2,8936.0092,1,4228.146,90.5,0.7071067811865476,0.6961325966850829,1,-0.2501793804928436,0.6674382297972898,0.3277581347210326,0.0028257705207911,0.0019778649608864,42,0
1378,2013-04-01,63,3,15842.3168,2,5122.9816,1,1366.2229,90.5,0.7071067811865476,0.6961325966850829,1,-0.7382106307270533,0.935498985855402,0.0414801388140401,0.0230208753305577,0.0,15,0
1386,2013-04-01,63,3,1413.2469999999998,2,296.322,1,113.97,90.5,0.7071067811865476,0.6961325966850829,1,-1.3244138407925794,0.0,0.6133287387130488,0.3866712612869513,0.0,23,0
1388,2013-04-01,32,4,41375.9932,2,17014.8537,1,7149.1797,91.33333333333331,1.1547005383792497,0.3503649635036496,1,-0.358884787321573,0.7913922849349271,0.2060914201813045,0.0017844743845327,0.0007318200158636,17,0
1392,2013-04-01,63,4,13419.0515,2,3390.6387,1,1409.382,91.0,1.0,0.6923076923076923,1,-1.08420885896685,0.9034357905251352,0.037480622233248,0.0485533720471972,0.0105302151944196,42,0
1394,2013-04-01,2,4,8981.4805,2,2979.0567,1,1590.0398,91.0,1.7320508075688772,0.0219780219780219,1,-0.7003876126301565,0.685932280318373,0.054539727609496,0.2280620216232725,0.0314659704488586,15,0
1398,2013-04-01,2,4,44289.4011,2,12618.8915,1,5128.1681,91.0,1.7320508075688772,0.0219780219780219,1,-0.9201432663641836,0.9465501374774744,0.0358686155275195,0.0175812469950062,0.0,18,0
1400,2013-04-01,2,4,27266.8589,2,11319.8559,1,6320.2454,91.0,1.7320508075688772,0.0219780219780219,1,-0.3426869381730366,0.9493429916124296,0.0347737707330858,0.0158832376544846,0.0,18,0
1406,2013-04-01,2,4,16841.6623,2,3825.1335,1,3218.1375,91.0,1.7320508075688772,0.0219780219780219,1,-1.224442055211053,0.765788867527643,0.2342111324723569,0.0,0.0,15,1
1408,2013-04-01,2,2,1344.252,1,202.332,1,202.332,181.0,,0.011049723756906,1,-1.7265015589935162,0.6989671579435999,0.3010328420564001,0.0,0.0,14,0
1410,2013-04-01,2,4,3684.6387,2,1894.176,1,954.588,91.0,1.7320508075688772,0.0219780219780219,1,0.0562792732064529,0.9078735453763755,0.0880554991728225,0.0,0.0040709554508017,14,1
1412,2013-04-01,2,3,2539.8597,2,2472.3107,1,1229.4589,90.5,2.1213203435596424,0.0220994475138121,1,3.585764078498181,0.9734044364734004,0.0265955635265995,0.0,0.0,34,0
1414,2013-04-01,32,4,169296.2166,2,66670.4512,1,42653.9411,91.33333333333331,1.1547005383792497,0.3503649635036496,1,-0.4313219267559596,0.7874368143144905,0.1449497182679509,0.0564260277686559,0.011187439229519,39,0
1416,2013-04-01,2,4,1772.4316,2,648.9054,1,324.4527,91.0,1.7320508075688772,0.0219780219780219,1,-0.5482902565356609,0.5301124173141576,0.4698875826858424,0.0,0.0,33,1
1418,2013-04-01,32,4,321732.7075,2,127751.56029999998,1,86085.8004,91.33333333333331,1.1547005383792497,0.3503649635036496,1,-0.4176708597162584,0.7971683364210025,0.20145621315172,0.0012499643046083,0.0001254861537507,27,0
1422,2013-04-01,2,4,143753.4908,2,58754.9777,1,33630.3655,91.0,1.7320508075688772,0.0219780219780219,1,-0.3692526323052263,0.610975742649583,0.304194223435164,0.0721846349695739,0.0126453986604685,15,0
1424,2013-04-01,2,4,271585.50430000003,2,108579.7507,1,59836.4792,91.0,1.7320508075688772,0.0219780219780219,1,-0.4062974908275834,0.6917242570372338,0.256722988885972,0.04437849912522,0.0071742547416953,14,0
1426,2013-04-01,63,3,275862.9634,2,135784.5675,1,57027.7694,90.5,0.7071067811865476,0.6961325966850829,1,-0.0311324435700122,0.8001645975140714,0.1675047245577439,0.0273212917279927,0.0050093860914422,14,0
1428,2013-04-01,32,4,1588.4933999999998,2,794.2466999999999,1,324.4527,91.33333333333331,1.1547005383792497,0.3503649635036496,1,0.0,0.5914963197203086,0.4085036802796915,0.0,0.0,34,0
1430,2013-04-01,32,4,240062.2881,2,78208.6385,1,59222.562,91.33333333333331,1.1547005383792497,0.3503649635036496,1,-0.7273058133622712,0.7005727831351116,0.2938302731856699,0.0055969437541989,0.0,17,0
1436,2013-04-01,63,1,1275.0469,1,1275.0469,1,1275.0469,,,,0,,0.9642460210679308,0.0,0.035753978932069,0.0,12,0
1438,2013-04-01,91,1,1229.4589,1,1229.4589,0,0.0,,,,0,,1.0,0.0,0.0,0.0,17,0
1444,2013-04-01,63,3,10611.2572,2,6117.695,1,2818.764,90.5,0.7071067811865476,0.6961325966850829,1,0.3084805724199597,0.7526438997256611,0.1968692267679649,0.0333655751931071,0.0171212983132667,35,0
1450,2013-04-01,2,4,63774.0784,2,31414.2976,1,20139.2416,91.0,1.7320508075688772,0.0219780219780219,1,-0.0296522614613312,0.8622529573081216,0.1296662281520323,0.0077642831134977,0.0003165314263482,42,0
1456,2013-04-01,2,4,34894.3866,2,20336.22,1,7651.782,91.0,1.7320508075688772,0.0219780219780219,1,0.3342319026604858,0.8259741668592622,0.1734473303508364,0.0,0.0005785027899014,23,0
1458,2013-04-01,2,4,6205.746,2,1544.46,1,604.872,91.0,1.7320508075688772,0.0219780219780219,1,-1.104184285129877,0.9084367939003626,0.0915632060996373,0.0,0.0,29,1
1468,2013-04-01,2,4,14603.1194,2,1773.8107,1,453.1758,91.0,1.7320508075688772,0.0219780219780219,1,-1.9781164697803355,0.7623093597385775,0.0896321507855369,0.1328527314513363,0.0152057580245491,42,1
1470,2013-04-01,32,4,1588.9124000000002,2,327.5042,1,281.9162,91.33333333333331,1.1547005383792497,0.3503649635036496,1,-1.346226822403458,0.0,0.2119512693084904,0.7404063886718991,0.047642305516654,15,0
1472,2013-04-01,63,3,12458.1528,2,2778.0338,1,182.352,90.5,0.7071067811865476,0.6961325966850829,1,-1.2480741804461326,0.8914089414604065,0.0722074543828038,0.0347632596061913,0.0016203445505982,42,0
1478,2013-04-01,2,4,13048.3159,2,5167.734,1,2818.764,91.0,1.7320508075688772,0.0219780219780219,1,-0.4219008481943458,0.8659006868464919,0.0906792040496199,0.0372318775636019,0.0061882315402863,23,0
1480,2013-04-01,2,3,6353.2917,1,448.7518,1,448.7518,136.5,62.932503525602726,0.0146520146520146,1,-2.574950280396499,0.0,0.8055176814878499,0.1627090253073064,0.0317732932048437,29,0
1486,2013-04-01,2,4,52441.2306,2,23222.523,1,12417.261,91.0,1.7320508075688772,0.0219780219780219,1,-0.2296777120139452,0.9531828492216964,0.0468171507783038,0.0,0.0,25,0
1796,2013-04-01,2,4,11739.8794,2,4327.0781,1,1731.3963,91.0,1.7320508075688772,0.0219780219780219,1,-0.5382197170540994,0.7353566255544329,0.0920713461502849,0.1588161800026668,0.0137558482926153,16,1
1798,2013-04-01,63,3,37376.8606,2,17658.9035,1,5009.0116,90.5,0.7071067811865476,0.6961325966850829,1,-0.1102837315457474,0.9249618760115984,0.0518641070673549,0.0231740169210466,0.0,24,0
1802,2013-04-01,2,4,29099.3099,2,10614.9981,1,4507.6761,91.0,1.7320508075688772,0.0219780219780219,1,-0.5546143419221714,0.5384192942664939,0.418328621600748,0.0356212674308128,0.0076308167019452,27,0
1806,2013-04-01,2,2,2472.3107,2,2472.3107,1,1229.4589,89.0,,0.0224719101123595,0,,1.0,0.0,0.0,0.0,30,1
1816,2013-04-01,63,3,18625.3068,2,10567.6476,1,2595.6818,90.5,0.7071067811865476,0.6961325966850829,1,0.2711446543532325,0.8653223741796298,0.0569472230116499,0.0668921920792198,0.0108382107295005,31,0
1822,2013-04-01,32,4,22255.3106,2,11273.3667,1,4226.4567,91.33333333333331,1.1547005383792497,0.3503649635036496,1,0.0261882003976747,0.7810440533685473,0.1651237435437095,0.0504307902132805,0.0034014106278076,42,0
1824,2013-04-01,2,2,939.588,2,939.588,1,469.794,89.0,,0.0224719101123595,0,,1.0,0.0,0.0,0.0,37,1
1828,2013-04-01,2,4,1854.5644,2,924.7152,1,600.2625,91.0,1.7320508075688772,0.0219780219780219,1,-0.005530659843143,0.3236676493951895,0.6763323506048105,0.0,0.0,18,0
1830,2013-04-01,63,3,139260.50400000002,2,66958.5529,1,31541.5658,90.5,0.7071067811865476,0.6961325966850829,1,-0.0767761967208375,0.7880632541011053,0.2108722671289485,0.0009783520530702,8.612635783653346e-05,26,0
1832,2013-04-01,2,4,141834.2702,2,55908.2915,1,30197.6692,91.0,1.7320508075688772,0.0219780219780219,1,-0.4297672678864508,0.6317613907671801,0.285418154885391,0.069350293537168,0.0134701608666647,21,1
1834,2013-04-01,2,4,147784.2145,2,55745.9984,1,30242.8503,91.0,1.7320508075688772,0.0219780219780219,1,-0.5013911796497048,0.6407401380476939,0.2748791292590996,0.070917230473218,0.0134635022741214,29,1
1836,2013-04-01,63,3,109485.8516,2,61218.2496,1,29669.6029,90.5,0.7071067811865476,0.6961325966850829,1,0.2376803888451935,0.7381097422089195,0.2508389832901478,0.0106825237316782,0.0003687508423234,24,0
1838,2013-04-01,2,3,1010.8321,2,996.7032,1,324.4527,90.5,2.1213203435596424,0.0220994475138121,1,4.188849015372632,0.5938300732634035,0.3209758574148961,0.0851940693217004,0.0,32,0
1840,2013-04-01,32,4,292275.1852,2,132850.65399999998,1,78405.7478,91.33333333333331,1.1547005383792497,0.3503649635036496,1,-0.1823438019100187,0.6828963726887067,0.2735886501595483,0.0359314111111202,0.007583566328025,27,0
1842,2013-04-01,63,3,137016.9521,2,62529.1971,1,19662.661,90.5,0.7071067811865476,0.6961325966850829,1,-0.1749985807344352,0.8508118317718731,0.1481610398484407,0.0007324714092804,0.0002946569704056,35,0
1844,2013-04-01,63,3,207889.0667,2,106163.9629,1,33205.2526,90.5,0.7071067811865476,0.6961325966850829,1,0.0427101935254796,0.7436774216082428,0.2500281317439768,0.0062944465419546,0.0,30,0
1858,2013-04-01,2,4,128736.4766,2,49228.596300000005,1,26985.2625,91.0,1.7320508075688772,0.0219780219780219,1,-0.4793737238567814,0.7026882938630931,0.2930288889077767,0.0041663001362583,0.0001165170928718,24,0
1862,2013-04-01,32,3,4709.2784,1,2932.02,1,2932.02,137.0,63.63961030678928,0.2335766423357664,1,0.5003981505631785,0.9218826391746132,0.0781173608253867,0.0,0.0,27,1
1868,2013-04-01,2,4,143236.4921,2,52812.1983,1,28292.153,91.0,1.7320508075688772,0.0219780219780219,1,-0.5377628996558492,0.6992987431587624,0.2938365592660308,0.0068646974076517,0.0,38,0
1876,2013-04-01,153,3,2376.0274,1,635.8102,0,0.0,91.5,0.7071067811865476,1.6721311475409837,1,-1.0058680358844088,0.0,1.0,0.0,0.0,13,1
1878,2013-04-01,32,4,141858.8763,2,63921.5638,1,33587.773,91.33333333333331,1.1547005383792497,0.3503649635036496,1,-0.1982452382404194,0.8628744960670466,0.1213620729914099,0.0157634307723611,0.0,13,0
1882,2013-04-01,32,4,143262.5141,2,70157.1865,1,37997.662,91.33333333333331,1.1547005383792497,0.3503649635036496,1,-0.0411624242167825,0.8913501693182976,0.0945355439633458,0.0141142863135053,0.0,25,0
1896,2013-04-01,2,4,371587.1186,2,186043.9136,1,97597.1168,91.0,1.7320508075688772,0.0219780219780219,1,0.0026949599866235,0.8941495842261955,0.0915451817279437,0.0113788153258119,0.0029264187200487,19,1
1898,2013-04-01,32,4,133101.3689,2,68527.3505,1,45571.035,91.33333333333331,1.1547005383792497,0.3503649635036496,1,0.0594199116357216,0.8228053934011793,0.1208895598368259,0.0495810738427349,0.0067239726187369,25,0
1900,2013-04-01,2,4,180839.0115,2,86501.0126,1,44987.8766,91.0,1.7320508075688772,0.0219780219780219,1,-0.0867269854630752,0.8954530333738304,0.1042120858971848,0.0,0.0003348807289847,31,0
1916,2013-04-01,63,3,153752.6386,2,93471.3286,1,43758.0999,90.5,0.7071067811865476,0.6961325966850829,1,0.4386267474984802,0.8877116142057545,0.0900995698424391,0.0175836201877058,0.0046051957641005,16,0
1924,2013-04-01,2,4,1309.7989,2,1002.9328,1,598.0678,91.0,1.7320508075688772,0.0219780219780219,1,1.182015417553805,0.0,0.8715906693768026,0.1284093306231972,0.0,19,0
1936,2013-04-01,2,1,324.4527,1,324.4527,1,324.4527,,,,0,,0.0,1.0,0.0,0.0,23,0
1944,2013-04-01,2,4,191430.9281,2,93296.5693,1,50702.1158,91.0,1.7320508075688772,0.0219780219780219,1,-0.0505536829240949,0.8834649535400754,0.1163241453249789,0.0,0.0002109011349457,17,0
1946,2013-04-01,2,4,2160.7057,2,1506.9735,1,198.036,91.0,1.7320508075688772,0.0219780219780219,1,0.8342956783997568,0.8232178496127446,0.1767821503872554,0.0,0.0,22,0
1948,2013-04-01,32,4,120420.1507,2,60820.836,1,40267.242,91.33333333333331,1.1547005383792497,0.3503649635036496,1,0.0202880149732234,0.8349968391129078,0.1562262892932918,0.0087768715273663,0.0,14,0
1952,2013-04-01,122,2,58.069,1,33.7745,0,0.0,184.0,,0.6630434782608695,1,0.3182973787647087,0.0,1.0,0.0,0.0,26,1
1960,2013-04-01,63,2,4055.0323,2,4055.0323,1,2525.4469,90.0,,0.7,0,,0.622793288231021,0.377206711768979,0.0,0.0,33,1
1962,2013-04-01,2,4,382758.9177,2,147373.29859999998,1,93455.6598,91.0,1.7320508075688772,0.0219780219780219,1,-0.4682537504063209,0.7819859946714444,0.1864194368840958,0.0262125996888301,0.0053819687347287,27,0
1964,2013-04-01,32,4,5615.5794000000005,2,2867.7909,1,968.4284,91.33333333333331,1.1547005383792497,0.3503649635036496,1,0.0427303826504212,0.9488293407444296,0.0360304762140839,0.0115454515699662,0.0035947314715201,21,1
1966,2013-04-01,63,3,70195.7708,2,43672.7681,1,18993.1049,90.5,0.7071067811865476,0.6961325966850829,1,0.4986975642535611,0.8028160579725411,0.19646989758534,0.000714044442119,0.0,15,0
1968,2013-04-01,63,4,38424.0488,2,10558.8981,1,6509.2516,91.0,1.0,0.6923076923076923,1,-0.9703490870905468,0.8190358924382796,0.1703160443623005,0.0080212577702118,0.0026268054292081,14,0
1970,2013-04-01,2,4,129884.8039,2,57547.3991,1,32359.8822,91.0,1.7320508075688772,0.0219780219780219,1,-0.2287288576259634,0.7016709589073029,0.2937975933611121,0.004300473829333,0.0002309739022518,14,0
1972,2013-04-01,2,4,144602.5816,2,52778.4922,1,29654.2607,91.0,1.7320508075688772,0.0219780219780219,1,-0.5537628553360179,0.668290739561734,0.3267645354403548,0.0049447249979111,0.0,34,1
1976,2013-04-01,32,4,199374.7568,2,79660.2358,1,56816.9351,91.33333333333331,1.1547005383792497,0.3503649635036496,1,-0.4073351789240327,0.7394895447616666,0.2005879678143888,0.0494909110981295,0.0104315763508933,33,0
1978,2013-04-01,63,3,1199.4157,2,318.379,1,67.549,90.5,0.7071067811865476,0.6961325966850829,1,-1.0158551797770663,0.0,0.8859744790734354,0.1140255209265645,0.0,38,0
1982,2013-04-01,2,4,353798.0835,2,173526.8555,1,103362.3362,91.0,1.7320508075688772,0.0219780219780219,1,-0.0381299492441407,0.8939522975115268,0.0893236531621856,0.0136818098394249,0.0030422394868625,13,0
1984,2013-04-01,63,3,107814.1643,2,68995.9353,1,32730.2215,90.5,0.7071067811865476,0.6961325966850829,1,0.5751463710216242,0.8768440539681481,0.1058952056450712,0.0172607401549,0.0,19,0
1986,2013-04-01,32,4,3963.9911,2,1337.1311999999998,1,458.7732,91.33333333333331,1.1547005383792497,0.3503649635036496,1,-0.6748957749990474,0.3269401891442188,0.5641155955168516,0.1021344119566766,0.0068098033822528,25,0
1988,2013-04-01,2,4,5914.7154,2,2607.0567,1,767.7657,91.0,1.7320508075688772,0.0219780219780219,1,-0.2379374960507645,0.729502217469331,0.1898499968400846,0.0420143968380963,0.0386333888524881,31,0
1992,2013-04-01,2,4,359872.0404,2,173253.2574,1,94673.1417,91.0,1.7320508075688772,0.0219780219780219,1,-0.0743130895090438,0.8828933810663441,0.1033897077934815,0.0110132014468107,0.0027037096266731,43,0
1994,2013-04-01,63,3,103452.0349,2,63974.2791,1,32712.378,90.5,0.7071067811865476,0.6961325966850829,1,0.4827340453002939,0.8813415191700594,0.0723922164241546,0.0397566384651173,0.0065096254573528,16,0
