StoreID,snapshot,recency_days,n_orders_12m,revenue_12m,n_orders_6m,revenue_6m,n_orders_3m,revenue_3m,mean_gap,std_gap,overdue_ratio,has_previous_6m_revenue,revenue_trend,share_bikes,share_components,share_clothing,share_accessories
292,2012-07-01,62,3,9234.9728,2,5184.9848,1,1104.9968,136.5,62.932503525602726,0.4542124542124542,1,0.2469989541595687,0.9999999945857988,0.0,0.0,0.0
296,2012-07-01,62,4,199095.4441,2,115058.9228,1,60079.0221,91.0,1.0,0.6813186813186813,1,0.3141896792272387,0.9462536732150166,0.04744260042060902,0.0035661674892137826,0.0027375588751606195
298,2012-07-01,62,4,54870.69899999999,2,17248.9207,1,9090.4447,91.0,1.0,0.6813186813186813,1,-0.779802126455273,0.9247337568088937,0.0693482089593938,0.00334278956424448,0.002575245123084727
302,2012-07-01,32,4,89074.3982,2,28312.5264,1,733.2159,91.0,1.0,0.3516483516483517,1,-0.7636392861336532,0.9493622422250617,0.04254103172823906,0.005377224092208349,0.0027195019544908917
306,2012-07-01,123,3,66728.7414,1,33406.7043,0,0.0,91.0,1.4142135623730951,1.3516483516483515,1,0.0025375784430643,0.9434437497123241,0.05378945600793244,0.0027667942797434514,0.0
310,2012-07-01,93,4,5670.2261,2,3103.8052,0,0.0,91.0,1.7320508075688772,1.021978021978022,1,0.1900491217304001,0.8312513146521618,0.16518859803491787,0.0,0.003560087312920379
312,2012-07-01,62,2,8852.570899999999,1,722.5949,1,722.5949,273.0,,0.2271062271062271,1,-2.419204539133585,0.9183745707136896,0.0816254292863105,0.0,0.0
318,2012-07-01,32,4,186855.6782,2,121449.7088,1,80634.8808,91.0,1.0,0.3516483516483517,1,0.6188796730430504,0.9157575097549271,0.0674911268283845,0.013987342130446426,0.002764021275538631
320,2012-07-01,62,4,3302.3018,2,1651.1509,1,776.3569,91.0,1.0,0.6813186813186813,1,0.0,0.7838489504502586,0.21615104954974135,0.0,0.0
326,2012-07-01,32,1,180.129,1,180.129,1,180.129,,,,0,,0.0,1.0,0.0,0.0
332,2012-07-01,1,1,1242.8518,1,1242.8518,1,1242.8518,,,,0,,1.0,0.0,0.0,0.0
334,2012-07-01,62,4,158899.14880000002,2,60428.0187,1,17671.8447,91.0,1.0,0.6813186813186813,1,-0.4883041333764524,0.9177806865319091,0.08013306865492786,0.0020862446558304027,0.0
340,2012-07-01,1,5,353767.641,3,203048.7858,1,47413.7171,91.25,1.5,0.010958904109589,1,0.2980283491134443,0.8610221402132142,0.12271950446705779,0.012981444371278718,0.00327691079015336
342,2012-07-01,62,3,3378.654,2,2503.86,1,356.898,91.0,1.4142135623730951,0.6813186813186813,1,1.0508572202689723,0.8943668099781747,0.10563319002182527,0.0,0.0
344,2012-07-01,1,5,144609.1512,3,109267.5083,1,49220.1646,91.25,1.5,0.010958904109589,1,1.1287179829424936,0.9094982842275336,0.07121592730847867,0.01362705253192856,0.0056587359320590495
346,2012-07-01,93,4,125357.0395,2,62185.6294,0,0.0,91.0,1.7320508075688772,1.021978021978022,1,-0.0157276415640748,0.9054757263950861,0.067752421673934,0.015821672750974628,0.010950178829007845
348,2012-07-01,1,5,139250.0644,3,69163.7657,1,2458.9178,91.25,1.5,0.010958904109589,1,-0.0132500225520022,0.8637954339071745,0.12467514952186981,0.0066005786349927174,0.004928837935962922
352,2012-07-01,1,1,63653.3932,1,63653.3932,1,63653.3932,,,,0,,0.8228922633459861,0.17640087724341458,0.0007068594105993395,0.0
356,2012-07-01,1,5,277738.6229,3,116564.1859,1,340.9898,91.25,1.5,0.010958904109589,1,-0.3240427903852314,0.8950482406672867,0.10470548458962636,0.000246274714282815,0.0
362,2012-07-01,62,4,12306.5667,2,5899.4638,1,1619.52,91.0,1.0,0.6813186813186813,1,-0.0825323096980152,0.49485629489173455,0.5051437051082655,0.0,0.0
366,2012-07-01,32,1,7004.5001,1,7004.5001,1,7004.5001,,,,0,,0.6505820165524732,0.27862103963707563,0.055666784843075384,0.015130163250336736
368,2012-07-01,1,5,144667.1165,3,89556.5114,1,16239.5602,91.25,1.5,0.010958904109589,1,0.485520691529425,0.9791142439754096,0.01151048033780365,0.008258975010399131,0.0011163006763876434
370,2012-07-01,1,5,219911.0349,3,147695.8738,1,39987.6526,91.25,1.5,0.010958904109589,1,0.7154981646356138,0.9288344165761551,0.052723621646691636,0.01416382694673045,0.004278134566679718
372,2012-07-01,1,5,261442.0862,3,197876.8875,1,72019.6975,91.25,1.5,0.010958904109589,1,1.135568248554197,0.917252671463727,0.06352871315176953,0.01634632324548824,0.002872291951593217
376,2012-07-01,62,4,261522.3269,2,95171.9063,1,29445.9841,91.0,1.0,0.6813186813186813,1,-0.5584072386510535,0.8757603555874449,0.1177714486754974,0.0035350350807849137,0.002933160656272824
388,2012-07-01,62,3,38049.3661,2,24375.5479,1,13673.8182,91.0,1.4142135623730951,0.6813186813186813,1,0.5780654645704377,1.0,0.0,0.0,0.0
392,2012-07-01,32,4,32420.7671,2,22655.2108,1,15797.0264,91.0,1.0,0.3516483516483517,1,0.8414700948967901,0.6952499930206771,0.2857447503146833,0.016670348925827853,0.0023349061965902713
412,2012-07-01,1,5,17911.2468,3,13612.7278,1,6821.1093,91.25,1.5,0.010958904109589,1,1.1525755247246252,0.7269894634024026,0.21573985011473348,0.049381481360638725,0.007889205122225214
414,2012-07-01,1,1,15304.8859,1,15304.8859,1,15304.8859,,,,0,,0.8871428110417995,0.03363853891913039,0.07130490270430569,0.007913747334764515
418,2012-07-01,1,3,2262.8038,2,2205.123,1,180.129,136.5,62.932503525602726,0.0073260073260073,1,3.626879368838357,0.8949048079201563,0.07960433865278112,0.025490853427062476,0.0
422,2012-07-01,1,1,17146.5426,1,17146.5426,1,17146.5426,,,,0,,0.45150749516115274,0.5484925048388472,0.0,0.0
428,2012-07-01,1,1,19544.0309,1,19544.0309,1,19544.0309,,,,0,,0.8848114336536378,0.06620686421448504,0.039685845973565254,0.009295856158311744
438,2012-07-01,93,4,4537.6374,2,3014.7202,0,0.0,91.0,1.7320508075688772,1.021978021978022,1,0.6825545488790175,0.750465142939804,0.24203604280941446,0.007498814250781695,0.0
440,2012-07-01,32,4,102644.5621,2,60230.1989,1,28008.119,91.0,1.0,0.3516483516483517,1,0.3506798359888918,0.8745533661349216,0.09198830904262781,0.028115444120541483,0.005342880507061953
452,2012-07-01,1,4,9475.3046,3,6446.5939,1,4313.4232,91.0,1.7320508075688772,0.0109890109890109,1,0.7552398860366676,0.7086785684968904,0.2425882752096434,0.0338201264791002,0.014913029814366074
454,2012-07-01,1,4,13333.5348,3,9906.1112,1,469.794,91.0,1.7320508075688772,0.0109890109890109,1,1.0611522386182823,0.9978370026828896,0.0,0.0021629973171105386,0.0
466,2012-07-01,1,5,40432.6621,3,32279.8861,1,5894.9641,91.25,1.5,0.010958904109589,1,1.375994160618765,0.9752692885388815,0.02134805019430071,0.0033826612668177492,0.0
474,2012-07-01,1,1,67745.1764,1,67745.1764,1,67745.1764,,,,0,,0.6978472138128494,0.3005587538775676,0.0015940323095830038,0.0
478,2012-07-01,62,4,316738.7525,2,121612.4516,1,42729.5227,91.0,1.0,0.6813186813186813,1,-0.4728045855698592,0.8262466168139625,0.1697777902942268,0.0022548199245054487,0.00172077302097728
484,2012-07-01,32,3,896.5986,1,57.6808,1,57.6808,136.5,62.932503525602726,0.2344322344322344,1,-2.6611914434591637,0.9356670866985517,0.0,0.06433291330144839,0.0
488,2012-07-01,123,3,20436.84,1,10226.97,0,0.0,91.0,1.4142135623730951,1.3516483516483515,1,0.0016732851756593,0.9952585624783479,0.0,0.004741437521652076,0.0
494,2012-07-01,1,3,4908.8755,1,2342.4546,1,2342.4546,182.5,127.9863273947651,0.0054794520547945,1,-0.0912756887069541,0.5228123834063423,0.47718761659365777,0.0,0.0
496,2012-07-01,32,4,16677.2437,2,11982.9197,1,8526.6557,91.0,1.0,0.3516483516483517,1,0.9369986062877746,0.8054687897856886,0.15776385758517159,0.03132045135252176,0.005446903675095904
498,2012-07-01,1,5,61344.2542,3,47107.7097,1,6227.2278,91.25,1.5,0.010958904109589,1,1.1965754489303535,0.9750359358024439,0.01697426292942037,0.00798980126813572,0.0
512,2012-07-01,62,4,22516.3228,2,12880.8693,1,3914.9363,91.0,1.0,0.6813186813186813,1,0.2902676953912433,0.9820726011265036,0.008169104770517856,0.009758294102978484,0.0
518,2012-07-01,32,4,239216.1014,2,118771.5279,1,78066.2178,91.0,1.0,0.3516483516483517,1,-0.0139878451430028,0.9244633543718475,0.06024353593114781,0.012678493555618158,0.0026146157233544816
520,2012-07-01,62,4,91512.5009,2,49378.4775,1,23913.8927,91.0,1.0,0.6813186813186813,1,0.1586555980721442,0.9321034444595755,0.06745538084185392,0.0,0.00044117469857060806
522,2012-07-01,93,4,153310.5787,2,77117.4077,0,0.0,91.0,1.7320508075688772,1.021978021978022,1,0.0120570393419345,0.8746924389503983,0.1174885239670679,0.004132259530763874,0.0036867775517698174
524,2012-07-01,93,2,2254.9498000000003,1,1532.3549,0,0.0,181.0,,0.5138121546961326,1,0.7509816535241205,0.0,1.0,0.0,0.0
534,2012-07-01,32,1,71274.5372,1,71274.5372,1,71274.5372,,,,0,,0.6659926093213552,0.2869760647144546,0.04080105707091143,0.006230269566731048
536,2012-07-01,1,3,1654.4458000000002,2,931.8509,1,209.256,136.5,62.932503525602726,0.0073260073260073,1,0.2540136755994444,0.0,1.0,0.0,0.0
540,2012-07-01,1,1,2554.0856,1,2554.0856,1,2554.0856,,,,0,,0.9732264259271498,0.0,0.026773574072850186,0.0
544,2012-07-01,62,4,21217.2448,2,13732.0094,1,4310.7413,91.0,1.0,0.6813186813186813,1,0.6067363256780212,0.9862750605582868,0.008669278303279038,0.005055661138433959,0.0
546,2012-07-01,1,1,869.6877,1,869.6877,1,869.6877,,,,0,,0.0,1.0,0.0,0.0
548,2012-07-01,32,1,88689.6425,1,88689.6425,1,88689.6425,,,,0,,0.8109225967395235,0.16429325104112355,0.02216241663168278,0.002621735565119681
552,2012-07-01,123,3,34025.6088,1,11295.7189,0,0.0,91.0,1.4142135623730951,1.3516483516483515,1,-0.699212467276979,0.9907617670605793,0.0,0.009238232939420617,0.0
556,2012-07-01,1,1,8453.3099,1,8453.3099,1,8453.3099,,,,0,,0.5946541484300724,0.3121089290716764,0.07890892536661882,0.014327997131632427
558,2012-07-01,32,1,1626.4708,1,1626.4708,1,1626.4708,,,,0,,0.0,0.9601379871068082,0.039862012893191814,0.0
562,2012-07-01,1,1,58234.6192,1,58234.6192,1,58234.6192,,,,0,,0.7692373302236688,0.17017817813772187,0.04981027780121554,0.010774214249519812
568,2012-07-01,32,1,647.994,1,647.994,1,647.994,,,,0,,1.0,0.0,0.0,0.0
570,2012-07-01,32,1,37650.2671,1,37650.2671,1,37650.2671,,,,0,,0.791848531135653,0.19737257587742318,0.010778892322917944,0.0
574,2012-07-01,123,3,8496.8066,1,4266.3414,0,0.0,91.0,1.4142135623730951,1.3516483516483515,1,0.0084426943193758,1.0,0.0,0.0,0.0
584,2012-07-01,123,3,13965.8449,1,3524.0297,0,0.0,91.0,1.4142135623730951,1.3516483516483515,1,-1.0860253395158337,0.6129428947044944,0.3848689455229451,0.0007427405985297746,0.0014454191740307812
586,2012-07-01,93,3,9127.8241,2,6109.4864,0,0.0,90.5,2.1213203435596424,1.0276243093922652,1,0.7049688745160907,0.9925443567651573,0.0,0.007455643234842792,0.0
590,2012-07-01,32,1,13094.2966,1,13094.2966,1,13094.2966,,,,0,,0.7542100352301474,0.16085560487456807,0.07221593712792485,0.012718422003668376
592,2012-07-01,32,4,303068.51170000003,2,219717.5209,1,150837.4387,91.0,1.0,0.3516483516483517,1,0.9692747829676608,0.8412605954107768,0.14271446242100644,0.012899222911912955,0.003125719444380008
598,2012-07-01,1,1,104881.9414,1,104881.9414,1,104881.9414,,,,0,,0.7791649850219114,0.2030922160256656,0.014367427603699946,0.0033753713487229557
600,2012-07-01,1,5,214646.1726,3,147194.4069,1,42396.4051,91.25,1.5,0.010958904109589,1,0.780333417163364,0.9498695375293172,0.047972872170374777,0.0008409537324310063,0.0013166365678770086
602,2012-07-01,1,1,49484.6201,1,49484.6201,1,49484.6201,,,,0,,0.8546801655652198,0.11441639419598172,0.024989269342698257,0.005914170896100302
604,2012-07-01,1,1,1444.3375,1,1444.3375,1,1444.3375,,,,0,,0.0,0.6448968471704155,0.21534011268141967,0.13976304014816482
608,2012-07-01,1,5,48401.4692,3,19966.6532,1,3661.1012,91.25,1.5,0.010958904109589,1,-0.3535358531275872,0.9736724830658652,0.023619169394965393,0.0027083475391693275,0.0
612,2012-07-01,62,4,102652.5776,2,32352.6574,1,13125.6019,91.0,1.0,0.6813186813186813,1,-0.7760578166034371,0.8460886495070339,0.1535881920221748,0.00032315798371145823,0.0
616,2012-07-01,93,4,431991.55,2,184031.2742,0,0.0,91.0,1.7320508075688772,1.021978021978022,1,-0.2981614425166885,0.9007471816705673,0.09510297342621632,0.002093772204572057,0.0020560726245686983
622,2012-07-01,1,1,63095.428,1,63095.428,1,63095.428,,,,0,,0.7254625533247829,0.20651195994739904,0.057156533750749736,0.010868953357444536
628,2012-07-01,1,1,65.6018,1,65.6018,1,65.6018,,,,0,,0.0,1.0,0.0,0.0
632,2012-07-01,62,4,44945.4675,2,14418.4575,1,2238.4935,91.0,1.0,0.6813186813186813,1,-0.7500661130440776,0.9989854371856295,0.0,0.001014562814370548,0.0
634,2012-07-01,1,1,6532.5325,1,6532.5325,1,6532.5325,,,,0,,0.6040949050004726,0.39590509499952736,0.0,0.0
640,2012-07-01,32,1,3781.8417,1,3781.8417,1,3781.8417,,,,0,,1.0,0.0,0.0,0.0
642,2012-07-01,62,4,55039.0293,2,25105.5993,1,9853.7837,91.0,1.0,0.6813186813186813,1,-0.1758785910410001,0.8725681559213108,0.10546825904867475,0.01279440987524829,0.009169175154766038
648,2012-07-01,62,4,171109.149,2,104613.1669,1,50154.2683,91.0,1.0,0.6813186813186813,1,0.4531224165972158,0.9470666030838596,0.042460603903769045,0.00610774003674111,0.004365052975630192
650,2012-07-01,1,1,1308.9375,1,1308.9375,1,1308.9375,,,,0,,1.0,0.0,0.0,0.0
654,2012-07-01,62,4,119147.2687,2,43029.5395,1,14950.9625,91.0,1.0,0.6813186813186813,1,-0.57038426305974,0.8543340962460518,0.14497023967449119,0.0005262395074944761,0.00016942478178687783
662,2012-07-01,32,4,218911.9866,2,148731.7492,1,117274.3453,91.0,1.0,0.3516483516483517,1,0.7510700641322234,0.7779625870975492,0.22203741309430883,0.0,0.0
664,2012-07-01,32,1,65721.6787,1,65721.6787,1,65721.6787,,,,0,,0.7735956925884183,0.18051325125388193,0.04005371366145582,0.005837341918048115
668,2012-07-01,62,4,120363.9682,2,75463.7837,1,6223.3905,91.0,1.0,0.6813186813186813,1,0.5192019311313416,0.9958853169897401,0.0,0.002102137406932052,0.0020125458110311785
672,2012-07-01,62,4,79240.1807,2,47585.6555,1,25738.2617,91.0,1.0,0.6813186813186813,1,0.4076396700600284,0.9392495012318921,0.05052383228601093,0.006150653566089104,0.004076012916007902
684,2012-07-01,32,1,12140.2623,1,12140.2623,1,12140.2623,,,,0,,0.8167886619714962,0.15435708501948925,0.028854252350050128,0.0
686,2012-07-01,62,4,51648.4807,2,37382.5823,1,8912.6663,91.0,1.0,0.6813186813186813,1,0.963289575328135,0.9972311344290907,0.0,0.0027688655709092328,0.0
692,2012-07-01,32,1,45064.2667,1,45064.2667,1,45064.2667,,,,0,,0.7337863194387672,0.25983042125036954,0.006383259310863257,0.0
694,2012-07-01,62,4,43221.2852,2,25736.4333,1,19044.6091,91.0,1.0,0.6813186813186813,1,0.3865543897112715,0.8742730144452067,0.09275233213102141,0.021765454119351362,0.011209199304420499
698,2012-07-01,32,4,58448.184,2,23956.9512,1,1308.9375,91.0,1.0,0.3516483516483517,1,-0.3644339020493046,0.9211212652902954,0.05914292906003718,0.010756074132260466,0.008979731517406938
700,2012-07-01,1,1,1485.8823,1,1485.8823,1,1485.8823,,,,0,,0.8364402752492576,0.16355972475074237,0.0,0.0
704,2012-07-01,93,4,42676.974,2,34514.898,0,0.0,91.0,1.7320508075688772,1.021978021978022,1,1.4417989707619974,0.9995993155465989,0.0,0.00040068445340103075,0.0
710,2012-07-01,1,1,17944.6404,1,17944.6404,1,17944.6404,,,,0,,0.41102889974880746,0.4940466179528457,0.08367515963150757,0.011249319880492005
716,2012-07-01,62,3,10029.6092,2,7425.5439,1,3962.2441,91.0,1.4142135623730951,0.6813186813186813,1,1.0476028536640405,0.9869465402500427,0.0,0.013053459749957155,0.0
724,2012-07-01,62,4,22340.7593,2,7280.9805,1,3014.6391,91.0,1.0,0.6813186813186813,1,-0.7266910622681824,0.9923845694895427,0.0,0.00761543051045718,0.0
726,2012-07-01,62,2,1047.8364,1,903.6344,1,903.6344,182.0,,0.3406593406593406,1,1.8294050077778028,0.8348574262165354,0.0,0.16514257378346467,0.0
728,2012-07-01,1,5,29042.0596,3,19232.8941,1,4254.45,91.25,1.5,0.010958904109589,1,0.6732548964248899,0.9782313786037405,0.017082052954674055,0.00468656844158532,0.0
732,2012-07-01,1,1,5496.001,1,5496.001,1,5496.001,,,,0,,0.341916968355719,0.5355869840635036,0.09678544454413308,0.02571060303664428
738,2012-07-01,1,5,56412.6229,3,42205.5649,1,9625.0609,91.25,1.5,0.010958904109589,1,1.088766506844797,0.9817775358216858,0.011050133249521357,0.007172330928792889,0.0
740,2012-07-01,62,4,12466.0865,2,6818.971,1,3427.4236,91.0,1.0,0.6813186813186813,1,0.1885332699483548,0.9930594737971696,0.0,0.006940526202830375,0.0
742,2012-07-01,32,4,10862.3258,2,6176.5255,1,4007.4786,91.0,1.0,0.3516483516483517,1,0.2761676759341362,0.8646154583210899,0.13538454167891004,0.0,0.0
744,2012-07-01,32,1,10473.061,1,10473.061,1,10473.061,,,,0,,0.8281415337884501,0.10593158962790344,0.05002524094913608,0.01590163467967961
746,2012-07-01,1,1,15853.6146,1,15853.6146,1,15853.6146,,,,0,,0.6830462309838161,0.2686424962039887,0.04321804946614508,0.005093223346050054
752,2012-07-01,62,4,62333.4663,2,9409.4223,1,3304.4403,91.0,1.0,0.6813186813186813,1,-1.727058818005828,0.9993598936114354,0.0,0.0006401055864271742,0.0
754,2012-07-01,62,4,28783.5448,2,16231.634300000002,1,8573.7455,91.0,1.0,0.6813186813186813,1,0.257071127850736,0.9988178349735436,0.0,0.0011821650264563662,0.0
760,2012-07-01,93,3,9212.4174,1,2907.4796,0,0.0,136.5,62.932503525602726,0.6813186813186813,1,-0.7738612270328984,0.43962272052501655,0.5585210891551657,0.0018561903198176845,0.0
762,2012-07-01,32,1,109253.4254,1,109253.4254,1,109253.4254,,,,0,,0.7973041459988861,0.200161652121527,0.0025342015500778984,0.0
764,2012-07-01,62,4,255004.9871,2,81008.4097,1,24607.478,91.0,1.0,0.6813186813186813,1,-0.7644760590679684,0.8653260083673084,0.12395276758883435,0.005542446506921668,0.0051787775722289
766,2012-07-01,1,1,209.256,1,209.256,1,209.256,,,,0,,0.0,1.0,0.0,0.0
768,2012-07-01,32,1,72131.9824,1,72131.9824,1,72131.9824,,,,0,,0.7462854258113389,0.19971316218809482,0.04592201062257233,0.008079401544355725
778,2012-07-01,62,1,722.5949,1,722.5949,1,722.5949,,,,0,,0.0,1.0,0.0,0.0
780,2012-07-01,1,5,95645.4468,3,58787.6445,1,21209.6683,91.25,1.5,0.010958904109589,1,0.4668542570098886,0.8040658920315692,0.17877217862502578,0.011885541215329446,0.005276388128075534
782,2012-07-01,1,1,39885.5733,1,39885.5733,1,39885.5733,,,,0,,0.6651877534878006,0.24044647993062696,0.08226850945126067,0.01209725622772984
788,2012-07-01,62,4,119436.7986,2,46295.9477,1,11737.7891,91.0,1.0,0.6813186813186813,1,-0.4573246841499685,0.8690946370108082,0.11822054815189931,0.00862847725391059,0.004056337792697669
790,2012-07-01,1,5,267442.3799,3,168491.7145,1,79628.9429,91.25,1.5,0.010958904109589,1,0.5322610088394022,0.8567630561980353,0.12294915754300018,0.014421075677841738,0.005866710431557897
792,2012-07-01,32,1,63233.6717,1,63233.6717,1,63233.6717,,,,0,,0.6960764064567201,0.24354477110017322,0.054124337271403464,0.006254484507500139
794,2012-07-01,1,5,261442.4635,3,141535.3905,1,52063.3585,91.25,1.5,0.010958904109589,1,0.1658314698213949,0.8595399564386371,0.11049404948710635,0.020974672555439715,0.0089913213352199
800,2012-07-01,62,4,61616.5168,2,36927.186,1,25670.3574,91.0,1.0,0.6813186813186813,1,0.4025634062971406,0.8817599877700324,0.09673873353386313,0.01560420727969485,0.0058970714164095685
804,2012-07-01,62,4,243014.5498,2,91504.4377,1,28786.7176,91.0,1.0,0.6813186813186813,1,-0.5042605705233925,0.8849675469102303,0.11451643460403207,0.0005160184857375976,0.0
806,2012-07-01,154,2,8129.976,1,4049.988,0,0.0,181.0,,0.850828729281768,1,-0.0073783139789576,1.0,0.0,0.0,0.0
808,2012-07-01,1,1,89273.6793,1,89273.6793,1,89273.6793,,,,0,,0.5958314568984052,0.34866444060629187,0.04695513208225081,0.008548969931387157
812,2012-07-01,62,4,93863.6918,2,58007.0839,1,29220.8373,91.0,1.0,0.6813186813186813,1,0.4810266191053944,0.9835193622759253,0.0077243712248701475,0.004885153047005978,0.003871113452198563
814,2012-07-01,62,4,180664.8196,2,106822.0929,1,48117.9107,91.0,1.0,0.6813186813186813,1,0.3692230699521008,0.9517954114183281,0.04809285404450707,0.0,0.00011173453716497664
816,2012-07-01,1,5,305256.7801,3,230907.2666,1,107356.7904,91.25,1.5,0.010958904109589,1,1.133229937959804,0.88617572625703,0.10621327522808396,0.005537907788473066,0.0020730907264129923
818,2012-07-01,93,4,77357.1599,2,48799.056,0,0.0,91.0,1.7320508075688772,1.021978021978022,1,0.5357556994707018,0.9980300737488683,0.0,0.0019699262511316683,0.0
820,2012-07-01,32,4,75360.7097,2,24771.5553,1,684.03,91.0,1.0,0.3516483516483517,1,-0.7140205810232629,0.9515039466248552,0.0484960533751449,0.0,0.0
826,2012-07-01,62,4,18178.8866,2,5028.0807,1,4292.3279,91.0,1.0,0.6813186813186813,1,-0.9613218760043464,0.7031474083786847,0.2968525916213152,0.0,0.0
828,2012-07-01,62,4,300525.6618,2,137786.7568,1,40708.4413,91.0,1.0,0.6813186813186813,1,-0.1664387444879622,0.8175816772296681,0.17327166534834665,0.00545227249541989,0.003694385009752934
832,2012-07-01,1,5,146105.2342,3,104966.9371,1,69729.7597,91.25,1.5,0.010958904109589,1,0.9366911440556382,0.8616319216029839,0.13829708162501955,7.099677199655041e-05,0.0
840,2012-07-01,182,2,1778.4284,1,28.8404,0,0.0,92.0,,1.9782608695652173,1,-4.071843830410748,0.9837832099397423,0.0,0.016216790060257696,0.0
846,2012-07-01,1,5,17683.9545,3,14283.4959,1,6803.6883,91.25,1.5,0.010958904109589,1,1.4349704066677091,0.5731247272774876,0.42133048351826513,0.0032617591274621293,0.0022830300767851443
848,2012-07-01,1,1,45845.4516,1,45845.4516,1,45845.4516,,,,0,,0.7330897052391562,0.26144118078662354,0.0054691139742202915,0.0
850,2012-07-01,154,2,1440.8086,1,1429.4086,0,0.0,181.0,,0.850828729281768,1,4.7480189440944285,0.0,0.9920877762667435,0.00791222373325645,0.0
852,2012-07-01,32,4,146062.3769,2,78597.6179,1,47404.3026,91.0,1.0,0.3516483516483517,1,0.1527339202137074,0.7721254897639558,0.19222230320969125,0.029096490760996237,0.006555716237971203
864,2012-07-01,62,4,62428.6039,2,29939.355000000003,1,18802.613,91.0,1.0,0.6813186813186813,1,-0.0817327745017628,0.8637917257669124,0.11220616772434341,0.015271565283233892,0.008730541225510249
870,2012-07-01,93,4,138840.84360000002,2,67742.1696,0,0.0,91.0,1.7320508075688772,1.021978021978022,1,-0.0483591147420767,0.8784492865181639,0.11141511459384418,0.006064592220613675,0.004071006667378099
874,2012-07-01,32,1,44991.4587,1,44991.4587,1,44991.4587,,,,0,,0.6103624886472062,0.2941806574499884,0.08418103932247033,0.011275814891505172
878,2012-07-01,62,4,132510.0051,2,56136.7506,1,33313.9702,91.0,1.0,0.6813186813186813,1,-0.3078371539535744,0.9094045902500686,0.09029948184644662,0.00029592784311197637,0.0
880,2012-07-01,123,3,11869.5532,1,3064.7098,0,0.0,91.0,1.4142135623730951,1.3516483516483515,1,-1.0551363988870452,0.17186780038190486,0.8281321996180951,0.0,0.0
882,2012-07-01,62,4,131600.9354,2,51668.2083,1,14076.1511,91.0,1.0,0.6813186813186813,1,-0.4363358601572287,0.9024937713322667,0.09728966485750375,0.0002165638102295738,0.0
884,2012-07-01,93,4,137715.85379999998,2,78663.7137,0,0.0,91.0,1.7320508075688772,1.021978021978022,1,0.2867569720036798,0.882849278751667,0.09891590564281134,0.012078422012440809,0.006156393593081003
892,2012-07-01,1,1,2508.4976,1,2508.4976,1,2508.4976,,,,0,,0.990913286104001,0.0,0.009086713895998943,0.0
896,2012-07-01,62,4,24236.3161,2,16053.5401,1,3847.1761,91.0,1.0,0.6813186813186813,1,0.6738380240535857,0.9985888954881225,0.0,0.0014111055433874294,0.0
898,2012-07-01,1,4,7314.5188,3,5152.5077,1,2180.4192,91.0,1.7320508075688772,0.0109890109890109,1,0.8681763109046008,0.7621900158353548,0.23386708637620837,0.0039428977884368825,0.0
900,2012-07-01,1,5,54221.0333,3,27785.2383,1,1256.6625,91.25,1.5,0.010958904109589,1,0.0497840831670526,0.9729590306424498,0.0036209011162463404,0.020813967040351482,0.002606101200952214
904,2012-07-01,123,3,28770.5997,1,9891.2909,0,0.0,91.0,1.4142135623730951,1.3516483516483515,1,-0.646363759686924,0.9905384245431631,0.0,0.009461575456836931,0.0
908,2012-07-01,32,4,29546.3692,2,16254.6458,1,6386.6474,91.0,1.0,0.3516483516483517,1,0.2012235095557937,0.8932854836187453,0.06398869137531794,0.037089300840388875,0.005636523014814287
914,2012-07-01,1,5,7677.5342,3,1764.0469,1,469.794,91.25,1.5,0.010958904109589,1,-1.2092275534659684,0.9993244575843114,0.0,0.0006755424156886204,0.0
916,2012-07-01,1,1,2371.295,1,2371.295,1,2371.295,,,,0,,0.0,0.9878377004969858,0.012162299503014175,0.0
926,2012-07-01,62,4,81372.22589999999,2,44661.1205,1,3894.2405,91.0,1.0,0.6813186813186813,1,0.1960191781678641,0.9974888203838603,0.0,0.002511179923369898,0.0
930,2012-07-01,32,1,2927.7262,1,2927.7262,1,2927.7262,,,,0,,0.4245109395817136,0.5754890604182863,0.0,0.0
932,2012-07-01,32,1,97801.7811,1,97801.7811,1,97801.7811,,,,0,,0.8650182312477334,0.1349817687522666,0.0,0.0
934,2012-07-01,93,4,85177.0812,2,54514.2759,0,0.0,91.0,1.7320508075688772,1.021978021978022,1,0.5753979755450018,0.9460964529974996,0.05309096456806037,0.0003385934290502549,0.00047398900538986766
936,2012-07-01,93,4,175502.1574,2,100469.2017,0,0.0,91.0,1.7320508075688772,1.021978021978022,1,0.291920429290716,0.9731475585838011,0.02159177730996941,0.0031902793008059056,0.0020703848054234803
944,2012-07-01,32,1,7973.3042,1,7973.3042,1,7973.3042,,,,0,,0.412446072231886,0.5767025670486773,0.010851360719436742,0.0
948,2012-07-01,1,1,18202.7022,1,18202.7022,1,18202.7022,,,,0,,0.8832049122904401,0.06066022439239818,0.04615401003483977,0.009980853282322007
952,2012-07-01,32,1,30.2798,1,30.2798,1,30.2798,,,,0,,0.0,0.0,0.0,0.9999993394936557
954,2012-07-01,32,1,62510.3099,1,62510.3099,1,62510.3099,,,,0,,0.7584423592339286,0.17707770154567737,0.05778052357727953,0.006699415995056522
958,2012-07-01,1,1,7804.4741,1,7804.4741,1,7804.4741,,,,0,,0.5055367535911228,0.4944632464088772,0.0,0.0
960,2012-07-01,93,2,1775.5745000000002,1,838.9178,0,0.0,181.0,,0.5138121546961326,1,-0.1100798606376054,0.47247682369847055,0.5275231763015295,0.0,0.0
962,2012-07-01,1,1,980.8863,1,980.8863,1,980.8863,,,,0,,0.0,0.8979825694374567,0.10201743056254328,0.0
964,2012-07-01,1,5,146200.3544,3,78673.2268,1,20.52,91.25,1.5,0.010958904109589,1,0.1527713988635195,0.8763974788285465,0.12317365764196805,0.0004288635294853977,0.0
966,2012-07-01,62,3,2070.6098,2,1231.692,1,356.898,91.0,1.4142135623730951,0.6813186813186813,1,0.3836516448111382,0.8276362837652946,0.17236371623470534,0.0,0.0
970,2012-07-01,1,5,117604.0714,3,85618.379,1,57381.4301,91.25,1.5,0.010958904109589,1,0.9845916939072854,0.8954092859067463,0.10459071402522889,0.0,0.0
974,2012-07-01,93,4,55710.7042,2,23598.9858,0,0.0,91.0,1.7320508075688772,1.021978021978022,1,-0.3080060531663235,0.8898366500992819,0.08488169855156848,0.016223024156280547,0.009058627192868979
976,2012-07-01,1,1,46321.888,1,46321.888,1,46321.888,,,,0,,0.7038855454250915,0.29020951391273175,0.00590494066217681,0.0
980,2012-07-01,93,4,71252.8201,2,33229.1438,0,0.0,91.0,1.7320508075688772,1.021978021978022,1,-0.1347779155164836,0.8733929072935037,0.12660709270649625,0.0,0.0
982,2012-07-01,32,1,42438.4645,1,42438.4645,1,42438.4645,,,,0,,0.7522469904630974,0.1693448451698812,0.0649550957481037,0.013453068689608222
986,2012-07-01,1,1,16812.1513,1,16812.1513,1,16812.1513,,,,0,,0.808404121369048,0.11260643960538232,0.07058447612233895,0.008404962427384291
988,2012-07-01,1,1,8520.6631,1,8520.6631,1,8520.6631,,,,0,,0.79119944315132,0.20880055684868,0.0,0.0
992,2012-07-01,1,1,164.4279,1,164.4279,1,164.4279,,,,0,,1.0,0.0,0.0,0.0
998,2012-07-01,62,4,28024.8515,2,11694.6591,1,5593.2771,91.0,1.0,0.6813186813186813,1,-0.3338591674342623,0.9952855682393179,0.0,0.004714429976551347,0.0
1002,2012-07-01,32,1,5519.611,1,5519.611,1,5519.611,,,,0,,0.6000509275019562,0.19810037337776157,0.17716235365137145,0.024686342932500133
1010,2012-07-01,93,4,69150.3094,2,20321.34,0,0.0,91.0,1.7320508075688772,1.021978021978022,1,-0.8766234778489554,0.9986910629788159,0.0,0.0013089370211841742,0.0
1012,2012-07-01,62,3,11250.2604,2,6438.7255000000005,1,2555.9668,91.0,1.4142135623730951,0.6813186813186813,1,0.2912619634485622,0.9853382949251557,0.0,0.014661705074844314,0.0
1016,2012-07-01,62,4,84356.0342,2,35339.019,1,2909.115,91.0,1.0,0.6813186813186813,1,-0.3271718831583428,0.9953541281460575,0.0,0.004645871557579694,0.0
1018,2012-07-01,32,4,115361.0905,2,66474.13459999999,1,7370.8413,91.0,1.0,0.3516483516483517,1,0.3072968964180429,0.9772159383323443,0.009950859471114308,0.011127093151048185,0.0017061087854400958
1022,2012-07-01,93,4,48761.856,2,18330.546,0,0.0,91.0,1.7320508075688772,1.021978021978022,1,-0.50688147205401,0.9988310535185535,0.0,0.0011689464814464816,0.0
1028,2012-07-01,1,1,7759.3877,1,7759.3877,1,7759.3877,,,,0,,0.7991437391380766,0.08768926445059576,0.08975297110105736,0.023414025310270294
1032,2012-07-01,1,5,263338.4161,3,175334.759,1,77342.8571,91.25,1.5,0.010958904109589,1,0.6893130239058465,0.9265702167485621,0.06695747685101991,0.0047858718020139255,0.0016864345376458732
1034,2012-07-01,1,1,794.2467,1,794.2467,1,794.2467,,,,0,,0.5914963197203085,0.4085036802796914,0.0,0.0
1044,2012-07-01,123,3,79207.5439,1,29308.0387,0,0.0,91.0,1.4142135623730951,1.3516483516483515,1,-0.532135170449747,0.9627004518189585,0.029712210278495958,0.004529068600497281,0.0030582693020481345
1046,2012-07-01,32,4,147314.5353,2,55172.7318,1,37141.1313,91.0,1.0,0.3516483516483517,1,-0.5128526187386839,0.9005400344904052,0.07852989982584564,0.01802217996746449,0.0029078854243923345
1050,2012-07-01,32,4,186245.846,2,134119.953,1,98996.5779,91.0,1.0,0.3516483516483517,1,0.945061031143581,0.9271504305121522,0.0695074256850808,0.0017434455960966776,0.0015986981529778656
1052,2012-07-01,1,1,39027.0692,1,39027.0692,1,39027.0692,,,,0,,0.7995231935069314,0.17794683901090888,0.022529966200997745,0.0
1056,2012-07-01,93,3,4248.2689,1,714.7043,0,0.0,136.5,62.932503525602726,0.6813186813186813,1,-1.5970783095975438,0.4766633298565446,0.5084174638756976,0.014919206267757675,0.0
1066,2012-07-01,62,4,158257.1368,2,79546.8168,1,22579.685,91.0,1.0,0.6813186813186813,1,0.0105713275957768,0.9622622142308339,0.02921754300309065,0.005331365883778582,0.0031888767243260273
1068,2012-07-01,1,1,1316.1745,1,1316.1745,1,1316.1745,,,,0,,0.9846627479866841,0.0,0.0,0.015337252013315861
1070,2012-07-01,1,1,59518.7599,1,59518.7599,1,59518.7599,,,,0,,0.777296431876767,0.18124097709905412,0.034964043328463236,0.006498547695715683
1082,2012-07-01,154,2,439.64540000000005,1,20.1865,0,0.0,181.0,,0.850828729281768,1,-2.987982547464574,0.9540845872605513,0.0,0.0,0.04591541273944865
1086,2012-07-01,32,4,120003.2263,2,76704.52769999999,1,50019.5321,91.0,1.0,0.3516483516483517,1,0.57182810063156,0.9211588580431358,0.05734100333934106,0.018286222326340907,0.003213916424511997
1090,2012-07-01,1,5,86236.08630000001,3,46260.6586,1,3981.8541,91.25,1.5,0.010958904109589,1,0.1460235371259699,0.9139440132500539,0.08582190261108821,0.0,0.00023408413885777184
1096,2012-07-01,32,2,2471.4147,1,324.4527,1,324.4527,273.0,,0.1172161172161172,1,-1.8870576284078,0.8687178238439709,0.1312821761560292,0.0,0.0
1102,2012-07-01,1,1,4142.6215,1,4142.6215,1,4142.6215,,,,0,,0.0,1.0,0.0,0.0
1108,2012-07-01,1,5,157606.8592,3,109991.3315,1,54130.4516,91.25,1.5,0.010958904109589,1,0.8372307281674516,0.8645093607702575,0.11821142172725943,0.014643542239943323,0.0026356752625395882
1112,2012-07-01,1,2,2221.323,1,196.329,1,196.329,365.0,,0.0027397260273972,1,-2.3289433367884262,0.9116161854894583,0.0883838145105417,0.0,0.0
1116,2012-07-01,1,1,1628.6046,1,1628.6046,1,1628.6046,,,,0,,0.2884641244412548,0.7115358755587453,0.0,0.0
1118,2012-07-01,32,2,2790.7539,1,2371.295,1,2371.295,181.0,,0.1767955801104972,1,1.7302663861555834,0.15030307760207734,0.8393626539409297,0.010334268456992928,0.0
1120,2012-07-01,62,2,5146.3219,2,5146.3219,1,3887.9452,92.0,,0.6739130434782609,0,,0.9989921928513644,0.0,0.0010078071486356109,0.0
1126,2012-07-01,93,4,408483.4465,2,187828.3084,0,0.0,91.0,1.7320508075688772,1.021978021978022,1,-0.1610719372272235,0.8821037413177036,0.10872921284951016,0.006498465381509651,0.002668580598161399
1134,2012-07-01,1,5,25977.2902,3,17354.749,1,10036.043,91.25,1.5,0.010958904109589,1,0.6994279935935648,0.8729580462553405,0.09838652839933243,0.020107516834069167,0.008547908511258038
1136,2012-07-01,1,5,40257.1833,3,26055.5804,1,53.994,91.25,1.5,0.010958904109589,1,0.6068450921994231,0.9927987087959032,0.0,0.007201291204096736,0.0
1138,2012-07-01,32,1,86.5212,1,86.5212,1,86.5212,,,,0,,0.0,0.0,1.0,0.0
1142,2012-07-01,1,1,3226.1066,1,3226.1066,1,3226.1066,,,,0,,0.38524821219484806,0.2820588755498656,0.251348885991554,0.08134402626373227
1148,2012-07-01,62,4,8548.2423,2,3811.0063,1,1677.8356,91.0,1.0,0.6813186813186813,1,-0.217509276076198,0.9981798012440524,0.0,0.0018201987559477578,0.0
1154,2012-07-01,32,1,2476.9638,1,2476.9638,1,2476.9638,,,,0,,0.0,0.945695936291035,0.04946184518320373,0.004842218525761256
1156,2012-07-01,1,1,10085.4859,1,10085.4859,1,10085.4859,,,,0,,0.8586382436963201,0.11650088172747335,0.024860874576206587,0.0
1162,2012-07-01,32,1,4831.9452,1,4831.9452,1,4831.9452,,,,0,,0.7661033904109674,0.22136343764825808,0.0,0.012533163662534914
1164,2012-07-01,1,5,140719.9074,3,57055.0943,1,22381.4965,91.25,1.5,0.010958904109589,1,-0.3827955539780401,0.9784793995678823,0.01125354634791353,0.009549795880550728,0.0007172581468029022
1170,2012-07-01,62,4,85892.3768,2,56832.9533,1,24278.0209,91.0,1.0,0.6813186813186813,1,0.6707566851677882,0.9721126485348348,0.027652330608226926,0.0,0.0002350208569382609
1174,2012-07-01,1,5,251725.3331,3,171874.38319999998,1,57363.2615,91.25,1.5,0.010958904109589,1,0.7665954040461234,0.9276280814662273,0.06648895561636263,0.00363757111262315,0.0022453918047869296
1182,2012-07-01,1,5,144232.4617,3,102794.9808,1,47753.7712,91.25,1.5,0.010958904109589,1,0.9085363155197008,0.9319578957168974,0.06202054374282374,0.004482021539260741,0.0015395390010181041
1184,2012-07-01,32,4,146774.5707,2,91203.3329,1,61709.2825,91.0,1.0,0.3516483516483517,1,0.4954186494093129,0.9086980276209385,0.0751364030390586,0.012875643178426955,0.003289926229707582
1186,2012-07-01,32,3,4334.2257,2,2954.7028,1,71.988,90.5,0.7071067811865476,0.3535911602209944,1,0.76127411631618,0.5921290393345229,0.38194683770159915,0.01660919504030443,0.009314927923573522
1192,2012-07-01,1,5,99497.3261,3,59516.3703,1,379.467,91.25,1.5,0.010958904109589,1,0.3978399604256921,0.957841198709359,0.04186894023476677,0.0002898610558741437,0.0
1200,2012-07-01,1,1,52105.5079,1,52105.5079,1,52105.5079,,,,0,,0.7739796621385587,0.18935596442003017,0.02994312660754239,0.006721247217705367
1202,2012-07-01,1,1,41020.1875,1,41020.1875,1,41020.1875,,,,0,,0.8383754023552428,0.15668706536263394,0.00444542092841482,0.0004921113537084636
1204,2012-07-01,62,4,18915.794,2,1213.7103000000002,1,1144.4969,91.0,1.0,0.6813186813186813,1,-2.6792332325960784,0.9084466451685823,0.08636965490319887,0.003049345959255001,0.0021343539689637134
1206,2012-07-01,123,3,124405.0861,1,26016.9703,0,0.0,91.0,1.4142135623730951,1.3516483516483515,1,-1.3301427214903505,0.9314302303272148,0.06679222498444137,0.001777544688343735,0.0
1214,2012-07-01,1,5,233510.8221,3,169695.626,1,32885.3728,91.25,1.5,0.010958904109589,1,0.978005274396379,0.9696512459839437,0.021085776478023028,0.006928886466371616,0.002334090964600308
1220,2012-07-01,1,1,38604.0227,1,38604.0227,1,38604.0227,,,,0,,0.8415092476878063,0.10013184454997225,0.05039537219005935,0.007963535364929728
1224,2012-07-01,93,2,1258.3767,1,838.9178,0,0.0,273.0,,0.3406593406593406,1,0.6919572960548983,1.0,0.0,0.0,0.0
1228,2012-07-01,93,4,87491.355,2,46875.785,0,0.0,91.0,1.7320508075688772,1.021978021978022,1,0.1433464521406566,0.9456099565494214,0.053730769171422714,0.0006592742791559235,0.0
1234,2012-07-01,32,1,37208.4123,1,37208.4123,1,37208.4123,,,,0,,0.8179589081794817,0.11118053537586713,0.06412748877220971,0.006733068532461945
1236,2012-07-01,1,1,33208.2292,1,33208.2292,1,33208.2292,,,,0,,0.759304597307465,0.15825836928396048,0.07180051187432782,0.010636520179160893
1240,2012-07-01,123,3,76242.1332,1,24604.6637,0,0.0,91.0,1.4142135623730951,1.3516483516483515,1,-0.7412902795152352,0.9829878959892482,0.016747335710695987,0.0,0.00026476830005590663
1242,2012-07-01,1,1,55971.1308,1,55971.1308,1,55971.1308,,,,0,,0.7362995728505095,0.21332465200077752,0.044026064236672525,0.006349710912040391
1244,2012-07-01,62,3,5925.7862000000005,1,955.2013,1,955.2013,136.5,64.34671708797582,0.4542124542124542,1,-1.648525505875865,0.6612852316541559,0.2720411006391017,0.02920159353707361,0.03747207416966883
1246,2012-07-01,62,2,5479.3966,1,1429.4086,1,1429.4086,182.0,,0.3406593406593406,1,-1.041000664261328,0.7391302903681036,0.2608697096318963,0.0,0.0
1254,2012-07-01,1,1,58378.5459,1,58378.5459,1,58378.5459,,,,0,,0.8725402631174478,0.09288262865074205,0.02702684309236966,0.00755026513944055
1256,2012-07-01,32,1,1524.5394,1,1524.5394,1,1524.5394,,,,0,,0.0,0.9763902461294212,0.02360975387057888,0.0
1258,2012-07-01,62,4,193258.6708,2,109739.8966,1,58977.1342,91.0,1.0,0.6813186813186813,1,0.2730386812313607,0.9678641497724717,0.02816369779150939,0.0018830870485320548,0.002089065387486873
1266,2012-07-01,1,1,84380.7379,1,84380.7379,1,84380.7379,,,,0,,0.8313295492050918,0.14432526667913864,0.021018992534787968,0.003326191580981659
1270,2012-07-01,1,5,161840.7856,3,66817.7907,1,924.4017,91.25,1.5,0.010958904109589,1,-0.3521450987128975,0.9419414854842375,0.05066159416863335,0.005276499967755964,0.002120420379373146
1280,2012-07-01,1,3,1676.5882,2,1308.7118,1,469.794,136.5,62.932503525602726,0.0073260073260073,1,1.2671007634121274,0.7805803476369452,0.21941965236305494,0.0,0.0
1290,2012-07-01,1,1,40977.8088,1,40977.8088,1,40977.8088,,,,0,,0.8827815654213312,0.10481051880939031,0.011915294894928595,0.00049262028866707
1294,2012-07-01,32,1,57182.2539,1,57182.2539,1,57182.2539,,,,0,,0.641848563090655,0.29325752582830594,0.053715930354399685,0.011177981496108883
1296,2012-07-01,62,4,126717.8954,2,38836.826,1,13319.4071,91.0,1.0,0.6813186813186813,1,-0.8166011266261037,0.8989306582580758,0.08824989923246469,0.008358967742136287,0.004460474964611825
1308,2012-07-01,62,3,7719.6876,1,419.4589,1,419.4589,136.5,64.34671708797582,0.4542124542124542,1,-2.854451194190302,0.6649027869987899,0.33509721300121004,0.0,0.0
1310,2012-07-01,1,5,158877.6799,3,88632.5873,1,2485.7036,91.25,1.5,0.010958904109589,1,0.2325061896250613,0.87271731112433,0.12695979896418416,0.00032288991148592426,0.0
1312,2012-07-01,1,5,88776.1743,3,62350.3584,1,27892.4053,91.25,1.5,0.010958904109589,1,0.8584062101654304,0.8800739265467538,0.11882156764666982,0.0006497328867211616,0.00045477291985536705
1316,2012-07-01,1,1,46021.1798,1,46021.1798,1,46021.1798,,,,0,,0.8196635497814857,0.10167730423981874,0.0682522847447731,0.010406860538590539
1320,2012-07-01,1,1,2458.9178,1,2458.9178,1,2458.9178,,,,0,,1.0,0.0,0.0,0.0
1322,2012-07-01,62,4,112884.2841,2,49175.3862,1,13129.4681,91.0,1.0,0.6813186813186813,1,-0.2589263805546444,0.8248217499215197,0.162950541314546,0.0075782657153778245,0.004649442605624852
1326,2012-07-01,1,1,324.4527,1,324.4527,1,324.4527,,,,0,,0.0,1.0,0.0,0.0
1328,2012-07-01,1,1,40399.5779,1,40399.5779,1,40399.5779,,,,0,,0.5236183470124821,0.3720314909527805,0.08845695249207047,0.015893210607034584
1332,2012-07-01,1,5,175422.2139,3,100613.1523,1,48300.3569,91.25,1.5,0.010958904109589,1,0.2963405373944248,0.8288290545853155,0.16970709203892903,0.001463853375755395,0.0
1338,2012-07-01,32,4,110001.8397,2,53632.8261,1,209.256,91.0,1.0,0.3516483516483517,1,-0.049757390374296,0.8868916398677286,0.11259018698030011,0.0005181731519713847,0.0
1344,2012-07-01,1,5,65840.27639999999,3,34274.4818,1,324.4527,91.25,1.5,0.010958904109589,1,0.0823245179283382,0.9153494759630142,0.08421248820881318,0.0004380358281727992,0.0
1350,2012-07-01,1,5,97350.7014,3,58701.488,1,26628.0859,91.25,1.5,0.010958904109589,1,0.4179298145807539,0.7461626599025202,0.2533160700986999,0.00010655290461009456,0.0004147170941698012
1356,2012-07-01,62,4,191271.1949,2,75626.8455,1,46301.0029,91.0,1.0,0.6813186813186813,1,-0.4247036330687006,0.8398626250230008,0.14546891765143669,0.0099192193628106,0.004749238381006214
1358,2012-07-01,62,4,146233.5598,2,80377.43359999999,1,48748.8054,91.0,1.0,0.6813186813186813,1,0.1992582603836012,0.9143646669264767,0.06702959576041176,0.011013379816525537,0.00759235774276761
1362,2012-07-01,1,4,6344.3573,2,249.1888,1,180.108,121.66666666666669,51.38417395787669,0.0082191780821917,1,-3.193199905218375,0.957540963211514,0.014017495515266772,0.025259737499336615,0.0031818037738826593
1364,2012-07-01,62,4,24694.3737,2,12938.8304,1,5664.5243,91.0,1.0,0.6813186813186813,1,0.0959002201531209,0.9929003666126588,0.0,0.007099633387341182,0.0
1372,2012-07-01,32,4,15519.4439,2,9078.8691,1,5687.3217,91.0,1.0,0.3516483516483517,1,0.3432867318255788,0.9676995836171681,0.03196622270724533,0.00033419367558653305,0.0
1374,2012-07-01,123,3,71319.5168,1,40766.1068,0,0.0,91.0,1.4142135623730951,1.3516483516483515,1,0.2883665216505662,0.9981810476876366,0.0,0.0018189523123633951,0.0
1388,2012-07-01,32,1,14515.9921,1,14515.9921,1,14515.9921,,,,0,,0.5081131037540314,0.48781413293825093,0.0019868018528337444,0.0020859600770931803
1392,2012-07-01,62,3,7777.3783,2,7352.7329,1,6094.3562,91.0,1.4142135623730951,0.6813186813186813,1,2.8493567355611367,0.9892491663932562,0.0,0.010750833606743804,0.0
1394,2012-07-01,1,1,5347.6038,1,5347.6038,1,5347.6038,,,,0,,0.6922295926261404,0.09160130748654192,0.16332094385900467,0.052848156028313095
1398,2012-07-01,1,1,20496.8188,1,20496.8188,1,20496.8188,,,,0,,0.9036641773893225,0.07750468575152746,0.018831136859150065,0.0
1400,2012-07-01,1,1,7222.8289,1,7222.8289,1,7222.8289,,,,0,,0.8529466065574389,0.13127425737580464,0.015779136066756336,0.0
1406,2012-07-01,1,5,9795.7926,3,6850.388800000001,1,4810.0342,91.25,1.5,0.010958904109589,1,0.843866000392425,0.824978817946799,0.17502118205320108,0.0,0.0
1410,2012-07-01,1,1,324.4527,1,324.4527,1,324.4527,,,,0,,0.0,1.0,0.0,0.0
1414,2012-07-01,32,4,149434.36479999998,2,91484.7152,1,59238.9627,91.0,1.0,0.3516483516483517,1,0.4565910626745655,0.8061020519692403,0.15706716076595525,0.028508693088780075,0.0083220941961002
1416,2012-07-01,1,1,183.9382,1,183.9382,1,183.9382,,,,0,,0.0,1.0,0.0,0.0
1418,2012-07-01,32,4,237597.3775,2,166125.9498,1,120182.185,91.0,1.0,0.3516483516483517,1,0.8434405051561153,0.8312299053216612,0.16811463880740857,0.00048553397858947325,0.0001699219091759546
1422,2012-07-01,1,1,48693.9751,1,48693.9751,1,48693.9751,,,,0,,0.5498290362414877,0.3585185531505313,0.07975547625808845,0.011896933836481959
1424,2012-07-01,1,1,75351.5172,1,75351.5172,1,75351.5172,,,,0,,0.6339861342566304,0.3079426192363383,0.04901319933873873,0.009058047101936787
1428,2012-07-01,32,1,469.794,1,469.794,1,469.794,,,,0,,1.0,0.0,0.0,0.0
1430,2012-07-01,32,1,101336.8382,1,101336.8382,1,101336.8382,,,,0,,0.7329917078466732,0.2608760188256989,0.00613227366314257,0.0
1436,2012-07-01,154,2,8144.976,1,4064.988,0,0.0,181.0,,0.850828729281768,1,-0.0036823520652689,1.0,0.0,0.0,0.0
1438,2012-07-01,93,4,107761.3089,2,24441.5684,0,0.0,91.0,1.7320508075688772,1.021978021978022,1,-1.2263712849770734,0.9987321339969358,0.0,0.001267866003064111,0.0
1450,2012-07-01,1,1,16742.0274,1,16742.0274,1,16742.0274,,,,0,,0.6468005003981777,0.3445863253096814,0.008613174292140986,0.0
1454,2012-07-01,93,2,1294.2529,1,874.794,0,0.0,181.0,,0.5138121546961326,1,0.7337841696133536,1.0,0.0,0.0,0.0
1456,2012-07-01,1,4,27279.5343,3,20803.4447,1,8920.6386,91.0,1.7320508075688772,0.0109890109890109,1,1.1668953777093307,0.7744836465188484,0.2169120680333608,0.007864298475212608,0.0007399869725781939
1458,2012-07-01,1,4,7788.1674,3,7368.708500000001,1,2647.032,91.0,1.7320508075688772,0.0109890109890109,1,2.8637866983110856,0.9617288657662905,0.03827113423370946,0.0,0.0
1460,2012-07-01,62,3,15007.2845,2,12804.2107,1,5529.9046,91.0,1.4142135623730951,0.6813186813186813,1,1.759544798722496,0.9973870422727042,0.0,0.002612957727295701,0.0
1468,2012-07-01,1,1,9803.5732,1,9803.5732,1,9803.5732,,,,0,,0.7592862059723284,0.13351346221396093,0.08455027397561533,0.022650057838095195
1470,2012-07-01,32,1,1147.4382,1,1147.4382,1,1147.4382,,,,0,,0.0,0.2934990311460783,0.6405283526380766,0.06597257264051344
1478,2012-07-01,1,4,11113.6235,3,9364.0355,1,5061.8179,91.0,1.7320508075688772,0.0109890109890109,1,1.6770313950988935,0.8425562823862082,0.10646490768739827,0.04371331276428431,0.007265497162109189
1480,2012-07-01,1,1,5662.2907,1,5662.2907,1,5662.2907,,,,0,,0.0,0.9038195089489136,0.06052972518701663,0.035650765864069824
1486,2012-07-01,1,1,14655.0936,1,14655.0936,1,14655.0936,,,,0,,0.8462969898738826,0.15370301012611753,0.0,0.0
1796,2012-07-01,1,1,4364.2719,1,4364.2719,1,4364.2719,,,,0,,0.5695574558496229,0.24767166775287308,0.14576768234811402,0.03700319404939
1802,2012-07-01,1,1,14560.3533,1,14560.3533,1,14560.3533,,,,0,,0.14035400500893067,0.8091206481919638,0.03943413241215788,0.011091214386947601
1822,2012-07-01,32,1,5948.2999,1,5948.2999,1,5948.2999,,,,0,,0.31591816680258505,0.5519036624229386,0.11945192944962307,0.01272623291909004
1826,2012-07-01,32,1,2378.4486,1,2378.4486,1,2378.4486,,,,0,,0.0,0.9848666059043697,0.015133394095630234,0.0
1828,2012-07-01,1,5,7977.207,3,4152.4094000000005,1,149.031,91.25,1.5,0.010958904109589,1,0.0821625707137858,0.9589315157548249,0.041068484245175035,0.0,0.0
1832,2012-07-01,1,1,53170.0479,1,53170.0479,1,53170.0479,,,,0,,0.6356026434950796,0.2875647682085312,0.06747522392207587,0.00935736414862248
1834,2012-07-01,1,1,48541.8313,1,48541.8313,1,48541.8313,,,,0,,0.6057768179009761,0.3133527865068412,0.06579062665070899,0.015079769106280092
1840,2012-07-01,32,1,92716.9059,1,92716.9059,1,92716.9059,,,,0,,0.6545568417204914,0.30183857671203845,0.037190120437355964,0.0064144615723204365
1850,2012-07-01,123,3,14357.4993,1,3762.2367,0,0.0,91.0,1.4142135623730951,1.3516483516483515,1,-1.0352219424666913,0.9502657402184237,0.049734259781576313,0.0,0.0
1858,2012-07-01,1,1,39373.2236,1,39373.2236,1,39373.2236,,,,0,,0.6491034531396611,0.3476209705115433,0.002894606780431359,0.00038096956836422205
1860,2012-07-01,93,4,140874.514,2,67422.0979,0,0.0,91.0,1.7320508075688772,1.021978021978022,1,-0.0856637527048,0.9240111096319381,0.07566519803574974,0.00032369233231214556,0.0
1862,2012-07-01,32,1,367.8764,1,367.8764,1,367.8764,,,,0,,0.0,1.0,0.0,0.0
1864,2012-07-01,1,3,10149.2645,2,6099.2765,1,24.2945,136.5,62.932503525602726,0.0073260073260073,1,0.4093732960362235,0.9976062797456899,0.0023937202543100537,0.0,0.0
1868,2012-07-01,1,1,54859.4922,1,54859.4922,1,54859.4922,,,,0,,0.6439518756610001,0.34894174795150584,0.007106375950012895,0.0
1876,2012-07-01,62,1,178.5808,1,178.5808,1,178.5808,,,,0,,0.0,1.0,0.0,0.0
1878,2012-07-01,32,1,36571.8493,1,36571.8493,1,36571.8493,,,,0,,0.8557500509004886,0.12077109264474628,0.023478855798522606,0.0
1882,2012-07-01,32,4,164320.2648,2,73841.4761,1,42262.6609,91.0,1.0,0.3516483516483517,1,-0.2031923735347707,0.9370908474826168,0.057632614038971526,0.005276538429726289,0.0
1884,2012-07-01,62,3,1022.856,1,419.4589,1,419.4589,136.5,64.34671708797582,0.4542124542124542,1,-0.3628846983888696,0.8201719499127933,0.1798280500872068,0.0,0.0
1896,2012-07-01,1,5,176958.7439,3,149786.4223,1,90172.6738,91.25,1.5,0.010958904109589,1,1.7069814358232378,0.863016080665116,0.12229125853328347,0.010600294501751376,0.004092366299849171
1898,2012-07-01,32,1,35699.5713,1,35699.5713,1,35699.5713,,,,0,,0.8085193588865308,0.11996370948017518,0.064067360159028,0.007449570129711893
1900,2012-07-01,1,5,131324.2061,3,97023.4665,1,50312.409,91.25,1.5,0.010958904109589,1,1.0397671085700253,0.8967936406965266,0.09642953782912685,0.002933946539197848,0.0038428749351487605
1902,2012-07-01,1,1,165.231,1,165.231,1,165.231,,,,0,,0.0,1.0,0.0,0.0
1918,2012-07-01,123,3,3526.7160000000003,1,2923.3189,0,0.0,91.0,1.4142135623730951,1.3516483516483515,1,1.5765854456100863,0.8466459448393349,0.15335405516066503,0.0,0.0
1924,2012-07-01,1,1,33.7745,1,33.7745,1,33.7745,,,,0,,0.0,1.0,0.0,0.0
1930,2012-07-01,62,4,72698.1611,2,20717.2188,1,12497.2834,91.0,1.0,0.6813186813186813,1,-0.9198829463648756,0.9235548480056395,0.0634953350972725,0.007673982279037317,0.00527583496193826
1934,2012-07-01,62,4,83457.10889999999,2,50965.6786,1,29522.6946,91.0,1.0,0.6813186813186813,1,0.4501649100459453,0.9478378527919508,0.047836255684145804,0.0026327403728216136,0.0016931511510818703
1936,2012-07-01,93,4,84948.75,2,51664.2353,0,0.0,91.0,1.7320508075688772,1.021978021978022,1,0.4396628156413396,0.9677729996027016,0.03222700039729837,0.0,0.0
1944,2012-07-01,1,1,50912.9359,1,50912.9359,1,50912.9359,,,,0,,0.7824577054099919,0.21754229459000812,0.0,0.0
1946,2012-07-01,1,5,93840.7942,3,54356.5352,1,469.794,91.25,1.5,0.010958904109589,1,0.3196558337106125,0.9594170378408838,0.04058296215911608,0.0,0.0
1948,2012-07-01,32,2,33299.5504,1,33293.8504,1,33293.8504,273.0,,0.1172161172161172,1,8.511050494971,0.8032113130272174,0.19045688977230157,0.0063317972004811205,0.0
1952,2012-07-01,32,1,24.2945,1,24.2945,1,24.2945,,,,0,,0.0,1.0,0.0,0.0
1956,2012-07-01,93,4,88310.81790000001,2,50614.153900000005,0,0.0,91.0,1.7320508075688772,1.021978021978022,1,0.2946528859772392,0.92733575056154,0.061502920357393714,0.005218127415848562,0.005943201665217506
1962,2012-07-01,1,1,147390.9328,1,147390.9328,1,147390.9328,,,,0,,0.7997788613018398,0.17293429599625953,0.023295437255011386,0.00399140563686018
1964,2012-07-01,32,1,1438.851,1,1438.851,1,1438.851,,,,0,,0.8343636693444978,0.14062053680332431,0.025015793852177882,0.0
1968,2012-07-01,62,4,79940.3738,2,42158.7323,1,22996.4942,91.0,1.0,0.6813186813186813,1,0.1096157770172343,0.875340916907246,0.10652067403767881,0.01081534472384466,0.007323064331230335
1970,2012-07-01,1,5,197305.3575,3,105547.7023,1,38189.0587,91.25,1.5,0.010958904109589,1,0.1400106624813091,0.8474611476274788,0.15127293692468535,0.0009092449504317183,0.00035667049740400477
1972,2012-07-01,1,1,53415.9425,1,53415.9425,1,53415.9425,,,,0,,0.7004894840150017,0.29353634450988114,0.00597417147511719,0.0
1976,2012-07-01,32,1,70717.297,1,70717.297,1,70717.297,,,,0,,0.6642307863096067,0.28196264486749256,0.046202134846867804,0.007604434174004133
1980,2012-07-01,93,4,276526.4031,2,128926.0103,0,0.0,91.0,1.7320508075688772,1.021978021978022,1,-0.1352689158342528,0.9707001031034638,0.028187865291044972,0.0010390311622290075,7.300026244763315e-05
1982,2012-07-01,1,1,93591.6217,1,93591.6217,1,93591.6217,,,,0,,0.82809897074366,0.1504465361775006,0.01871227646437929,0.0027422166144600527
1986,2012-07-01,32,1,2278.1544,1,2278.1544,1,2278.1544,,,,0,,0.28443813992589795,0.7155618600741022,0.0,0.0
1988,2012-07-01,1,1,688.7667,1,688.7667,1,688.7667,,,,0,,0.0,0.7648231251597966,0.2351768748402035,0.0
1992,2012-07-01,1,5,253508.2852,3,196696.8143,1,86402.2489,91.25,1.5,0.010958904109589,1,1.241912753761481,0.878580967972245,0.10698963696039392,0.0112283260239575,0.0032010689487319364
292,2012-10-01,62,3,32614.5142,2,28534.5262,1,27429.5294,92.0,0.0,0.6739130434782609,1,1.944810728366724,0.716401636606318,0.20602420930740092,0.06688587454109618,0.010688278165431022
296,2012-10-01,62,4,243920.6405,2,121571.5262,1,61492.5041,91.33333333333331,1.1547005383792526,0.6788321167883212,1,-0.0063757159439408,0.8983620453390864,0.09649697029227013,0.0034030564133419455,0.0017379279553015113
298,2012-10-01,62,4,36625.6782,2,11359.7098,1,2269.2651,91.33333333333331,1.1547005383792526,0.6788321167883212,1,-0.7993370521259902,0.8308610002749381,0.16585221348884127,0.0032867869188016835,0.0
302,2012-10-01,32,4,60407.4379,2,1545.6433000000002,1,812.4274,91.0,1.0,0.3516483516483517,1,-3.6391222507441032,0.9622262923354344,0.030279413654787698,0.00482091461124525,0.002673379398532643
304,2012-10-01,62,1,2112.5395,1,2112.5395,1,2112.5395,,,,0,,0.5883212124554358,0.4116787875445643,0.0,0.0
312,2012-10-01,154,1,722.5949,1,722.5949,0,0.0,,,,0,,0.0,1.0,0.0,0.0
318,2012-10-01,32,4,247370.3118,2,153522.2917,1,72887.4109,91.0,1.0,0.3516483516483517,1,0.4921649711270248,0.9002282575123471,0.07987311667365574,0.016800784094738726,0.0030978417111733616
320,2012-10-01,154,3,2427.5078,1,776.3569,0,0.0,91.0,1.4142135623730951,1.6923076923076923,1,-0.7539337180680983,0.7059552187638697,0.29404478123613037,0.0,0.0
324,2012-10-01,62,1,44017.9573,1,44017.9573,1,44017.9573,,,,0,,0.750610051593648,0.19508313712685618,0.04879828555788071,0.0055085245857149304
326,2012-10-01,32,2,389.385,2,389.385,1,209.256,92.0,,0.3478260869565217,0,,0.0,1.0,0.0,0.0
332,2012-10-01,1,2,5281.7027,2,5281.7027,1,4038.8509,92.0,,0.0108695652173913,0,,0.4706254291821461,0.525058917079903,0.0043156537379508315,0.0
334,2012-10-01,154,3,142529.99430000002,1,17671.8447,0,0.0,91.0,1.4142135623730951,1.6923076923076923,1,-1.9551570350290584,0.9091042100392478,0.08933611807490263,0.0015596717104478265,0.0
340,2012-10-01,1,5,337365.3269,2,83814.85070000001,1,36401.1336,91.25,1.5,0.010958904109589,1,-1.1069447255836238,0.837695199115022,0.13650177723702525,0.02087911053790039,0.0049239129440601685
342,2012-10-01,62,4,3592.89,2,571.134,1,214.236,91.33333333333331,1.1547005383792526,0.6788321167883212,1,-1.6645510473217362,0.8410377161560749,0.1589622838439251,0.0,0.0
344,2012-10-01,1,5,187205.4537,2,98600.235,1,49380.0704,91.25,1.5,0.010958904109589,1,0.1068817432495947,0.903387042190641,0.07583228650352081,0.015625730672823877,0.00515494063301426
348,2012-10-01,93,4,99799.276,1,2458.9178,0,0.0,91.0,1.7320508075688772,1.021978021978022,1,-3.6780960227100143,0.8389707937360186,0.14943858510556732,0.005927032977674107,0.005663588180739908
352,2012-10-01,1,2,108237.3618,2,108237.3618,1,44583.9686,92.0,,0.0108695652173913,0,,0.846660702700165,0.15292359980636555,0.0004156974934693946,0.0
356,2012-10-01,93,4,202546.663,1,340.9898,0,0.0,91.0,1.7320508075688772,1.021978021978022,1,-6.382264675934841,0.8859917370843083,0.11378312956950566,0.00022513330668893816,0.0
362,2012-10-01,154,3,8241.5787,1,1619.52,0,0.0,91.0,1.4142135623730951,1.6923076923076923,1,-1.4078102171234637,0.24570462452782255,0.7542953754721774,0.0,0.0
366,2012-10-01,32,2,13190.0672,2,13190.0672,1,6185.5671,92.0,,0.3478260869565217,0,,0.7728944550032316,0.1530803497346852,0.06599042194417326,0.008034775592348765
368,2012-10-01,1,5,143456.1764,2,23181.3961,1,6941.8359,91.25,1.5,0.010958904109589,1,-1.646394073343746,0.9736516705320469,0.011607642429817334,0.013614963461412876,0.001125723576722905
370,2012-10-01,1,5,209681.0709,2,80992.6977,1,41005.0451,91.25,1.5,0.010958904109589,1,-0.463030195401851,0.8864662890273325,0.08792628405066011,0.020880097164746026,0.0047273294424976155
372,2012-10-01,1,5,294906.9774,2,138455.9117,1,66436.2142,91.25,1.5,0.010958904109589,1,-0.1221905032427344,0.8811251808652527,0.09748668055759607,0.018382215805111703,0.0030059224363404298
376,2012-10-01,154,3,194673.9391,1,29445.9841,0,0.0,91.0,1.4142135623730951,1.6923076923076923,1,-1.7247406207422564,0.8732861768039295,0.11929257304477074,0.0041030453469670415,0.003318204804332744
382,2012-10-01,62,1,183.9382,1,183.9382,1,183.9382,,,,0,,0.0,1.0,0.0,0.0
386,2012-10-01,62,1,4356.8575,1,4356.8575,1,4356.8575,,,,0,,0.0,1.0,0.0,0.0
388,2012-10-01,62,4,47070.0551,2,22694.5072,1,9020.689,91.33333333333331,1.1547005383792526,0.6788321167883212,1,-0.0714545342637631,0.9281249832231447,0.06296638263336131,0.006764330301368184,0.0021443038421257343
390,2012-10-01,32,1,2485.7036,1,2485.7036,1,2485.7036,,,,0,,1.0,0.0,0.0,0.0
392,2012-10-01,32,4,32499.0915,2,19660.8539,1,3863.8275,91.0,1.0,0.3516483516483517,1,0.4261744887884848,0.6641469346920051,0.30127407407680923,0.0322497107342216,0.0023292789584595003
398,2012-10-01,62,1,2521.6976,1,2521.6976,1,2521.6976,,,,0,,0.9857262821680125,0.0,0.014273717831987467,0.0
412,2012-10-01,1,5,21943.2229,2,11761.9063,1,4940.797,91.25,1.5,0.010958904109589,1,0.1442984972072185,0.7462276519097839,0.19088455780121524,0.056448193852143745,0.0064395964368570485
414,2012-10-01,1,2,24443.2258,2,24443.2258,1,9138.3399,92.0,,0.0108695652173913,0,,0.9086614746241881,0.021062440948362876,0.0653209692151189,0.004955115212330117
418,2012-10-01,1,4,3766.016,2,1683.3411999999998,1,1503.2122,121.66666666666669,51.3841739578767,0.0082191780821917,1,-0.2127585575258761,0.5377019109849772,0.44092940656651486,0.021368682448507918,0.0
422,2012-10-01,1,2,50790.9013,2,50790.9013,1,33644.3587,92.0,,0.0108695652173913,0,,0.6558913141397631,0.3423882852025703,0.0017204006576666125,0.0
428,2012-10-01,1,2,27762.6667,2,27762.6667,1,8218.6358,92.0,,0.0108695652173913,0,,0.8890690713079086,0.046607518434099125,0.057779425237994154,0.006543985920487962
432,2012-10-01,62,1,56817.8354,1,56817.8354,1,56817.8354,,,,0,,0.7969701974954153,0.17174238214643422,0.025556183015025595,0.005731237343124832
440,2012-10-01,32,4,96965.0384,2,56578.9556,1,28570.8366,91.0,1.0,0.3516483516483517,1,0.3371447799750786,0.8235458606284634,0.1236062275410804,0.04445226542600946,0.008395645930048948
452,2012-10-01,1,5,11073.2885,2,5911.4071,1,1597.9839,91.25,1.5,0.010958904109589,1,0.1355582067281737,0.7336869530672844,0.20758041299113628,0.04597170027675156,0.01276093366482775
454,2012-10-01,93,4,13333.5348,1,469.794,0,0.0,91.0,1.7320508075688772,1.021978021978022,1,-3.307824945785521,0.9978370026828896,0.0,0.0021629973171105386,0.0
466,2012-10-01,1,5,39773.891,2,7261.187,1,1366.2229,91.25,1.5,0.010958904109589,1,-1.4989806388573437,0.9714211390582831,0.021701635879677952,0.006877225062038812,0.0
472,2012-10-01,62,1,54801.3542,1,54801.3542,1,54801.3542,,,,0,,0.6152238661284761,0.3174918659218096,0.05828930811348454,0.008994959033329874
474,2012-10-01,1,2,127314.4076,2,127314.4076,1,59569.2312,92.0,,0.0108695652173913,0,,0.7330326029809057,0.26560995128095777,0.0013574457381365533,0.0
478,2012-10-01,62,4,338011.2199,2,155016.77539999998,1,112287.2527,91.33333333333331,1.1547005383792526,0.6788321167883212,1,-0.165921468744953,0.8007597914858445,0.19512246433568758,0.002744152251142477,0.0013735919776194387
484,2012-10-01,32,3,946.9337,2,527.4748,1,469.794,136.5,62.932503525602726,0.2344322344322344,1,0.2286483882029779,0.9390867597171797,0.0,0.06091324028282022,0.0
492,2012-10-01,62,1,288.117,1,288.117,1,288.117,,,,0,,0.0,0.6251939316319411,0.3748060683680588,0.0
494,2012-10-01,1,3,6487.845,2,4340.883,1,1998.4284,182.5,127.9863273947651,0.0054794520547945,1,0.7037886393703632,0.33092066780263707,0.6690793321973628,0.0,0.0
496,2012-10-01,32,4,17864.8318,2,12311.2733,1,3784.6176,91.0,1.0,0.3516483516483517,1,0.7959776521607012,0.7931184496234663,0.1472762984535908,0.05452044054509374,0.0050848136168849915
498,2012-10-01,1,5,68673.48879999999,2,17632.8504,1,11405.6226,91.25,1.5,0.010958904109589,1,-1.0628213658171664,0.9738832272636774,0.015162670751045345,0.010954101985277324,0.0
504,2012-10-01,62,1,1263.0383,1,1263.0383,1,1263.0383,,,,0,,0.9840175076242739,0.0,0.0,0.015982492375726055
506,2012-10-01,62,1,4262.9036,1,4262.9036,1,4262.9036,,,,0,,0.6612309975763938,0.32253279196836643,0.006765435652825929,0.009470774802414017
510,2012-10-01,62,1,53.994,1,53.994,1,53.994,,,,0,,0.0,0.0,1.0,0.0
512,2012-10-01,62,4,26653.138700000003,2,11866.0957,1,7951.1594,91.33333333333331,1.1547005383792526,0.6788321167883212,1,-0.2200494458025108,0.8995211359478649,0.04422105453568963,0.04899140362782113,0.007266404988167491
516,2012-10-01,62,1,34982.3068,1,34982.3068,1,34982.3068,,,,0,,0.7744661938646082,0.16839587319610383,0.049006164796427894,0.008131767914173117
518,2012-10-01,32,4,226350.8861,2,153068.84509999998,1,75002.6273,91.0,1.0,0.3516483516483517,1,0.7365651032805012,0.885889736041992,0.0913658049072687,0.018823293990188623,0.003921165034043134
520,2012-10-01,62,4,79074.5232,2,24383.6867,1,469.794,91.33333333333331,1.1547005383792526,0.6788321167883212,1,-0.8077591159569266,0.9327800461527158,0.06670938485026491,0.0,0.0005105689970192574
526,2012-10-01,62,1,491.406,1,491.406,1,491.406,,,,0,,0.0,1.0,0.0,0.0
534,2012-10-01,32,2,123993.9748,2,123993.9748,1,52719.4376,92.0,,0.3478260869565217,0,,0.7322359560651812,0.21414957737123855,0.04614183669189061,0.00747262987168954
536,2012-10-01,1,4,1743.3778000000002,2,298.188,1,88.932,121.66666666666669,51.3841739578767,0.0082191780821917,1,-1.57561551440544,0.0,1.0,0.0,0.0
540,2012-10-01,93,1,2554.0856,1,2554.0856,0,0.0,,,,0,,0.9732264259271498,0.0,0.026773574072850186,0.0
544,2012-10-01,62,4,31429.7846,2,15367.3854,1,11056.6441,91.33333333333331,1.1547005383792526,0.6788321167883212,1,-0.0442308391753627,0.7586903284090594,0.207809279736521,0.029004481309744645,0.004495910544674875
546,2012-10-01,1,2,2023.476,2,2023.476,1,1153.7883,92.0,,0.0108695652173913,0,,0.0,0.9860350209243894,0.013964979075610484,0.0
548,2012-10-01,32,2,175183.0232,2,175183.0232,1,86493.3807,92.0,,0.3478260869565217,0,,0.846525656374219,0.13262848463046734,0.01772162765141731,0.0031242313324799384
556,2012-10-01,1,2,15930.9072,2,15930.9072,1,7477.5973,92.0,,0.0108695652173913,0,,0.6694109548262261,0.25131671723001436,0.07166955940839326,0.007602768535366272
558,2012-10-01,32,2,1666.8438,2,1666.8438,1,40.373,92.0,,0.3478260869565217,0,,0.0,0.9368822681525407,0.038896506079333884,0.02422122576812536
560,2012-10-01,62,1,6423.515,1,6423.515,1,6423.515,,,,0,,0.9674234433950881,0.032576556604911794,0.0,0.0
562,2012-10-01,1,2,105800.3638,2,105800.3638,1,47565.7446,92.0,,0.0108695652173913,0,,0.7889275934606947,0.14517213692227396,0.05461003176626128,0.011290237775155929
568,2012-10-01,32,2,912.705,2,912.705,1,264.711,92.0,,0.3478260869565217,0,,0.7099709106447318,0.21510674314263645,0.07492234621263169,0.0
570,2012-10-01,32,2,67132.3274,2,67132.3274,1,29482.0603,92.0,,0.3478260869565217,0,,0.8210915193147319,0.1677702075319379,0.011138272780931472,0.0
584,2012-10-01,32,3,6799.823,1,183.9382,1,183.9382,136.5,65.76093065034893,0.2344322344322344,1,-3.5773582489424403,0.3157379243547957,0.6797679145471874,0.0015254808838406526,0.002968680214176163
590,2012-10-01,32,2,20013.5548,2,20013.5548,1,6919.2582,92.0,,0.3478260869565217,0,,0.8006146114532335,0.10524322245841104,0.08582086576643545,0.008321299822258462
592,2012-10-01,32,4,336746.332,2,228318.4022,1,77480.9635,91.0,1.0,0.3516483516483517,1,0.744650601996824,0.8164523351155611,0.161897226616265,0.017952835685230272,0.0036976026809402637
598,2012-10-01,1,2,200016.0329,2,200016.0329,1,95134.0915,92.0,,0.0108695652173913,0,,0.8334286651077759,0.15175695897926192,0.011428469842429317,0.003385906070532809
600,2012-10-01,1,5,238355.4057,2,85840.5047,1,43444.0996,91.25,1.5,0.010958904109589,1,-0.5747662321715463,0.9474270639543545,0.0513389292097771,0.00047179001319373054,0.0007622168226747289
602,2012-10-01,1,2,101780.0974,2,101780.0974,1,52295.4773,92.0,,0.0108695652173913,0,,0.8901403281620361,0.08538635275465949,0.019856031303031547,0.004617287780272845
604,2012-10-01,1,2,1770.2352,2,1770.2352,1,325.8977,92.0,,0.0108695652173913,0,,0.0,0.5261722849031586,0.35979484534032535,0.11403286975651597
608,2012-10-01,1,5,33183.334800000004,2,8692.9068,1,5031.8056,91.25,1.5,0.010958904109589,1,-1.0357007663058957,0.9581639245010419,0.03445110344967498,0.007384972049283002,0.0
610,2012-10-01,1,1,6214.259,1,6214.259,1,6214.259,,,,0,,1.0,0.0,0.0,0.0
612,2012-10-01,154,3,74607.2418,1,13125.6019,0,0.0,91.0,1.4142135623730951,1.6923076923076923,1,-1.544114006361685,0.8376298498948127,0.16192551431381288,0.000444635121198114,0.0
620,2012-10-01,1,1,235.266,1,235.266,1,235.266,,,,0,,0.0,1.0,0.0,0.0
622,2012-10-01,1,2,85630.295,2,85630.295,1,22534.867,92.0,,0.0108695652173913,0,,0.6566862524997725,0.25534163113650377,0.07526485868114784,0.012707258149700407
628,2012-10-01,1,2,713.5958,2,713.5958,1,647.994,92.0,,0.0108695652173913,0,,0.9080686853818366,0.09193131461816338,0.0,0.0
632,2012-10-01,154,3,18498.4455,1,2238.4935,0,0.0,91.0,1.4142135623730951,1.6923076923076923,1,-1.9825169267638223,0.9984593300015396,0.0,0.0015406699984601407,0.0
634,2012-10-01,1,2,14049.2365,2,14049.2365,1,7516.704,92.0,,0.0108695652173913,0,,0.8159143452386184,0.18408565476138153,0.0,0.0
638,2012-10-01,62,1,8610.1714,1,8610.1714,1,8610.1714,,,,0,,0.8629706256486369,0.04422687799223138,0.08108002356375855,0.011722472795373157
640,2012-10-01,32,2,9956.7027,2,9956.7027,1,6174.861,92.0,,0.3478260869565217,0,,0.9932167302735675,0.006783269726432627,0.0,0.0
642,2012-10-01,62,4,98892.4239,2,69146.214,1,59292.4303,91.33333333333331,1.1547005383792526,0.6788321167883212,1,0.8435024253532024,0.7815237249938617,0.1694227306729004,0.03919589872647464,0.009857645930347148
648,2012-10-01,62,4,247042.0577,2,146731.4113,1,96577.143,91.33333333333331,1.1547005383792526,0.6788321167883212,1,0.3803287927898129,0.8826547743736672,0.09608089821217514,0.015751027514210994,0.005513299835180251
650,2012-10-01,93,1,1308.9375,1,1308.9375,0,0.0,,,,0,,1.0,0.0,0.0,0.0
654,2012-10-01,154,3,83736.27040000001,1,14950.9625,0,0.0,91.0,1.4142135623730951,1.6923076923076923,1,-1.5261621499277371,0.8276183043972782,0.1720413415976549,0.00034035430362324803,0.0
658,2012-10-01,62,1,202.332,1,202.332,1,202.332,,,,0,,0.0,1.0,0.0,0.0
662,2012-10-01,32,4,276086.152,2,216537.3294,1,99262.9841,91.0,1.0,0.3516483516483517,1,1.2909542560935243,0.7943684014980947,0.20558042295435375,5.117569243386028e-05,0.0
664,2012-10-01,32,2,116919.6668,2,116919.6668,1,51197.9881,92.0,,0.3478260869565217,0,,0.7762421595611321,0.17866811437064412,0.03917913406164445,0.005910591681569862
668,2012-10-01,62,4,127286.0791,2,45590.4054,1,39367.0149,91.33333333333331,1.1547005383792526,0.6788321167883212,1,-0.5832940667649034,0.9209503242919831,0.06096464872567514,0.014129264470367366,0.003955762511974493
672,2012-10-01,62,4,117218.1063,2,69752.0119,1,44013.7502,91.33333333333331,1.1547005383792526,0.6788321167883212,1,0.3849238796260739,0.8972320362421689,0.08133730531014388,0.017595709102493834,0.0038349493451934396
684,2012-10-01,32,2,19676.5737,2,19676.5737,1,7536.3114,92.0,,0.3478260869565217,0,,0.8788512809016134,0.09523688059573095,0.02591183809608072,0.0
686,2012-10-01,154,3,43518.504700000005,1,8912.6663,0,0.0,91.0,1.4142135623730951,1.6923076923076923,1,-1.3564656658247325,0.9967138645735684,0.0,0.0032861354264315974,0.0
692,2012-10-01,32,2,74795.75690000001,2,74795.75690000001,1,29731.4902,92.0,,0.3478260869565217,0,,0.7169802462417489,0.2782596053921342,0.004760148366116742,0.0
694,2012-10-01,62,4,36715.6139,2,19193.6401,1,149.031,91.33333333333331,1.1547005383792526,0.6788321167883212,1,0.0911182700551922,0.8767586696950205,0.09821683520863042,0.015127969847182645,0.009896525249166541
698,2012-10-01,124,3,39799.577000000005,1,1308.9375,0,0.0,90.5,0.7071067811865476,1.3701657458563536,1,-3.380461635716598,0.9268546195855296,0.054914282129179405,0.01113024392193917,0.007100854363351649
700,2012-10-01,93,1,1485.8823,1,1485.8823,0,0.0,,,,0,,0.8364402752492576,0.16355972475074237,0.0,0.0
702,2012-10-01,62,1,12931.2387,1,12931.2387,1,12931.2387,,,,0,,0.8355937316353151,0.16440626836468497,0.0,0.0
710,2012-10-01,1,2,25485.5508,2,25485.5508,1,7540.9104,92.0,,0.0108695652173913,0,,0.5290483186260978,0.3839254005842401,0.07910551613426381,0.00792076269350239
716,2012-10-01,62,4,17229.8273,2,11162.4622,1,7200.2181,91.33333333333331,1.1547005383792526,0.6788321167883212,1,0.6095569140445942,0.9017046909112083,0.05758595154346091,0.040709357545330706,0.0
722,2012-10-01,32,1,469.794,1,469.794,1,469.794,,,,0,,1.0,0.0,0.0,0.0
724,2012-10-01,154,3,20243.4648,1,3014.6391,0,0.0,91.0,1.4142135623730951,1.6923076923076923,1,-1.7428301532301091,0.9915955839733522,0.0,0.00840441602664777,0.0
726,2012-10-01,62,3,2307.5795,2,2163.3775,1,1259.7431,137.0,63.63961030678928,0.4525547445255474,1,2.701762193823364,0.37909593147278353,0.5021758080274158,0.07498870569789687,0.043739554801903904
728,2012-10-01,1,5,29335.8122,2,8865.188999999998,1,4610.739,91.25,1.5,0.010958904109589,1,-0.83679463957297,0.9683568536070735,0.02381781677754264,0.007825329615383889,0.0
732,2012-10-01,1,2,9050.6648,2,9050.6648,1,3554.6638,92.0,,0.0108695652173913,0,,0.46716413583232025,0.4193182582565647,0.09790488539582197,0.015612720515292975
734,2012-10-01,62,1,4950.8203,1,4950.8203,1,4950.8203,,,,0,,0.7531187104488523,0.20882731292024476,0.038053976630902965,0.0
738,2012-10-01,1,5,57085.8807,2,12334.7127,1,2709.6518,91.25,1.5,0.010958904109589,1,-1.2886413634839702,0.9777999220742511,0.010919810509291134,0.011280267416457676,0.0
740,2012-10-01,154,3,8952.1417,1,3427.4236,0,0.0,91.0,1.4142135623730951,1.6923076923076923,1,-0.477312648112342,1.0,0.0,0.0,0.0
742,2012-10-01,124,3,7015.4433,1,4007.4786,0,0.0,90.5,0.7071067811865476,1.3701657458563536,1,0.2868157017244179,0.7903780364100442,0.20962196358995588,0.0,0.0
744,2012-10-01,32,2,16886.6921,2,16886.6921,1,6413.6311,92.0,,0.3478260869565217,0,,0.8800213749381977,0.06569836137416162,0.044418130890181866,0.009862132205276604
746,2012-10-01,1,2,30349.579,2,30349.579,1,14495.9644,92.0,,0.0108695652173913,0,,0.805704016520295,0.15590752016691894,0.03572793217329307,0.0026605311394929066
752,2012-10-01,62,4,54607.1878,2,15929.5018,1,12625.0615,91.33333333333331,1.1547005383792526,0.6788321167883212,1,-0.887053075223891,0.9723832317547031,0.024172934977618462,0.0034438323520479845,0.0
754,2012-10-01,154,3,26614.4979,1,8573.7455,0,0.0,91.0,1.4142135623730951,1.6923076923076923,1,-0.743867336295029,0.9987214900642555,0.0,0.0012785099357444576,0.0
762,2012-10-01,32,2,181591.2542,2,181591.2542,1,72337.8288,92.0,,0.3478260869565217,0,,0.8315983339466356,0.1665609555991491,0.0017581072469953789,8.260309708241445e-05
764,2012-10-01,62,4,213812.8863,2,64579.610100000005,1,39972.1321,91.33333333333331,1.1547005383792526,0.6788321167883212,1,-0.8376031821462089,0.8190053478783238,0.16903469395801332,0.006444347783915586,0.005515610534087814
766,2012-10-01,93,1,209.256,1,209.256,0,0.0,,,,0,,0.0,1.0,0.0,0.0
768,2012-10-01,32,2,116298.0489,2,116298.0489,1,44166.0665,92.0,,0.3478260869565217,0,,0.7420326653476643,0.2000503268976166,0.04911104542184628,0.008805962436055968
776,2012-10-01,62,1,784.056,1,784.056,1,784.056,,,,0,,0.599184241941902,0.4008157580580979,0.0,0.0
778,2012-10-01,154,1,722.5949,1,722.5949,0,0.0,,,,0,,0.0,1.0,0.0,0.0
780,2012-10-01,1,5,99147.3479,2,42069.5795,1,20859.9112,91.25,1.5,0.010958904109589,1,-0.3050835434726071,0.7649682306832536,0.22182602727994907,0.008930120863071517,0.004275621173725819
782,2012-10-01,1,2,74603.9277,2,74603.9277,1,34718.3544,92.0,,0.0108695652173913,0,,0.7339189342439942,0.1753626491705476,0.07784179561366444,0.012876620971793687
786,2012-10-01,62,1,146154.5653,1,146154.5653,1,146154.5653,,,,0,,0.7664633899465336,0.20844033310535257,0.02069224039490199,0.004404036224792494
788,2012-10-01,62,4,140340.8875,2,59609.007300000005,1,47871.2182,91.33333333333331,1.1547005383792526,0.6788321167883212,1,-0.3033224620238659,0.8130829557779445,0.1474952614931981,0.03257650793322794,0.006845275223159751
790,2012-10-01,1,5,277295.0671,2,130732.0692,1,51103.1263,91.25,1.5,0.010958904109589,1,-0.114304574107253,0.8303706826380829,0.14160459401839826,0.020967893734305812,0.00705682946496238
792,2012-10-01,32,2,107040.673,2,107040.673,1,43807.0013,92.0,,0.3478260869565217,0,,0.726955331867168,0.21189340990036565,0.055756966793360875,0.00539429082251753
794,2012-10-01,1,5,254735.4738,2,96305.2849,1,44241.9264,91.25,1.5,0.010958904109589,1,-0.4977867791857715,0.8539048612396284,0.10725680798368648,0.029306365276244455,0.009531965312009873
798,2012-10-01,62,1,103299.6849,1,103299.6849,1,103299.6849,,,,0,,0.7439576013459844,0.22072132556911606,0.02862911559568562,0.0066919575666585605
800,2012-10-01,154,3,50935.7917,1,25670.3574,0,0.0,91.0,1.4142135623730951,1.6923076923076923,1,0.015899064963909,0.8812590243885421,0.10268434484743662,0.010904565953767242,0.005152064810254043
802,2012-10-01,62,1,6700.1106,1,6700.1106,1,6700.1106,,,,0,,0.42070410001888625,0.4889196754453576,0.06627333883115302,0.024102885704603144
804,2012-10-01,154,3,178300.5951,1,28786.7176,0,0.0,91.0,1.4142135623730951,1.6923076923076923,1,-1.6474470789750786,0.8863972546550406,0.1130912495759808,0.0005114957689785074,0.0
808,2012-10-01,1,2,155415.4504,2,155415.4504,1,66141.7711,92.0,,0.0108695652173913,0,,0.6353346938535784,0.3127176206027969,0.04291943488135977,0.009028250437062079
812,2012-10-01,62,4,139469.0374,2,80931.5122,1,51710.6749,91.33333333333331,1.1547005383792526,0.6788321167883212,1,0.323930536750769,0.930015183427372,0.052835766542689275,0.012032710136135206,0.005116339893803555
814,2012-10-01,62,4,267701.19550000003,2,160840.8052,1,112722.8945,91.33333333333331,1.1547005383792526,0.6788321167883212,1,0.4088887286163203,0.9002023037285987,0.0994882676943443,0.0003094285770569149,0.0
816,2012-10-01,1,5,386167.9032,2,204812.4596,1,97455.6692,91.25,1.5,0.010958904109589,1,0.1216352153181983,0.8833210496609704,0.10812967482275207,0.006074163027436196,0.0024751124888413565
820,2012-10-01,32,4,49391.227300000006,2,751.569,1,67.539,91.0,1.0,0.3516483516483517,1,-4.168722363905232,0.9576069898550587,0.042393010144941255,0.0,0.0
822,2012-10-01,1,1,1409.382,1,1409.382,1,1409.382,,,,0,,1.0,0.0,0.0,0.0
826,2012-10-01,62,4,8708.697100000001,2,4616.7806,1,324.4527,91.33333333333331,1.1547005383792526,0.6788321167883212,1,0.1206564034411279,0.38532413763707546,0.6146758623629244,0.0,0.0
828,2012-10-01,62,4,316097.4282,2,130041.7343,1,89333.293,91.33333333333331,1.1547005383792526,0.6788321167883212,1,-0.3581883113614488,0.785154919729271,0.19360801888359053,0.016816993780273976,0.004420067597373764
832,2012-10-01,1,5,174065.4227,2,116010.6376,1,46280.8779,91.25,1.5,0.010958904109589,1,0.6922861498416388,0.8375169539056305,0.16223953592823465,0.00024351016613479318,0.0
846,2012-10-01,1,5,25367.1533,2,17048.427900000002,1,10244.7396,91.25,1.5,0.010958904109589,1,0.7174873994336153,0.6264177305224075,0.37199072313723114,0.0,0.0015915463403613362
848,2012-10-01,1,2,70489.6809,2,70489.6809,1,24644.2293,92.0,,0.0108695652173913,0,,0.6981213628958277,0.29605804046135215,0.005820596642820098,0.0
852,2012-10-01,32,4,140402.9765,2,82086.00779999999,1,34681.7052,91.0,1.0,0.3516483516483517,1,0.3418694986114037,0.7084312874235967,0.23588608465148886,0.047710777413611315,0.007971850197919416
862,2012-10-01,62,1,55601.855,1,55601.855,1,55601.855,,,,0,,0.7735339297582787,0.21511695787847365,0.011349112507127683,0.0
864,2012-10-01,62,4,50989.615000000005,2,19004.945,1,202.332,91.33333333333331,1.1547005383792526,0.6788321167883212,1,-0.5205361650398324,0.8552165867500665,0.12002273404103952,0.015259215038199443,0.009501464170694364
872,2012-10-01,62,1,20.52,1,20.52,1,20.52,,,,0,,0.0,1.0,0.0,0.0
874,2012-10-01,32,2,86670.7369,2,86670.7369,1,41679.2782,92.0,,0.3478260869565217,0,,0.651865862928875,0.2635678109712714,0.07210675803080659,0.012459568322881075
878,2012-10-01,62,4,108177.7396,2,42460.6161,1,9146.6459,91.33333333333331,1.1547005383792526,0.6788321167883212,1,-0.4367742225535913,0.8959171124333606,0.10381628550870553,0.00026660198398155476,0.0
882,2012-10-01,154,3,89259.8604,1,14076.1511,0,0.0,91.0,1.4142135623730951,1.6923076923076923,1,-1.6753948828947358,0.8977062941944731,0.10197441335007959,0.00031929245544730876,0.0
886,2012-10-01,62,1,780.8182,1,780.8182,1,780.8182,,,,0,,0.0,1.0,0.0,0.0
892,2012-10-01,1,2,2529.0176,2,2529.0176,1,20.52,92.0,,0.0108695652173913,0,,0.9828731915507427,0.008113822537257153,0.00901298591199998,0.0
896,2012-10-01,154,3,20156.3281,1,3847.1761,0,0.0,91.0,1.4142135623730951,1.6923076923076923,1,-1.444188440235843,0.9983032636286566,0.0,0.001696737611648622,0.0
898,2012-10-01,93,4,7314.5188,1,2180.4192,0,0.0,91.0,1.7320508075688772,1.021978021978022,1,-0.8561235653315578,0.7621900158353548,0.23386708637620837,0.0039428977884368825,0.0
900,2012-10-01,1,5,54467.0945,2,1571.1237,1,314.4612,91.25,1.5,0.010958904109589,1,-3.515918693986171,0.9685635792450797,0.003604543289894048,0.025237549618146053,0.002594327846880101
902,2012-10-01,62,1,91.176,1,91.176,1,91.176,,,,0,,0.0,0.0,1.0,0.0
908,2012-10-01,32,4,24703.6388,2,9346.7985,1,2960.1511,91.0,1.0,0.3516483516483517,1,-0.4964852513335316,0.8505901365429615,0.092400363301944,0.05026803079714718,0.006741467981631921
912,2012-10-01,62,1,91.176,1,91.176,1,91.176,,,,0,,0.0,0.0,1.0,0.0
914,2012-10-01,93,4,5958.6359,1,469.794,0,0.0,91.0,1.7320508075688772,1.021978021978022,1,-2.456234105234872,1.0,0.0,0.0,0.0
916,2012-10-01,1,2,2391.4815,2,2391.4815,1,20.1865,92.0,,0.0108695652173913,0,,0.0,0.9794993605428267,0.012059637509217612,0.008441001947955691
926,2012-10-01,154,3,75270.8439,1,3894.2405,0,0.0,91.0,1.4142135623730951,1.6923076923076923,1,-2.9082287190226968,0.9974367196512859,0.0,0.002563280680848059,0.0
928,2012-10-01,62,1,37479.6554,1,37479.6554,1,37479.6554,,,,0,,0.8466177173016376,0.1333769867051659,0.02000529465913926,0.0
930,2012-10-01,32,2,4952.2748,2,4952.2748,1,2024.5486,92.0,,0.3478260869565217,0,,0.49922728439867675,0.4922136792570558,0.008559036344267487,0.0
932,2012-10-01,32,2,197316.2835,2,197316.2835,1,99514.5024,92.0,,0.3478260869565217,0,,0.8995811042629942,0.10041889573700591,0.0,0.0
938,2012-10-01,62,1,65.6018,1,65.6018,1,65.6018,,,,0,,0.0,1.0,0.0,0.0
944,2012-10-01,32,2,17277.7995,2,17277.7995,1,9304.4953,92.0,,0.3478260869565217,0,,0.6525747679847772,0.3412492314197766,0.0050076515820200364,0.0011683490134261599
948,2012-10-01,1,2,21461.7328,2,21461.7328,1,3259.0306,92.0,,0.0108695652173913,0,,0.8636597041223064,0.051448781432969846,0.07642628464743535,0.008465229797288316
950,2012-10-01,62,1,5717.1308,1,5717.1308,1,5717.1308,,,,0,,0.73955733180007,0.26044266819992995,0.0,0.0
952,2012-10-01,32,2,300.2438,2,300.2438,1,269.964,92.0,,0.3478260869565217,0,,0.0,0.0,0.8991492913425688,0.10085064204489817
954,2012-10-01,32,2,110944.5756,2,110944.5756,1,48434.2657,92.0,,0.3478260869565217,0,,0.780297212737276,0.152423196975121,0.05855738824422526,0.008722202061404795
958,2012-10-01,1,2,17956.1581,2,17956.1581,1,10151.684,92.0,,0.0108695652173913,0,,0.4452378652201776,0.5539752793778309,0.0007868554019915874,0.0
960,2012-10-01,1,3,1977.9065,1,202.332,1,202.332,182.5,2.1213203435596424,0.0054794520547945,1,-2.167602239872859,0.42414431622526144,0.5758556837747385,0.0,0.0
962,2012-10-01,1,2,3124.7266,2,3124.7266,1,2143.8403,92.0,,0.0108695652173913,0,,0.2073762229309918,0.6676377702932474,0.1249860067757608,0.0
964,2012-10-01,1,5,123165.9507,2,2479.4378,1,2458.9178,91.25,1.5,0.010958904109589,1,-3.884769590221381,0.8956095347218392,0.1039739540613151,0.00041651121684558234,0.0
966,2012-10-01,62,4,2284.8458,2,571.134,1,214.236,91.33333333333331,1.1547005383792526,0.6788321167883212,1,-1.0976270691532584,0.7500338972546856,0.24996610274531436,0.0,0.0
970,2012-10-01,1,5,133271.7067,2,88528.6154,1,31147.1853,91.25,1.5,0.010958904109589,1,0.6823777353091955,0.8678201986588651,0.13217980122107945,0.0,0.0
976,2012-10-01,1,2,80593.3108,2,80593.3108,1,34271.4228,92.0,,0.0108695652173913,0,,0.6985456589531249,0.29619966177143325,0.005254679275441802,0.0
978,2012-10-01,62,1,103226.8852,1,103226.8852,1,103226.8852,,,,0,,0.638350011940494,0.2814961709607024,0.06905556124442666,0.011098255796252583
982,2012-10-01,32,2,61153.7798,2,61153.7798,1,18715.3153,92.0,,0.3478260869565217,0,,0.7472371300260986,0.14735525309263062,0.08920765216543491,0.016199964764892587
986,2012-10-01,1,2,28359.5083,2,28359.5083,1,11547.357,92.0,,0.0108695652173913,0,,0.8722471362453064,0.06675561790329065,0.05601459571144962,0.004982649857860899
988,2012-10-01,1,2,16094.6428,2,16094.6428,1,7573.9797,92.0,,0.0108695652173913,0,,0.8567107745938917,0.14328922540610844,0.0,0.0
992,2012-10-01,93,1,164.4279,1,164.4279,0,0.0,,,,0,,1.0,0.0,0.0,0.0
998,2012-10-01,62,4,42407.4011,2,22015.8207,1,16422.5436,91.33333333333331,1.1547005383792526,0.6788321167883212,1,0.0766356096799487,0.9603696075117416,0.029867062520839077,0.009763328599733502,0.0
1002,2012-10-01,32,2,9123.7378,2,9123.7378,1,3604.1268,92.0,,0.3478260869565217,0,,0.7234541198674078,0.12724784791601526,0.13436347063809745,0.014934560044020552
1012,2012-10-01,154,3,11250.2604,1,2555.9668,0,0.0,91.0,1.4142135623730951,1.6923076923076923,1,-1.2239602015094873,0.9853382949251557,0.0,0.014661705074844314,0.0
1014,2012-10-01,62,1,28923.1085,1,28923.1085,1,28923.1085,,,,0,,0.8972951818093827,0.0602662919167212,0.037552969107729206,0.004885557166166977
1016,2012-10-01,62,4,77712.1627,2,10528.7015,1,7619.5865,91.33333333333331,1.1547005383792526,0.6788321167883212,1,-1.8532420104822367,0.9768952431303266,0.006841136336050007,0.014964820944302454,0.0012987992676209486
1018,2012-10-01,32,4,106822.0343,2,9063.255,1,1692.4137,91.0,1.0,0.3516483516483517,1,-2.3781745812467143,0.9716364781867854,0.010746303489934567,0.01577472766777294,0.0018424903746660814
1026,2012-10-01,62,1,17147.1425,1,17147.1425,1,17147.1425,,,,0,,0.7397406302536996,0.2590821182013271,0.0,0.0011772515449731636
1028,2012-10-01,1,2,11922.3433,2,11922.3433,1,4162.9556,92.0,,0.0108695652173913,0,,0.8294714009786985,0.057070576050263534,0.09821953306779885,0.015238489232230043
1032,2012-10-01,1,5,315018.353,2,149567.4955,1,72224.6384,91.25,1.5,0.010958904109589,1,-0.1009258094760667,0.9044054715250193,0.08876851629022388,0.005608484738030485,0.0012175274752960186
1034,2012-10-01,1,2,2103.1842,2,2103.1842,1,1308.9375,92.0,,0.0108695652173913,0,,0.8457326276985153,0.15426737230148457,0.0,0.0
1040,2012-10-01,62,1,26509.1108,1,26509.1108,1,26509.1108,,,,0,,0.8030240606938804,0.17870401371591838,0.01827192559020124,0.0
1044,2012-10-01,32,3,51606.6964,1,65.6018,1,65.6018,136.5,65.76093065034893,0.2344322344322344,1,-6.65142251945181,0.978566605166379,0.015320488524818652,0.00415710392188561,0.0019558023869165942
1046,2012-10-01,32,4,161563.0448,2,70270.293,1,33129.1617,91.0,1.0,0.3516483516483517,1,-0.2617189838433518,0.8910074966599044,0.08227963094193927,0.02253856782352495,0.0041743041599324945
1048,2012-10-01,32,1,383.052,1,383.052,1,383.052,,,,0,,0.0,0.9404937188684565,0.0595062811315435,0.0
1050,2012-10-01,32,4,236445.5584,2,181579.4001,1,82582.8222,91.0,1.0,0.3516483516483517,1,1.1967835713326416,0.9292606859981515,0.06900585069311245,0.0009196294549637858,0.0008138338114792009
1052,2012-10-01,1,2,79068.9464,2,79068.9464,1,40041.8772,92.0,,0.0108695652173913,0,,0.8456235784621507,0.1362129216382223,0.01790819707950478,0.00025530250394230624
1056,2012-10-01,1,3,3886.3961,1,1720.802,1,1720.802,182.5,2.1213203435596424,0.0054794520547945,1,-0.2297849785487713,0.0,0.9809381241402543,0.019061875859745746,0.0
1062,2012-10-01,62,1,469.794,1,469.794,1,469.794,,,,0,,1.0,0.0,0.0,0.0
1064,2012-10-01,62,1,4709.2037,1,4709.2037,1,4709.2037,,,,0,,0.0,1.0,0.0,0.0
1066,2012-10-01,62,4,143546.2446,2,56964.90030000001,1,34385.2153,91.33333333333331,1.1547005383792526,0.6788321167883212,1,-0.4186430698728305,0.9031698950834134,0.08545094045602081,0.009129129979343256,0.002250034481222506
1068,2012-10-01,1,2,1336.361,2,1336.361,1,20.1865,92.0,,0.0108695652173913,0,,0.9697888519644018,0.0,0.0,0.03021114803559816
1070,2012-10-01,1,2,124044.2903,2,124044.2903,1,64525.5304,92.0,,0.0108695652173913,0,,0.8400256436470579,0.12488214139107377,0.03008730114037341,0.005004913958542758
1074,2012-10-01,62,1,379.467,1,379.467,1,379.467,,,,0,,0.0,1.0,0.0,0.0
1082,2012-10-01,62,2,1694.8719,1,1674.6854,1,1674.6854,184.0,,0.3369565217391304,1,4.370613368205264,0.0,0.988089660345422,0.0,0.011910339654578023
1086,2012-10-01,32,4,143968.2791,2,97968.2837,1,47948.7516,91.0,1.0,0.3516483516483517,1,0.7559909625225512,0.9201016198018859,0.05510978216589658,0.02103748474965274,0.0037511133937003483
1090,2012-10-01,1,5,78882.3891,2,6508.4235,1,2526.5694,91.25,1.5,0.010958904109589,1,-2.408609564359232,0.8914387178468457,0.10812626236747691,0.00017911348985752258,0.0002559062958198359
1092,2012-10-01,62,1,780.8182,1,780.8182,1,780.8182,,,,0,,0.0,1.0,0.0,0.0
1096,2012-10-01,32,2,1633.3902,2,1633.3902,1,1308.9375,92.0,,0.3478260869565217,0,,0.8013624056272652,0.19863759437273468,0.0,0.0
1102,2012-10-01,1,2,6591.812400000001,2,6591.812400000001,1,2449.1909,92.0,,0.0108695652173913,0,,0.0,1.0,0.0,0.0
1108,2012-10-01,1,5,194317.7501,2,103919.6124,1,49789.1608,91.25,1.5,0.010958904109589,1,0.1393925367037685,0.8590163354304914,0.12201908877494769,0.015979081676285832,0.0029854941182750963
1112,2012-10-01,93,1,196.329,1,196.329,0,0.0,,,,0,,0.0,1.0,0.0,0.0
1114,2012-10-01,62,1,15445.5784,1,15445.5784,1,15445.5784,,,,0,,0.8825303104220429,0.02709811113321596,0.06553964984568011,0.024831928599061075
1116,2012-10-01,1,2,1696.1436,2,1696.1436,1,67.539,92.0,,0.0108695652173913,0,,0.2769777275933476,0.7230222724066523,0.0,0.0
1118,2012-10-01,124,2,2790.7539,1,2371.295,0,0.0,181.0,,0.6850828729281768,1,1.7302663861555834,0.15030307760207734,0.8393626539409297,0.010334268456992928,0.0
1120,2012-10-01,154,2,5146.3219,1,3887.9452,0,0.0,92.0,,1.673913043478261,1,1.12752104802043,0.9989921928513644,0.0,0.0010078071486356109,0.0
1128,2012-10-01,32,1,183.9382,1,183.9382,1,183.9382,,,,0,,0.0,1.0,0.0,0.0
1132,2012-10-01,62,1,2779.8855,1,2779.8855,1,2779.8855,,,,0,,0.0,0.8136343025639006,0.11374939723236803,0.07261630020373142
1134,2012-10-01,1,5,27953.0033,2,15923.3552,1,5887.3122,91.25,1.5,0.010958904109589,1,0.280392308657909,0.8068069666059818,0.13591847213068514,0.04933081734369488,0.007943743919638145
1136,2012-10-01,93,4,35911.356499999994,1,53.994,0,0.0,91.0,1.7320508075688772,1.021978021978022,1,-6.480107994051836,0.9951396405758164,0.0,0.004860359424183824,0.0
1138,2012-10-01,32,2,126.89419999999998,2,126.89419999999998,1,40.373,92.0,,0.3478260869565217,0,,0.0,0.0,0.6818373101371064,0.3181626898628937
1142,2012-10-01,1,2,11207.0267,2,11207.0267,1,7980.9201,92.0,,0.0108695652173913,0,,0.7762953397799972,0.08119477398942933,0.11909381816677567,0.023416068063797868
1148,2012-10-01,154,3,5944.177000000001,1,1677.8356,0,0.0,91.0,1.4142135623730951,1.6923076923076923,1,-0.9328905525040244,1.0,0.0,0.0,0.0
1150,2012-10-01,62,1,6066.4671,1,6066.4671,1,6066.4671,,,,0,,0.309764475603931,0.5713623337708368,0.09558030900719794,0.023292881618034326
1154,2012-10-01,32,2,3125.8692,2,3125.8692,1,648.9054,92.0,,0.3478260869565217,0,,0.0,0.956969024807564,0.03919396243451261,0.00383701275792346
1156,2012-10-01,1,2,14005.7944,2,14005.7944,1,3920.3085,92.0,,0.0108695652173913,0,,0.8835590503884593,0.0838915641943166,0.03254938541722417,0.0
1162,2012-10-01,32,2,10192.1017,2,10192.1017,1,5360.1565,92.0,,0.3478260869565217,0,,0.8470282532600711,0.10494557761330031,0.042084352435376504,0.0059418127666445875
1164,2012-10-01,1,5,120380.3175,2,36670.2046,1,14288.7081,91.25,1.5,0.010958904109589,1,-0.8253799080068855,0.9692819276706094,0.013154957827719634,0.016724667568682895,0.000838446866531981
1168,2012-10-01,62,1,684.03,1,684.03,1,684.03,,,,0,,0.6868032103855094,0.3131967896144906,0.0,0.0
1170,2012-10-01,62,4,83773.8907,2,25586.9584,1,1308.9375,91.33333333333331,1.1547005383792526,0.6788321167883212,1,-0.8215561186159146,0.9714074292123095,0.028351606689791715,0.0,0.0002409640978988218
1174,2012-10-01,1,5,278206.0667,2,105200.1544,1,47836.8929,91.25,1.5,0.010958904109589,1,-0.4974572755634767,0.9204319554833058,0.07515928767487226,0.0025947687214830963,0.0018139881203388581
1182,2012-10-01,1,5,185231.1459,2,97332.5293,1,49578.7581,91.25,1.5,0.010958904109589,1,0.1019480840474358,0.9187523317049241,0.07589241070499689,0.004156477012865038,0.0011987805772139318
1184,2012-10-01,32,4,162388.4724,2,108947.9346,1,47238.6521,91.0,1.0,0.3516483516483517,1,0.7122909775332342,0.8816874158858089,0.09669312031781882,0.017255049934197176,0.004364413923755835
1186,2012-10-01,32,4,4404.8702,2,142.6325,1,70.6445,91.0,1.0,0.3516483516483517,1,-3.390526219939323,0.5826325824538484,0.37582124440352405,0.03238063632385808,0.009165536818769368
1188,2012-10-01,62,1,32887.0262,1,32887.0262,1,32887.0262,,,,0,,0.765919379478586,0.1569933830015923,0.06907629580688569,0.008010940192579651
1192,2012-10-01,1,5,89956.1801,2,1022.1162,1,642.6492,91.25,1.5,0.010958904109589,1,-4.465053416322759,0.9749650652406927,0.024243137020443582,0.000791797738863747,0.0
1200,2012-10-01,1,2,99256.782,2,99256.782,1,47151.2741,92.0,,0.0108695652173913,0,,0.8247916540352879,0.14184378353108404,0.026596128413673537,0.006768434221451991
1202,2012-10-01,1,2,83775.1798,2,83775.1798,1,42754.9923,92.0,,0.0108695652173913,0,,0.8561875363471319,0.13724136584902918,0.0063301374138023635,0.0002409603900366681
1204,2012-10-01,62,4,10029.99,2,4758.139999999999,1,3613.6431,91.33333333333331,1.1547005383792526,0.6788321167883212,1,-0.1025040336880174,0.5636068331075106,0.42747990775663774,0.0028754166255400056,0.006037842510311576
1214,2012-10-01,1,5,249917.7472,2,72009.8933,1,39124.5205,91.25,1.5,0.010958904109589,1,-0.90445395899936,0.9490168555744728,0.04228472974967661,0.00690620695143654,0.0017922076563916785
1216,2012-10-01,62,1,469.794,1,469.794,1,469.794,,,,0,,1.0,0.0,0.0,0.0
1218,2012-10-01,62,1,3147.5673,1,3147.5673,1,3147.5673,,,,0,,0.0,1.0,0.0,0.0
1220,2012-10-01,1,2,75117.57990000001,2,75117.57990000001,1,36513.5572,92.0,,0.0108695652173913,0,,0.8235671660662751,0.12267579323332273,0.044446350261079154,0.009310690000011567
1234,2012-10-01,32,2,66365.9596,2,66365.9596,1,29157.5473,92.0,,0.3478260869565217,0,,0.8090403397105403,0.11941231088595605,0.0637609362164636,0.007786413292515701
1236,2012-10-01,1,2,71528.1057,2,71528.1057,1,38319.8765,92.0,,0.0108695652173913,0,,0.8414385675531738,0.10365048014965117,0.04743279333063618,0.00747815833741561
1242,2012-10-01,1,2,116789.4821,2,116789.4821,1,60818.3513,92.0,,0.0108695652173913,0,,0.7746845552627039,0.1821447224313019,0.037229635150509845,0.0059410872239838465
1244,2012-10-01,154,2,1433.0819,1,955.2013,0,0.0,182.0,,0.8461538461538461,1,0.6915171587121982,0.2926970887009319,0.6268039530748383,0.0804989582242299,0.0
1246,2012-10-01,62,3,5724.6466,2,1674.6586,1,245.25,137.0,63.63961030678928,0.4525547445255474,1,-0.8827545199582527,0.7074651560150456,0.2862472942871268,0.006287549697827635,0.0
1254,2012-10-01,1,2,102676.4816,2,102676.4816,1,44297.9357,92.0,,0.0108695652173913,0,,0.8871318035112726,0.07846407253596425,0.028339560867851166,0.00606456308491194
1256,2012-10-01,32,2,1575.5911999999998,2,1575.5911999999998,1,51.0518,92.0,,0.3478260869565217,0,,0.0,0.9447535629800421,0.055246437019957975,0.0
1258,2012-10-01,154,3,179421.5853,1,58977.1342,0,0.0,91.0,1.4142135623730951,1.6923076923076923,1,-0.7140301940353808,0.9733555241304624,0.023278921502205677,0.001677922973964493,0.0016876313933672506
1266,2012-10-01,1,2,163447.5321,2,163447.5321,1,79066.7942,92.0,,0.0108695652173913,0,,0.8674478652467827,0.11152373159631204,0.017657535497288795,0.003370867659616379
1270,2012-10-01,1,5,141421.4671,2,1133.6577,1,209.256,91.25,1.5,0.010958904109589,1,-4.817372202444452,0.9340138573629603,0.05945609512065372,0.004817167534531962,0.0017128799818539005
1274,2012-10-01,62,1,635.025,1,635.025,1,635.025,,,,0,,0.7398039447265856,0.26019605527341444,0.0,0.0
1278,2012-10-01,62,1,37284.7428,1,37284.7428,1,37284.7428,,,,0,,0.7485502997757034,0.1913421808558111,0.05194282514937987,0.00816469357541069
1280,2012-10-01,1,4,1893.9202,2,687.126,1,217.332,121.66666666666669,51.3841739578767,0.0082191780821917,1,-0.5625790390424843,0.6910068333396518,0.30107308639508673,0.0,0.00792008026526144
1290,2012-10-01,1,2,76269.0082,2,76269.0082,1,35291.1994,92.0,,0.0108695652173913,0,,0.8742205670900542,0.11331658040362455,0.01129364191732075,0.0011692101694328837
1294,2012-10-01,32,2,92325.0186,2,92325.0186,1,35142.7647,92.0,,0.3478260869565217,0,,0.619785486834443,0.30543175758428714,0.06141893872307328,0.013363817248123468
1296,2012-10-01,62,4,135549.8779,2,62661.6938,1,49342.2867,91.33333333333331,1.1547005383792526,0.6788321167883212,1,-0.1511739864084393,0.8230491871582868,0.16648610939102884,0.007039473696198733,0.0034252299389197754
1308,2012-10-01,154,2,2711.9676,1,419.4589,0,0.0,182.0,,0.8461538461538461,1,-1.6964913735077245,0.30933916762132413,0.6906608323786759,0.0,0.0
1310,2012-10-01,93,4,127876.8995,1,2485.7036,0,0.0,91.0,1.7320508075688772,1.021978021978022,1,-3.9204884146257353,0.8772528896041931,0.12252423980611134,0.00022287058969552197,0.0
1312,2012-10-01,1,5,101051.5637,2,51161.1463,1,23268.741,91.25,1.5,0.010958904109589,1,0.0251509365555886,0.9002444056192275,0.09878526006421412,0.000570805615351403,0.00039952870120702546
1316,2012-10-01,1,2,85689.2397,2,85689.2397,1,39668.0599,92.0,,0.0108695652173913,0,,0.8300220173385433,0.09229246668178805,0.06474491074285958,0.012940604863366525
1320,2012-10-01,1,2,2479.4378,2,2479.4378,1,20.52,92.0,,0.0108695652173913,0,,0.9917239303200105,0.008276069679989551,0.0,0.0
1322,2012-10-01,62,4,125560.1694,2,63342.3166,1,50212.8485,91.33333333333331,1.1547005383792526,0.6788321167883212,1,0.0179113480981438,0.7354008567465344,0.2212943125099033,0.034618439277129556,0.008686391307146485
1324,2012-10-01,62,1,817.503,1,817.503,1,817.503,,,,0,,0.0,1.0,0.0,0.0
1326,2012-10-01,93,1,324.4527,1,324.4527,0,0.0,,,,0,,0.0,1.0,0.0,0.0
1328,2012-10-01,1,2,76796.5063,2,76796.5063,1,36396.9284,92.0,,0.0108695652173913,0,,0.6111891746304611,0.29470013143032786,0.07796780488437402,0.01614288930224421
1330,2012-10-01,62,1,62505.2769,1,62505.2769,1,62505.2769,,,,0,,0.673786531261651,0.27201379216672184,0.0438075689574299,0.01039210806215947
1332,2012-10-01,1,5,180981.6719,2,86799.9705,1,38499.6136,91.25,1.5,0.010958904109589,1,-0.0816187252969395,0.7868716616712834,0.21081274860297056,0.002315589725746146,0.0
1334,2012-10-01,62,1,56590.5553,1,56590.5553,1,56590.5553,,,,0,,0.7693400262499279,0.22663209314717575,0.004027880602896293,0.0
1336,2012-10-01,62,1,129261.254,1,129261.254,1,129261.254,,,,0,,0.7419268956960606,0.20505640151069554,0.043672087956070735,0.009344615193041528
1338,2012-10-01,124,3,72502.2876,1,209.256,0,0.0,90.5,0.7071067811865476,1.3701657458563536,1,-5.840171018354002,0.869349314158744,0.12986450375118921,0.0007861820900669071,0.0
1340,2012-10-01,62,1,602.7,1,602.7,1,602.7,,,,0,,0.0,1.0,0.0,0.0
1344,2012-10-01,1,5,52615.721,2,794.2466999999999,1,469.794,91.25,1.5,0.010958904109589,1,-4.176926819967792,0.9112471517780779,0.08820471546897553,0.0005481327529465956,0.0
1346,2012-10-01,62,1,2685.8932,1,2685.8932,1,2685.8932,,,,0,,0.524734937338536,0.47526506266146396,0.0,0.0
1350,2012-10-01,1,5,96707.7414,2,45397.0595,1,18768.9736,91.25,1.5,0.010958904109589,1,-0.1224490817589156,0.7121794191752264,0.2871497462146293,0.00025336027545774114,0.0004174743346865094
1356,2012-10-01,62,4,200722.1369,2,111451.7486,1,65150.7457,91.33333333333331,1.1547005383792526,0.6788321167883212,1,0.2219196849406781,0.7746975304994373,0.19733711194861236,0.02163814867198138,0.006327209442936136
1358,2012-10-01,154,3,120527.0767,1,48748.8054,0,0.0,91.0,1.4142135623730951,1.6923076923076923,1,-0.3868945281740306,0.9185450624971474,0.06319253240462938,0.010558086787149297,0.007704318609761818
1362,2012-10-01,1,4,6360.1648,2,216.102,1,35.994,121.66666666666669,51.3841739578767,0.0082191780821917,1,-3.343036952452365,0.9551610989702657,0.013982656550031536,0.030856244479702793,0.0
1364,2012-10-01,62,4,23563.2394,2,5895.6967,1,231.1724,91.33333333333331,1.1547005383792526,0.6788321167883212,1,-1.0973934970485804,0.9856369663671967,0.008586765026883358,0.005776268605920118,0.0
1368,2012-10-01,62,1,2443.283,1,2443.283,1,2443.283,,,,0,,0.0,0.9587324104493831,0.04126758955061694,0.0
1372,2012-10-01,32,4,19806.1548,2,13406.6427,1,7719.321,91.0,1.0,0.3516483516483517,1,0.739446892325418,0.9647223296467419,0.03527767035325807,0.0,0.0
1376,2012-10-01,62,1,11476.4056,1,11476.4056,1,11476.4056,,,,0,,0.4502920322021383,0.5429229775566663,0.005026033586683273,0.001758956654512106
1378,2012-10-01,62,1,10719.3352,1,10719.3352,1,10719.3352,,,,0,,0.9238106202705557,0.06130431484221148,0.014885064887232933,0.0
1386,2012-10-01,62,1,1116.925,1,1116.925,1,1116.925,,,,0,,0.0,0.7760458401414598,0.2239541598585402,0.0
1388,2012-10-01,32,2,24361.1395,2,24361.1395,1,9845.1474,92.0,,0.3478260869565217,0,,0.6691744366063007,0.3283987393118454,0.0011838690878971402,0.001242954172977007
1392,2012-10-01,62,4,11711.4349,2,10028.4128,1,3934.0566,91.33333333333331,1.1547005383792526,0.6788321167883212,1,1.7843370166436945,0.8976294612712231,0.04294558303867616,0.04735935474482294,0.012065600945277848
1394,2012-10-01,1,2,6002.4238,2,6002.4238,1,654.82,92.0,,0.0108695652173913,0,,0.6167124687197196,0.08160828297395463,0.2545964348601977,0.04708281344612821
1398,2012-10-01,1,2,31670.5096,2,31670.5096,1,11173.6908,92.0,,0.0108695652173913,0,,0.9354933051029909,0.0501602127677794,0.014346482129229775,0.0
1400,2012-10-01,1,2,15947.003,2,15947.003,1,8724.1741,92.0,,0.0108695652173913,0,,0.927678103528293,0.05945766110409586,0.01286423536761108,0.0
1406,2012-10-01,1,5,16252.6992,2,13016.5288,1,8206.4946,91.25,1.5,0.010958904109589,1,1.3915972035656772,0.7503844899805936,0.24961551001940652,0.0,0.0
1408,2012-10-01,1,1,1141.92,1,1141.92,1,1141.92,,,,0,,0.8228142076502731,0.17718579234972676,0.0,0.0
1410,2012-10-01,1,2,1790.4627,2,1790.4627,1,1466.01,92.0,,0.0108695652173913,0,,0.818788350072861,0.18121164992713895,0.0,0.0
1412,2012-10-01,1,1,67.549,1,67.549,1,67.549,,,,0,,0.0,1.0,0.0,0.0
1414,2012-10-01,32,4,158902.09269999998,2,102625.7654,1,43386.8027,91.0,1.0,0.3516483516483517,1,0.6008070282811708,0.8046625927161248,0.14546924780682893,0.04044402065322832,0.009424138691661171
1416,2012-10-01,1,2,1123.5262,2,1123.5262,1,939.588,92.0,,0.0108695652173913,0,,0.8362849037254315,0.1637150962745684,0.0,0.0
1418,2012-10-01,32,4,267647.0711,2,193981.1472,1,73798.9622,91.0,1.0,0.3516483516483517,1,0.9682122253877736,0.7994244510303554,0.19998615968415132,0.00058938922571307,0.0
1422,2012-10-01,1,2,84998.51310000001,2,84998.51310000001,1,36304.538,92.0,,0.0108695652173913,0,,0.6001032387471258,0.3162909410941213,0.07130540577656293,0.012300414417484673
1424,2012-10-01,1,2,163005.7536,2,163005.7536,1,87654.2364,92.0,,0.0108695652173913,0,,0.6859392145038983,0.2667275216351627,0.04030481187260374,0.007028451859505407
1426,2012-10-01,62,1,140078.3959,1,140078.3959,1,140078.3959,,,,0,,0.8102782378735106,0.15950405168795911,0.024791879987540604,0.005425830208268398
1428,2012-10-01,32,2,794.2466999999999,2,794.2466999999999,1,324.4527,92.0,,0.3478260869565217,0,,0.5914963197203086,0.4085036802796915,0.0,0.0
1430,2012-10-01,32,2,161853.6496,2,161853.6496,1,60516.8114,92.0,,0.3478260869565217,0,,0.7140486166707976,0.2800810806678282,0.005870302599589944,0.0
1444,2012-10-01,62,1,4493.5622,1,4493.5622,1,4493.5622,,,,0,,0.4181929427837896,0.46489397654270814,0.07648223941353254,0.04043084125996965
1450,2012-10-01,1,2,32359.7808,2,32359.7808,1,15617.7534,92.0,,0.0108695652173913,0,,0.7846890514165659,0.21085473792826187,0.0044562106551723,0.0
1456,2012-10-01,1,5,32917.0623,2,14558.1666,1,5637.528,91.25,1.5,0.010958904109589,1,-0.2319479022289865,0.8131066179620774,0.17976270622424287,0.006517422425026064,0.0006132533886537014
1458,2012-10-01,1,5,9802.4214,2,4661.286,1,2014.254,91.25,1.5,0.010958904109589,1,-0.0979625548702252,0.9558129586226523,0.04418704137734785,0.0,0.0
1460,2012-10-01,154,3,15007.2845,1,5529.9046,0,0.0,91.0,1.4142135623730951,1.6923076923076923,1,-0.5386620224113852,0.9973870422727042,0.0,0.002612957727295701,0.0
1466,2012-10-01,1,1,1229.4589,1,1229.4589,1,1229.4589,,,,0,,1.0,0.0,0.0,0.0
1468,2012-10-01,1,2,12829.3087,2,12829.3087,1,3025.7355,92.0,,0.0108695652173913,0,,0.7718760169828948,0.10202490489608378,0.10879093586702768,0.01730814225399378
1470,2012-10-01,32,2,1261.4082,2,1261.4082,1,113.97,92.0,,0.3478260869565217,0,,0.0,0.26698098204847565,0.6730071201376366,0.06001185817564845
1472,2012-10-01,62,1,9680.119,1,9680.119,1,9680.119,,,,0,,0.8932112301511995,0.09292979766054528,0.011773615592948804,0.0020853565953063177
1478,2012-10-01,1,5,13932.3875,2,7880.5819,1,2818.764,91.25,1.5,0.010958904109589,1,0.2640067323655746,0.8744098812927791,0.08492520754249765,0.034869350281852264,0.005795560882870936
1480,2012-10-01,1,2,5904.5399,2,5904.5399,1,242.2492,92.0,,0.0108695652173913,0,,0.0,0.8667379485402411,0.09907395155378661,0.03418809990597235
1486,2012-10-01,1,2,29218.7076,2,29218.7076,1,14563.614,92.0,,0.0108695652173913,0,,0.9229078838517827,0.07709211614821732,0.0,0.0
1796,2012-10-01,1,2,7412.801299999999,2,7412.801299999999,1,3048.5294,92.0,,0.0108695652173913,0,,0.6670381681483896,0.14581619771731913,0.1653600778426369,0.02178555629165455
1798,2012-10-01,62,1,19717.9571,1,19717.9571,1,19717.9571,,,,0,,0.8797236707650611,0.09831228915697357,0.021964040077965277,0.0
1802,2012-10-01,1,2,18484.3118,2,18484.3118,1,3923.9585,92.0,,0.0108695652173913,0,,0.28846959290093777,0.6585624789125231,0.04204704553836838,0.010920882648170866
1816,2012-10-01,62,1,8057.6592,1,8057.6592,1,8057.6592,,,,0,,0.7695617233352336,0.13163370076510558,0.0737520147290419,0.02505256117061888
1822,2012-10-01,32,2,10981.9439,2,10981.9439,1,5033.644,92.0,,0.3478260869565217,0,,0.5989027133893845,0.2989351001874996,0.09526909894340291,0.006893082926784938
1826,2012-10-01,32,2,2418.8216,2,2418.8216,1,40.373,92.0,,0.3478260869565217,0,,0.0,0.9684280146993891,0.014880799807641868,0.016691185492968972
1828,2012-10-01,1,5,6611.0632000000005,2,929.8492,1,780.8182,91.25,1.5,0.010958904109589,1,-1.808998936711716,0.8323371042648632,0.16766289573513682,0.0,0.0
1830,2012-10-01,62,1,72301.9511,1,72301.9511,1,72301.9511,,,,0,,0.7998945404669722,0.20010545884148345,0.0,0.0
1832,2012-10-01,1,2,85925.97869999999,2,85925.97869999999,1,32755.9308,92.0,,0.0108695652173913,0,,0.6267373233887881,0.2891489881860374,0.07207296975483853,0.012040718251370933
1834,2012-10-01,1,2,92038.2161,2,92038.2161,1,43496.3848,92.0,,0.0108695652173913,0,,0.6363751198345965,0.2876187677435873,0.0631598117208619,0.01284630078787457
1836,2012-10-01,62,1,48267.602,1,48267.602,1,48267.602,,,,0,,0.8012230501942068,0.18389980301901057,0.014040705979136897,0.0008364409733883195
1838,2012-10-01,1,1,14.1289,1,14.1289,1,14.1289,,,,0,,0.0,0.0,1.0,0.0
1840,2012-10-01,32,2,159424.5312,2,159424.5312,1,66707.6253,92.0,,0.3478260869565217,0,,0.6400952885474126,0.3135339813625872,0.03909650095932037,0.007274229563486401
1842,2012-10-01,62,1,74487.755,1,74487.755,1,74487.755,,,,0,,0.8241680729940108,0.1758319270059891,0.0,0.0
1844,2012-10-01,62,1,101725.1038,1,101725.1038,1,101725.1038,,,,0,,0.7775214352152865,0.2154357915435226,0.007042773024921701,0.0
1858,2012-10-01,1,2,79507.88029999999,2,79507.88029999999,1,40134.6567,92.0,,0.0108695652173913,0,,0.7049035100486764,0.289882028209473,0.005025801197217932,0.00018866054463283183
1862,2012-10-01,32,2,1777.2584000000002,2,1777.2584000000002,1,1409.382,92.0,,0.3478260869565217,0,,0.7930090525947155,0.20699094740528443,0.0,0.0
1864,2012-10-01,1,4,10797.2585,2,672.2885,1,647.994,121.66666666666669,51.3841739578767,0.0082191780821917,1,-2.7106847745032105,0.9977499380977125,0.002250061902287511,0.0,0.0
1868,2012-10-01,1,2,90424.2938,2,90424.2938,1,35564.8016,92.0,,0.0108695652173913,0,,0.6860291918586153,0.3069926812079787,0.006978126667990632,0.0
1876,2012-10-01,62,2,1740.2172,2,1740.2172,1,1561.6364,92.0,,0.6739130434782609,0,,0.0,1.0,0.0,0.0
1878,2012-10-01,32,2,77937.3125,2,77937.3125,1,41365.4632,92.0,,0.3478260869565217,0,,0.8570482373253505,0.1235991040876602,0.019352658279049587,0.0
1882,2012-10-01,32,4,133094.0588,2,73105.3276,1,30842.6667,91.0,1.0,0.3516483516483517,1,0.1977415229768979,0.9075904310764021,0.08072775371698258,0.011681814770833333,0.0
1884,2012-10-01,154,2,603.3971,1,419.4589,0,0.0,182.0,,0.8461538461538461,1,0.8213250186354948,0.6951622737331684,0.30483772626683153,0.0,0.0
1896,2012-10-01,1,5,265142.738,2,185543.205,1,95370.5312,91.25,1.5,0.010958904109589,1,0.8462723667370788,0.8757146371476333,0.10983521524922926,0.010673875970911939,0.003776271632225507
1898,2012-10-01,32,2,64574.0184,2,64574.0184,1,28874.4471,92.0,,0.3478260869565217,0,,0.8042768219609514,0.1233682260666002,0.06456547235722286,0.007789478995781375
1900,2012-10-01,1,5,165950.8988,2,94337.9989,1,44025.5899,91.25,1.5,0.010958904109589,1,0.2756054783754056,0.8947050282562254,0.10152742119405744,0.001942929519101827,0.0018246210306153523
1902,2012-10-01,93,1,165.231,1,165.231,0,0.0,,,,0,,0.0,1.0,0.0,0.0
1916,2012-10-01,62,1,60281.31,1,60281.31,1,60281.31,,,,0,,0.8263783252221958,0.14532317894219618,0.022534287990755346,0.005764207844852741
1924,2012-10-01,1,2,306.8661,2,306.8661,1,273.0916,92.0,,0.0108695652173913,0,,0.0,0.8158297707045515,0.18417022929544838,0.0
1930,2012-10-01,154,3,54155.9885,1,12497.2834,0,0.0,91.0,1.4142135623730951,1.6923076923076923,1,-1.203943050197271,0.9018539680980986,0.08523515548054303,0.007692414293204158,0.005218462589783584
1934,2012-10-01,154,3,79382.0748,1,29522.6946,0,0.0,91.0,1.4142135623730951,1.6923076923076923,1,-0.5240335556898277,0.9590542775785447,0.03665910732784223,0.002506546981813078,0.0017800681117999702
1944,2012-10-01,1,2,98134.3588,2,98134.3588,1,47221.4229,92.0,,0.0108695652173913,0,,0.8289584401910821,0.17104155980891783,0.0,0.0
1946,2012-10-01,1,5,82663.4618,2,653.7321999999999,1,183.9382,91.25,1.5,0.010958904109589,1,-4.830379069397481,0.9648577238752902,0.03514227612470979,0.0,0.0
1948,2012-10-01,32,2,59599.3147,2,59599.3147,1,26305.4643,92.0,,0.3478260869565217,0,,0.7850885943156658,0.20764477850615284,0.007266627178181296,0.0
1952,2012-10-01,124,1,24.2945,1,24.2945,0,0.0,,,,0,,0.0,1.0,0.0,0.0
1962,2012-10-01,1,2,235385.6191,2,235385.6191,1,87994.6863,92.0,,0.0108695652173913,0,,0.7738599881227833,0.19627315286569263,0.024370384431017265,0.005496474665473732
1964,2012-10-01,32,2,2747.7885,2,2747.7885,1,1308.9375,92.0,,0.3478260869565217,0,,0.9132662502954648,0.0736344882439096,0.013099261460625516,0.0
1966,2012-10-01,62,1,26523.0027,1,26523.0027,1,26523.0027,,,,0,,0.8576672580137391,0.14233274198626084,0.0,0.0
1968,2012-10-01,62,4,68623.6011,2,27865.1507,1,4868.6565,91.33333333333331,1.1547005383792526,0.6788321167883212,1,-0.3802750087550688,0.8705404371441533,0.11244847073465518,0.00965702599947061,0.007354066121720914
1970,2012-10-01,1,5,182259.7172,2,72337.4048,1,34148.3461,91.25,1.5,0.010958904109589,1,-0.4184277878063938,0.8125350174745031,0.18481075751389348,0.0022681111676826414,0.00038611384392074535
1972,2012-10-01,1,2,91824.0894,2,91824.0894,1,38408.1469,92.0,,0.0108695652173913,0,,0.6914257207978367,0.3038578044423276,0.004716474759835734,0.0
1976,2012-10-01,32,2,119714.521,2,119714.521,1,48997.224,92.0,,0.3478260869565217,0,,0.7292582559136666,0.21108704264873598,0.049880668728566356,0.009774032658911948
1978,2012-10-01,62,1,881.0367,1,881.0367,1,881.0367,,,,0,,0.0,0.8447692360602004,0.15523076393979957,0.0
1982,2012-10-01,1,2,180271.228,2,180271.228,1,86679.6063,92.0,,0.0108695652173913,0,,0.8502786429124453,0.13049850306672342,0.01608173435197324,0.0031411196688580834
1984,2012-10-01,62,1,38818.229,1,38818.229,1,38818.229,,,,0,,0.7929519582153014,0.18414829537947236,0.022899745117171626,0.0
1986,2012-10-01,32,2,2626.8599,2,2626.8599,1,348.7055,92.0,,0.3478260869565217,0,,0.24668007608628081,0.7141192417608568,0.033490442333829834,0.005710239819032603
1988,2012-10-01,1,2,3307.6587,2,3307.6587,1,2618.892,92.0,,0.0108695652173913,0,,0.5852490161696551,0.3394874749320418,0.04897179990184598,0.026291708996457223
1992,2012-10-01,1,5,340528.7645,2,186618.783,1,100216.5341,91.25,1.5,0.010958904109589,1,0.1926989079394712,0.8811253244364324,0.1050485008293624,0.010376085794655389,0.003450088869071147
1994,2012-10-01,62,1,39477.7558,1,39477.7558,1,39477.7558,,,,0,,0.8433588694522499,0.09636371224526395,0.05316793235749232,0.007109484678457837
292,2013-01-01,63,4,65177.168,2,59992.1832,1,32562.6538,91.66666666666669,0.5773502691896278,0.6872727272727273,1,2.4482711862900963,0.7242532822230018,0.21347688963718095,0.05174486109921191,0.01052496635017956
296,2013-01-01,63,4,230735.6775,2,115676.7547,1,54184.2506,91.66666666666669,0.5773502691896278,0.6872727272727273,1,0.0053552881633027,0.8796414061280142,0.11255280276280638,0.005726522288691137,0.002079268820488327
298,2013-01-01,63,4,22003.8894,2,4754.968699999999,1,2485.7036,91.66666666666669,0.5773502691896278,0.6872727272727273,1,-1.2884071487191129,0.7569843186450482,0.23885549070247553,0.004160191788638967,0.0
302,2013-01-01,32,4,30518.9743,2,2206.4479,1,1394.0205,91.66666666666669,0.5773502691896247,0.349090909090909,1,-2.55150260326632,0.9165078067515525,0.059933265843734464,0.018267399635380273,0.005291527769332667
304,2013-01-01,63,2,6181.7913,2,6181.7913,1,4069.2518,91.0,,0.6923076923076923,0,,0.39993435236158814,0.5926910861581497,0.007374561480262202,0.0
308,2013-01-01,63,1,20.52,1,20.52,1,20.52,,,,0,,0.0,1.0,0.0,0.0
312,2013-01-01,63,2,746.8894,1,24.2945,1,24.2945,183.0,,0.3442622950819672,1,-3.3536447246072214,0.0,1.0,0.0,0.0
318,2013-01-01,32,4,265936.5862,2,144486.8774,1,71599.4665,91.66666666666669,0.5773502691896247,0.349090909090909,1,0.1736871190299158,0.8963099756599041,0.08326489819398906,0.01754355903663172,0.002881566921460316
324,2013-01-01,63,2,76215.4196,2,76215.4196,1,32197.4623,91.0,,0.6923076923076923,0,,0.7627828765506134,0.18086898782880942,0.04957387586172917,0.0067742591028128385
326,2013-01-01,32,3,598.641,2,418.512,1,209.256,92.0,0.0,0.3478260869565217,1,0.8398826463878581,0.0,1.0,0.0,0.0
332,2013-01-01,93,2,5281.7027,1,4038.8509,0,0.0,92.0,,1.0108695652173914,1,1.1779949299639938,0.4706254291821461,0.525058917079903,0.0043156537379508315,0.0
340,2013-01-01,1,5,263035.94550000003,2,59987.1597,1,23586.0261,91.25,1.5,0.010958904109589,1,-1.2193039948041715,0.7958651365845357,0.1659276735620151,0.031461647708525824,0.006745541932024647
342,2013-01-01,63,4,3208.0765,2,704.2165,1,489.9805,91.66666666666669,0.5773502691896278,0.6872727272727273,1,-1.2674832758659145,0.8156775563176252,0.17803004385961493,0.0,0.0062923998227598366
344,2013-01-01,1,5,202777.6034,2,93510.0951,1,44130.0247,91.25,1.5,0.010958904109589,1,-0.1557281385582971,0.9146323306432765,0.06534066375103435,0.016163884201424585,0.003863121404264511
348,2013-01-01,1,4,69305.3807,1,141.615,1,141.615,121.66666666666669,54.00308633155454,0.0082191780821917,1,-6.1840981539626725,0.8559761046085705,0.13289264999304737,0.005888405717970467,0.005242839680411711
352,2013-01-01,1,3,148670.6653,2,85017.2721,1,40433.3035,92.0,0.0,0.0108695652173913,1,0.2893978554395122,0.8864577355193958,0.11269650247539453,0.00030264208416103724,0.0005431199210487424
356,2013-01-01,1,4,127096.5327,1,10532.3468,1,10532.3468,121.66666666666669,54.00308633155454,0.0082191780821917,1,-2.403904541741433,0.8425728611556372,0.15720289983961142,0.00022423900475138613,0.0
366,2013-01-01,32,3,16948.4192,2,9943.9191,1,3758.352,92.0,0.0,0.3478260869565217,1,0.3503662084281256,0.8232556461666938,0.11913442051279921,0.05135688996882966,0.006253045121753892
368,2013-01-01,1,5,104234.3954,2,14677.884,1,7736.0481,91.25,1.5,0.010958904109589,1,-1.8084710058878244,0.9626228992354283,0.015975417649901773,0.019852367273384696,0.0015493158412851504
370,2013-01-01,1,5,219829.2882,2,72133.41440000001,1,31128.3693,91.25,1.5,0.010958904109589,1,-0.7166307781836458,0.8904915941951359,0.08226085908783831,0.023197590279055456,0.004049956251461856
372,2013-01-01,1,5,327015.637,2,129138.7495,1,62702.5353,91.25,1.5,0.010958904109589,1,-0.4267549631993699,0.8850307678100421,0.09316223768223048,0.019651779199170223,0.002155214981355769
382,2013-01-01,63,2,784.2007000000001,2,784.2007000000001,1,600.2625,91.0,,0.6923076923076923,0,,0.7654449938644533,0.23455500613554664,0.0,0.0
386,2013-01-01,63,2,7814.8432,2,7814.8432,1,3457.9857,91.0,,0.6923076923076923,0,,0.16749376366246221,0.8325062363375377,0.0,0.0
388,2013-01-01,63,4,40443.1469,2,16067.599,1,7046.91,91.66666666666669,0.5773502691896278,0.6872727272727273,1,-0.4167545235912211,0.9163477310911233,0.07328388929101855,0.007872715760404886,0.0024956638574531896
390,2013-01-01,124,1,2485.7036,1,2485.7036,0,0.0,,,,0,,1.0,0.0,0.0,0.0
392,2013-01-01,32,4,30747.1843,2,8091.9735,1,4228.146,91.66666666666669,0.5773502691896247,0.349090909090909,1,-1.029437805773048,0.6450107628229228,0.3184400107817352,0.03408722859868505,0.002461996170491618
398,2013-01-01,63,2,4980.615400000001,2,4980.615400000001,1,2458.9178,91.0,,0.6923076923076923,0,,0.9927731822055562,0.0,0.007226817794443633,0.0
406,2013-01-01,63,1,383.052,1,383.052,1,383.052,,,,0,,0.0,0.9404937188684565,0.0595062811315435,0.0
412,2013-01-01,1,5,25600.4348,2,11987.707,1,7046.91,91.25,1.5,0.010958904109589,1,-0.1271135573444475,0.7838100663821538,0.1636152835966677,0.047054997675273866,0.005519652345904688
414,2013-01-01,1,3,30818.4603,2,15513.5744,1,6375.2345,92.0,0.0,0.0108695652173913,1,0.0135424122392322,0.9201599244073853,0.016705377069080898,0.05920461899259776,0.003930079530936203
418,2013-01-01,1,4,3917.5912,2,1712.4682,1,209.256,121.66666666666669,51.3841739578767,0.0082191780821917,1,-0.2527171726489046,0.5168977304216938,0.47728389833017804,0.0058183712481281865,0.0
422,2013-01-01,1,3,70829.2566,2,53682.71399999999,1,20038.3553,92.0,0.0,0.0108695652173913,1,1.141254803334082,0.6959012682903127,0.3023568709882521,0.0017418607214352722,0.0
428,2013-01-01,1,3,30403.936500000003,2,10859.9056,1,2641.2698,92.0,0.0,0.0108695652173913,1,-0.5875513805995602,0.892708287954752,0.04255860092327189,0.05875761926420284,0.005975492680035034
432,2013-01-01,63,2,108212.0403,2,108212.0403,1,51394.2049,91.0,,0.6923076923076923,0,,0.8328899931110532,0.1410543684204058,0.02136748178474184,0.004688156683799262
440,2013-01-01,32,4,110506.5218,2,50276.3229,1,21705.4863,91.66666666666669,0.5773502691896247,0.349090909090909,1,-0.1806363337502805,0.8236212136395374,0.1214346617866313,0.04739460928359434,0.007549514873971899
452,2013-01-01,1,5,9923.7538,2,3477.1599,1,1879.176,91.25,1.5,0.010958904109589,1,-0.6172036328783346,0.7049286732607171,0.2316258390045912,0.04920636987185232,0.014239117862839362
466,2013-01-01,1,5,33714.491,2,1434.6049,1,68.382,91.25,1.5,0.010958904109589,1,-3.1128889999661853,0.9649327495408428,0.0256020030081427,0.00946524745101446,0.0
472,2013-01-01,63,2,99106.838,2,99106.838,1,44305.4838,91.0,,0.6923076923076923,0,,0.6104710484255386,0.31987839022772574,0.06032833899917178,0.00932222190359862
474,2013-01-01,1,3,150135.2525,2,82390.0761,1,22820.8449,92.0,0.0,0.0108695652173913,1,0.1957091100264829,0.7470611014558356,0.2516936793375693,0.0012452192065950667,0.0
478,2013-01-01,63,4,301678.2118,2,180065.76020000002,1,67778.5075,91.66666666666669,0.5773502691896278,0.6872727272727273,1,0.3924800870030545,0.7507959528252547,0.24478211521936635,0.0032843936394613697,0.0011375382330478267
484,2013-01-01,124,2,527.4748,1,469.794,0,0.0,92.0,,1.3478260869565215,1,2.082308044592817,0.8906472877946018,0.0,0.10935271220539826,0.0
492,2013-01-01,63,2,4713.909900000001,2,4713.909900000001,1,4425.7929,91.0,,0.6923076923076923,0,,0.0,0.9050864336630616,0.07472724499889147,0.020186321338046785
494,2013-01-01,1,3,5757.7325,2,3415.2779,1,1416.8495,92.0,0.0,0.0108695652173913,1,0.3769254596165297,0.22733558740354817,0.7656524508563051,0.0,0.007011961740146837
496,2013-01-01,32,4,19995.6833,2,8012.7636,1,4228.146,91.66666666666669,0.5773502691896247,0.349090909090909,1,-0.402405212750585,0.8151649011164325,0.13158171493944396,0.04871043841747583,0.004542947527079507
498,2013-01-01,1,5,63567.9319,2,16460.2222,1,5054.5996,91.25,1.5,0.010958904109589,1,-1.0514504580212716,0.969715745935727,0.016380484135271985,0.013903769929000947,0.0
504,2013-01-01,63,2,2505.8901,2,2505.8901,1,1242.8518,91.0,,0.6923076923076923,0,,0.9919443793644421,0.0,0.0,0.0080556206355578
506,2013-01-01,63,2,7686.8721,2,7686.8721,1,3423.9685,91.0,,0.6923076923076923,0,,0.7333968780357358,0.1964393553523546,0.062285464590987535,0.00787830202092214
510,2013-01-01,63,2,218.7049,2,218.7049,1,164.7109,91.0,,0.6923076923076923,0,,0.0,0.0,0.7256577241753615,0.2743422758246386
512,2013-01-01,63,4,24671.7941,2,11790.9248,1,3839.7654,91.66666666666669,0.5773502691896278,0.6872727272727273,1,-0.0884058839113954,0.8620819148292098,0.06935596548286693,0.05989396109624634,0.0086681576189062
516,2013-01-01,63,2,70400.4406,2,70400.4406,1,35418.1338,91.0,,0.6923076923076923,0,,0.838588074120661,0.11614398049662207,0.03922006373068068,0.006047881183289072
518,2013-01-01,32,4,257638.862,2,138867.33409999998,1,63864.7068,91.66666666666669,0.5773502691896247,0.349090909090909,1,0.1563161139739399,0.8898447154296156,0.08724177992992377,0.019468530718009462,0.0034449739961978252
520,2013-01-01,63,4,50032.2097,2,653.7321999999999,1,183.9382,91.66666666666669,0.5773502691896278,0.6872727272727273,1,-4.323063884566781,0.9264199678152533,0.07277309201076522,0.0,0.000806940173981562
524,2013-01-01,1,2,2180.3489,1,647.994,1,647.994,276.0,,0.0036231884057971,1,-0.8597898872584953,0.2971973889133065,0.7028026110866935,0.0,0.0
526,2013-01-01,63,2,766.794,2,766.794,1,275.388,91.0,,0.6923076923076923,0,,0.0,1.0,0.0,0.0
534,2013-01-01,32,3,154657.3032,2,83382.766,1,30663.3284,92.0,0.0,0.3478260869565217,1,0.1569004663644175,0.7534141147755381,0.19071038605825116,0.04781243939342142,0.008063059772789314
536,2013-01-01,1,4,2898.2358,2,1966.3849,1,1877.4529,92.0,0.0,0.0108695652173913,1,0.7462150969421275,0.64779163241307,0.35220836758692997,0.0,0.0
540,2013-01-01,1,2,3290.2311,1,736.1455,1,736.1455,184.0,,0.0054347826086956,1,-1.2430557103268294,0.7554799418192844,0.22373671563678307,0.020783342543932555,0.0
544,2013-01-01,63,4,34130.7719,2,20398.7625,1,9342.1184,91.66666666666669,0.5773502691896278,0.6872727272727273,1,0.395720878594993,0.7726765622901134,0.19191126761478255,0.030089158341010155,0.005323011754093964
546,2013-01-01,1,3,2367.472,2,1497.7842999999998,1,343.996,92.0,0.0,0.0108695652173913,1,0.5431262326480075,0.0,0.9311511181547236,0.034742459467313656,0.03410642237796265
548,2013-01-01,32,3,261102.8691,2,172413.2266,1,85919.8459,92.0,0.0,0.3478260869565217,1,0.6647454880102828,0.8946047088840664,0.0897610814495642,0.013074179229691198,0.0025600304290183686
556,2013-01-01,1,3,20159.0532,2,11705.7433,1,4228.146,92.0,0.0,0.0108695652173913,1,0.3254886675285142,0.7387484745563349,0.19860572122504247,0.056637635144491806,0.006008169074130923
558,2013-01-01,124,2,1666.8438,1,40.373,0,0.0,92.0,,1.3478260869565215,1,-3.6721539381331967,0.0,0.9368822681525407,0.038896506079333884,0.02422122576812536
560,2013-01-01,63,2,15123.477600000002,2,15123.477600000002,1,8699.9626,91.0,,0.6923076923076923,0,,0.9861634998553507,0.013836500144649268,0.0,0.0
562,2013-01-01,1,3,128377.9664,2,70143.34719999999,1,22577.6026,92.0,0.0,0.0108695652173913,1,0.1860580404117016,0.80230745811222,0.12818599999259683,0.05809208883059547,0.01141445300227158
568,2013-01-01,32,3,1560.699,2,912.705,1,647.994,92.0,0.0,0.3478260869565217,1,0.3420842905762074,0.8303894601072981,0.12579555699080988,0.043814982901892036,0.0
570,2013-01-01,32,3,93824.9007,2,56174.6336,1,26692.5733,92.0,0.0,0.3478260869565217,1,0.4001164886524329,0.8613033671987675,0.12564964004273121,0.013046992492047478,0.0
574,2013-01-01,32,2,4736.1354,1,469.794,1,469.794,275.0,,0.1163636363636363,1,-2.2043256583218565,1.0,0.0,0.0,0.0
584,2013-01-01,32,3,4111.8383,2,587.8086000000001,1,403.8704,137.5,64.34671708797582,0.2327272727272727,1,-1.7895429674565282,0.0,0.9912462510989306,0.008753748901069383,0.0
590,2013-01-01,32,3,23861.4895,2,10767.1929,1,3847.9347,92.0,0.0,0.3478260869565217,1,-0.195656440637423,0.8260809158623563,0.08827156410332222,0.07866812337930539,0.0069793962359307035
592,2013-01-01,32,4,351188.4604,2,131470.9395,1,53989.976,91.66666666666669,0.5773502691896247,0.349090909090909,1,-0.5135538356875653,0.7978875147800842,0.17646039608880043,0.02135401048616004,0.004298078696209916
598,2013-01-01,1,3,274221.0413,2,169339.0999,1,74205.0084,92.0,0.0,0.0108695652173913,1,0.4790642337039781,0.8731040465201529,0.11379632705085203,0.01040911443727349,0.0026905119917214754
600,2013-01-01,1,5,240901.4125,2,93707.0056,1,50262.906,91.25,1.5,0.010958904109589,1,-0.4515773784543064,0.9576425185966895,0.04185952085274718,0.00016277779193179284,0.0003351827586316041
602,2013-01-01,1,3,144520.7627,2,95036.1426,1,42740.6653,92.0,0.0,0.0108695652173913,1,0.6525856655865141,0.9210539497104385,0.0601341366986849,0.015560145531947154,0.00325176805892957
604,2013-01-01,93,2,1770.2352,1,325.8977,0,0.0,92.0,,1.0108695652173914,1,-1.4864508593738934,0.0,0.5261722849031586,0.35979484534032535,0.11403286975651597
608,2013-01-01,1,5,25203.6048,2,5236.951599999999,1,205.146,91.25,1.5,0.010958904109589,1,-1.3381831183729087,0.9383617338738782,0.04535869011880396,0.01627957600731781,0.0
610,2013-01-01,93,1,6214.259,1,6214.259,0,0.0,,,,0,,1.0,0.0,0.0,0.0
612,2013-01-01,63,3,34838.361,1,2485.7036,1,2485.7036,137.5,64.34671708797582,0.4581818181818182,1,-2.5657690937592665,0.7586197970105425,0.24075522955858916,0.0006249719956687974,0.0
620,2013-01-01,1,2,4320.6758,2,4320.6758,1,4085.4098,92.0,,0.0108695652173913,0,,0.7344779027391966,0.2205974352438107,0.0449246620169928,0.0
622,2013-01-01,1,3,102691.2094,2,39595.7814,1,17060.9144,92.0,0.0,0.0108695652173913,1,-0.4659163222075584,0.6963833067097952,0.2129196776214031,0.07643543783213054,0.01426157869360919
628,2013-01-01,1,3,1361.5898000000002,2,1295.988,1,647.994,92.0,0.0,0.0108695652173913,1,2.969068327945217,0.9518197037022457,0.04818029629775428,0.0,0.0
634,2013-01-01,1,3,16398.2065,2,9865.674,1,2348.97,92.0,0.0,0.0108695652173913,1,0.4122150541072802,0.8422837948772018,0.15771620512279805,0.0,0.0
638,2013-01-01,63,2,10398.3536,2,10398.3536,1,1788.1822,91.0,,0.6923076923076923,0,,0.832803368025492,0.03662127819927185,0.12086876907128835,0.009706584703947748
640,2013-01-01,32,3,13245.2607,2,9463.419,1,3288.558,92.0,0.0,0.3478260869565217,1,0.9170638990518434,0.9949008931171887,0.005099106882811299,0.0,0.0
642,2013-01-01,63,4,127118.3656,2,102012.7663,1,42720.336,91.66666666666669,0.5773502691896278,0.6872727272727273,1,1.4019770360040038,0.7924927025021474,0.14562593778345434,0.05092757315942079,0.010953786995511843
648,2013-01-01,63,4,288884.0666,2,184270.8997,1,87693.7567,91.66666666666669,0.5773502691896278,0.6872727272727273,1,0.5661334013479866,0.8669760750314778,0.10724534019696605,0.019483869893709118,0.006294714794768817
658,2013-01-01,63,2,1272.3885,2,1272.3885,1,1070.0565,91.0,,0.6923076923076923,0,,0.8409825300998869,0.15901746990011303,0.0,0.0
662,2013-01-01,32,4,294256.6,2,145524.8508,1,46261.8667,91.66666666666669,0.5773502691896247,0.349090909090909,1,-0.0217973263769373,0.7863796932337288,0.2122530012920696,0.0013673056101375467,0.0
664,2013-01-01,32,3,152685.42190000002,2,86963.7432,1,35765.7551,92.0,0.0,0.3478260869565217,1,0.2800587343234344,0.8046723624503408,0.15327018525270225,0.03739917556595493,0.004658276482124322
668,2013-01-01,63,4,151136.7341,2,75672.9504,1,36305.9355,91.66666666666669,0.5773502691896278,0.6872727272727273,1,0.0027678785955647,0.8981406613906712,0.08231151661494053,0.015949182965704963,0.0035986386978571084
672,2013-01-01,63,4,140109.3983,2,92523.7428,1,48509.9926,91.66666666666669,0.5773502691896278,0.6872727272727273,1,0.6649237231848559,0.902955466478511,0.07212962957960259,0.019676186847203098,0.005238717094683291
684,2013-01-01,32,3,21225.1486,2,9084.8863,1,1548.5749,92.0,0.0,0.3478260869565217,1,-0.2898875053076644,0.8726554168859859,0.08828845137037108,0.03905613136673163,0.0
692,2013-01-01,32,3,98060.251,2,52995.9843,1,23264.4941,92.0,0.0,0.3478260869565217,1,0.1621232018241194,0.7243111645716671,0.2701984262716195,0.005490409156713253,0.0
694,2013-01-01,154,3,25885.4643,1,149.031,0,0.0,92.0,0.0,1.673913043478261,1,-5.144859820373082,0.912565195904174,0.06219018447353096,0.015886549116293038,0.009358070506002089
700,2013-01-01,1,2,2715.3412,1,1229.4589,1,1229.4589,184.0,,0.0054347826086956,1,-0.1892943224542609,0.9104972516897692,0.08950274831023078,0.0,0.0
702,2013-01-01,63,2,24006.6567,2,24006.6567,1,11075.418,91.0,,0.6923076923076923,0,,0.9001888213780306,0.09981117862196948,0.0,0.0
710,2013-01-01,1,3,35821.018800000005,2,17876.3784,1,10335.468,92.0,0.0,0.0108695652173913,1,-0.0038110737122671,0.6649323943851647,0.27315108915886,0.056281136537635265,0.005635378522511481
716,2013-01-01,63,4,18665.1578,2,11239.6139,1,4039.3958,91.66666666666669,0.5773502691896278,0.6872727272727273,1,0.4144728646780926,0.8950399712131017,0.06401301359477389,0.04094701519212443,0.0
722,2013-01-01,124,1,469.794,1,469.794,0,0.0,,,,0,,1.0,0.0,0.0,0.0
726,2013-01-01,63,3,2270.6447,2,1367.0103,1,107.2672,91.5,0.7071067811865476,0.6885245901639344,1,0.4135817432155981,0.3852623882547543,0.5103443088211908,0.059942271021089295,0.04445103190296571
728,2013-01-01,1,5,25253.0151,2,6020.120999999999,1,1409.382,91.25,1.5,0.010958904109589,1,-1.161400585790224,0.9647937485294577,0.02766857728604455,0.007537674184497675,0.0
732,2013-01-01,1,3,13748.6048,2,8252.603799999999,1,4697.94,92.0,0.0,0.0108695652173913,1,0.4064472584131628,0.6492357682722831,0.27603593638825086,0.06445048882341865,0.01027780651604736
734,2013-01-01,63,2,8661.991,2,8661.991,1,3711.1707,91.0,,0.6923076923076923,0,,0.8562618109393094,0.119356681391149,0.024381507669541565,0.0
738,2013-01-01,1,5,45051.9807,2,2846.4158,1,136.764,91.25,1.5,0.010958904109589,1,-2.6961639291895496,0.9689608541450876,0.013836616954779082,0.01720252890013335,0.0
744,2013-01-01,32,3,25629.6684,2,15156.6074,1,8742.9763,92.0,0.0,0.3478260869565217,1,0.3696007247544912,0.9156131844452581,0.043286865155071616,0.03460205907307018,0.0064978909364274105
746,2013-01-01,1,3,38336.077000000005,2,22482.4624,1,7986.498,92.0,0.0,0.0108695652173913,1,0.3493194346122017,0.846181410267931,0.12342753798204234,0.02828478511246729,0.0021062666375591846
752,2013-01-01,63,4,32115.4797,2,22706.0574,1,10080.9959,91.66666666666669,0.5773502691896278,0.6872727272727273,1,0.8808579444668965,0.9473643219472134,0.04110217291881211,0.011533503577092763,0.0
762,2013-01-01,32,3,218611.2943,2,109357.8689,1,37020.0401,92.0,0.0,0.3478260869565217,1,0.0009555092089055,0.8449340851462128,0.15177879456889526,0.0032185052572555944,6.861493614971018e-05
764,2013-01-01,63,4,151044.1625,2,70035.7528,1,30063.6207,91.66666666666669,0.5773502691896278,0.6872727272727273,1,-0.1455451727970445,0.7699322085684708,0.21766005157597534,0.008531996064396067,0.0038757439566722745
766,2013-01-01,1,2,8367.497,1,8158.241,1,8158.241,184.0,,0.0054347826086956,1,3.658580593024855,0.9749918045981971,0.025008195401802956,0.0,0.0
768,2013-01-01,32,3,145705.0924,2,73573.11,1,29407.0435,92.0,0.0,0.3478260869565217,1,0.0197818043185176,0.749360927621223,0.19112510922782272,0.05034765182990955,0.009166311403402946
776,2013-01-01,63,2,1108.5087,2,1108.5087,1,324.4527,91.0,,0.6923076923076923,0,,0.4238072285765551,0.5761927714234448,0.0,0.0
780,2013-01-01,1,5,103270.9374,2,44483.2929,1,23623.3817,91.25,1.5,0.010958904109589,1,-0.2788125571812561,0.7606705688719739,0.23078723501545362,0.006587483537260891,0.001954712575311629
782,2013-01-01,1,3,80727.0523,2,40841.479,1,6123.1246,92.0,0.0,0.0108695652173913,1,0.0236829332560013,0.718988139097456,0.1751124486431917,0.0904957345011345,0.015403677758217863
786,2013-01-01,63,2,246607.153,2,246607.153,1,100452.5877,91.0,,0.6923076923076923,0,,0.7597914067074932,0.21297045619759458,0.02272286817244105,0.004515268833260485
788,2013-01-01,63,4,124199.6126,2,77903.6649,1,30032.4467,91.66666666666669,0.5773502691896278,0.6872727272727273,1,0.5204097997543133,0.7182670175655604,0.2156848506949369,0.05627551752121971,0.009772615023438489
790,2013-01-01,1,5,257929.4928,2,89437.7783,1,38334.652,91.25,1.5,0.010958904109589,1,-0.633338161591924,0.8142916991771015,0.14851373367256898,0.029548834130068893,0.007645732865179347
792,2013-01-01,32,3,143915.3599,2,80681.6882,1,36874.6869,92.0,0.0,0.3478260869565217,1,0.243671278243621,0.7702340253397788,0.17202671012463625,0.051761753958550184,0.005977510118431771
794,2013-01-01,1,5,206764.5025,2,65229.112,1,20987.1856,91.25,1.5,0.010958904109589,1,-0.7746356578895739,0.8178513325806493,0.12831860488238306,0.04265001118361697,0.01118005108251113
798,2013-01-01,63,2,183293.8592,2,183293.8592,1,79994.1743,91.0,,0.6923076923076923,0,,0.7893106065443134,0.17394122324202774,0.029931967409849814,0.006816202754707453
802,2013-01-01,63,2,9727.4908,2,9727.4908,1,3027.3802,91.0,,0.6923076923076923,0,,0.5312504638914693,0.350644782927988,0.10150314405848627,0.01660160912205643
808,2013-01-01,1,3,198487.2377,2,109213.5584,1,43071.7873,92.0,0.0,0.0108695652173913,1,0.2015964719029899,0.6482768055570558,0.302067302909521,0.041127463395597454,0.008528427961492054
812,2013-01-01,63,4,153798.7393,2,95791.6554,1,44080.9805,91.66666666666669,0.5773502691896278,0.6872727272727273,1,0.5016036376465856,0.9178509397573457,0.05887219714030517,0.017818086237069694,0.005458776865279545
814,2013-01-01,63,4,317507.3898,2,210685.2969,1,97962.4024,91.66666666666669,0.5773502691896278,0.6872727272727273,1,0.6791961538168376,0.8953693332274058,0.10422806700922967,0.0004025997633646258,0.0
816,2013-01-01,1,5,407433.5041,2,176526.2375,1,79070.5683,91.25,1.5,0.010958904109589,1,-0.2685453327847771,0.9023616901907111,0.08878908836893563,0.006751022614293638,0.0020981988260596754
818,2013-01-01,1,3,49008.312,1,209.256,1,209.256,182.5,132.22896808188435,0.0054794520547945,1,-5.447160903480282,0.9950323528792422,0.0042698063136718525,0.0006978408070859491,0.0
820,2013-01-01,32,4,26148.0318,2,1376.4765,1,1308.9375,91.66666666666669,0.5773502691896247,0.349090909090909,1,-2.8894831972541795,0.9199235026171262,0.08007649738287376,0.0,0.0
822,2013-01-01,1,2,1607.418,2,1607.418,1,198.036,92.0,,0.0108695652173913,0,,0.8767986920639188,0.12320130793608135,0.0,0.0
826,2013-01-01,63,4,6335.6836,2,1307.6029,1,983.1502,91.66666666666669,0.5773502691896278,0.6872727272727273,1,-1.3462771244290312,0.529646272108664,0.470353727891336,0.0,0.0
828,2013-01-01,63,4,316681.8038,2,178895.04700000002,1,89561.754,91.66666666666669,0.5773502691896278,0.6872727272727273,1,0.2610903871003032,0.7668026061211921,0.2036311684921633,0.024627240865804367,0.004938984435581265
832,2013-01-01,1,5,186628.455,2,81661.5179,1,35380.64,91.25,1.5,0.010958904109589,1,-0.2510598232112908,0.8512947749580846,0.14847810694248098,0.0002271180994345155,0.0
836,2013-01-01,63,1,1409.382,1,1409.382,1,1409.382,,,,0,,1.0,0.0,0.0,0.0
844,2013-01-01,63,1,2283.84,1,2283.84,1,2283.84,,,,0,,0.8228142076502731,0.17718579234972676,0.0,0.0
846,2013-01-01,1,5,28523.6174,2,14240.1215,1,3995.3819,91.25,1.5,0.010958904109589,1,-0.003041086390505,0.5606268158680322,0.4360648029166174,0.001892957658308795,0.0014154235570415412
848,2013-01-01,1,3,94741.7741,2,48896.3225,1,24252.0932,92.0,0.0,0.0108695652173913,1,0.0644248361669159,0.6914901733933226,0.3022572003958284,0.006252626210849054,0.0
852,2013-01-01,32,4,137631.3086,2,59033.69069999999,1,24351.9855,91.66666666666669,0.5773502691896247,0.349090909090909,1,-0.2862288662305907,0.6649978266645646,0.26667355686248273,0.05789552494307971,0.010433091210178323
862,2013-01-01,63,2,86062.26150000001,2,86062.26150000001,1,30460.4065,91.0,,0.6923076923076923,0,,0.7612330893721634,0.22799152913266169,0.010775381588130819,0.0
864,2013-01-01,154,3,30141.687,1,202.332,0,0.0,92.0,0.0,1.673913043478261,1,-4.992122403850054,0.8244452939876921,0.14937777703019742,0.01747056493553264,0.008706364046577751
872,2013-01-01,63,2,2479.4378,2,2479.4378,1,2458.9178,91.0,,0.6923076923076923,0,,0.9917239303200105,0.008276069679989551,0.0,0.0
874,2013-01-01,32,3,126901.7169,2,81910.25820000001,1,40230.98,92.0,0.0,0.3478260869565217,1,0.5991415528893143,0.6968279063527784,0.22913135385641106,0.06295419596486168,0.011086543999311329
878,2013-01-01,63,4,76367.9387,2,20231.1881,1,11084.5422,91.66666666666669,0.5773502691896278,0.6872727272727273,1,-1.0205336959656126,0.8200050264287152,0.17961732283864826,0.00037765062788057153,0.0
880,2013-01-01,32,2,3712.7038,1,647.994,1,647.994,275.0,,0.1163636363636363,1,-1.5526109322719217,0.17453425721707186,0.8254657427829283,0.0,0.0
886,2013-01-01,154,1,780.8182,1,780.8182,0,0.0,,,,0,,0.0,1.0,0.0,0.0
892,2013-01-01,1,3,2738.2736,2,229.776,1,209.256,92.0,0.0,0.0108695652173913,1,-2.386390309636892,0.9077630518732678,0.08391272515646356,0.008324222970268566,0.0
900,2013-01-01,1,5,28259.2575,2,474.0192,1,159.558,91.25,1.5,0.010958904109589,1,-4.0689409276630935,0.9347351748360692,0.0069474224508552646,0.05331707671371055,0.0050003259993649865
902,2013-01-01,63,2,159.558,2,159.558,1,68.382,91.0,,0.6923076923076923,0,,0.0,0.0,1.0,0.0
908,2013-01-01,32,4,22033.5609,2,5778.9151,1,2818.764,91.66666666666669,0.5773502691896247,0.349090909090909,1,-1.034051288285644,0.8324843035244476,0.1035976531600936,0.05635962709958516,0.007558414672773115
912,2013-01-01,154,1,91.176,1,91.176,0,0.0,,,,0,,0.0,0.0,1.0,0.0
916,2013-01-01,93,2,2391.4815,1,20.1865,0,0.0,92.0,,1.0108695652173914,1,-4.718248933620157,0.0,0.9794993605428267,0.012059637509217612,0.008441001947955691
920,2013-01-01,1,1,22.794,1,22.794,1,22.794,,,,0,,0.0,0.0,1.0,0.0
928,2013-01-01,63,2,72730.6619,2,72730.6619,1,35251.0065,91.0,,0.6923076923076923,0,,0.8853127720538454,0.0970914565538967,0.017595770704789914,0.0
930,2013-01-01,32,3,6451.4426,2,3523.7164,1,1499.1678,92.0,0.0,0.3478260869565217,1,0.1852323946538439,0.5758653886186633,0.38306965638971974,0.03167798470376222,0.009386970287854688
932,2013-01-01,32,3,278173.4175,2,180371.6364,1,80857.134,92.0,0.0,0.3478260869565217,1,0.6120718999549002,0.9277988548276724,0.07220114517232762,0.0,0.0
938,2013-01-01,63,2,665.8643000000001,2,665.8643000000001,1,600.2625,91.0,,0.6923076923076923,0,,0.9014787247191357,0.09852127528086427,0.0,0.0
944,2013-01-01,32,3,21505.9455,2,13532.6413,1,4228.146,92.0,0.0,0.3478260869565217,1,0.5289541366225858,0.7208798143750527,0.27415840889208987,0.00402312932486507,0.0009386474079923618
948,2013-01-01,1,3,22873.5437,2,4670.8415,1,1411.8109,92.0,0.0,0.0108695652173913,1,-1.3600716715418724,0.8641027800165483,0.04827323717225329,0.07968124764157117,0.007942735169627435
950,2013-01-01,63,2,11354.6588,2,11354.6588,1,5637.528,91.0,,0.6923076923076923,0,,0.868865738176122,0.13113426182387797,0.0,0.0
952,2013-01-01,124,2,300.2438,1,269.964,0,0.0,92.0,,1.3478260869565215,1,2.159013448932319,0.0,0.0,0.8991492913425688,0.10085064204489817
954,2013-01-01,32,3,139007.8327,2,76497.5228,1,28063.2571,92.0,0.0,0.3478260869565217,1,0.2019239320707733,0.8040762231738615,0.12980784787100705,0.05661951800936178,0.009496410960157357
958,2013-01-01,1,3,38034.4132,2,30229.9391,1,20078.2551,92.0,0.0,0.0108695652173913,1,1.3540405782399103,0.6739342701361829,0.3256942531191726,0.0003714767446445052,0.0
960,2013-01-01,93,2,1041.2498,1,202.332,0,0.0,184.0,,0.5054347826086957,1,-1.4184639188054806,0.8056835160976742,0.19431648390232584,0.0,0.0
962,2013-01-01,1,3,27741.9719,2,26761.0856,1,24617.2453,92.0,0.0,0.0108695652173913,1,3.305265930888032,0.7054080211219592,0.26357228413168426,0.031019694746356512,0.0
964,2013-01-01,93,4,81132.1446,1,2458.9178,0,0.0,91.0,1.7320508075688772,1.021978021978022,1,-3.465187680377851,0.9085019034490062,0.09107656202644002,0.0004215345245539091,0.0
966,2013-01-01,63,4,2855.31,2,1623.618,1,1409.382,91.66666666666669,0.5773502691896278,0.6872727272727273,1,0.2760723154885314,0.7999747838238229,0.20002521617617702,0.0,0.0
970,2013-01-01,1,5,131927.4759,2,46309.0969,1,15161.9116,91.25,1.5,0.010958904109589,1,-0.6145516348011064,0.8723467116981354,0.12667924089344307,0.0009740472871428597,0.0
976,2013-01-01,1,3,103690.329,2,57368.441,1,23097.0182,92.0,0.0,0.0108695652173913,1,0.2138755945992851,0.6994024920106098,0.29431503202193526,0.006282475967454979,0.0
978,2013-01-01,63,2,173238.28519999998,2,173238.28519999998,1,70011.4,91.0,,0.6923076923076923,0,,0.6361974212152962,0.2826929085996287,0.07021458829933051,0.010895081574035344
982,2013-01-01,32,3,65956.1138,2,23517.6493,1,4802.334,92.0,0.0,0.3478260869565217,1,-0.5902850021924895,0.7355669719279306,0.13662616216785045,0.10638866835419887,0.021418197595504784
986,2013-01-01,1,3,33528.077900000004,2,16715.9266,1,5168.5696,92.0,0.0,0.0108695652173913,1,-0.005739620674289,0.8844627356344814,0.05646480855975343,0.054857913343132614,0.004214542224026507
988,2013-01-01,1,3,21732.1708,2,13211.5077,1,5637.528,92.0,0.0,0.0108695652173913,1,0.4385524126548521,0.8938813374317857,0.10611866256821431,0.0,0.0
998,2013-01-01,63,4,40803.2815,2,29108.6224,1,12686.0788,91.66666666666669,0.5773502691896278,0.6872727272727273,1,0.9118510303201184,0.9508596986249747,0.031041241131549678,0.01809905882202146,0.0
1002,2013-01-01,32,3,12412.2958,2,6892.6848,1,3288.558,92.0,0.0,0.3478260869565217,1,0.2221172035634104,0.7967231734841512,0.09353434841602791,0.09876473262907576,0.010977744342831403
1014,2013-01-01,63,2,42208.9617,2,42208.9617,1,13285.8532,91.0,,0.6923076923076923,0,,0.9070901547431336,0.041296644830758775,0.0482654403934319,0.003347760624966996
1016,2013-01-01,63,4,46004.2205,2,10665.2015,1,3045.615,91.66666666666669,0.5773502691896278,0.6872727272727273,1,-1.197936000720114,0.9533353070290582,0.011556320142409543,0.03291438880047973,0.002193983484623981
1018,2013-01-01,32,4,69441.5952,2,2967.4606000000003,1,1275.0469,91.66666666666669,0.5773502691896247,0.349090909090909,1,-3.108784460004533,0.956368555600232,0.016531043054149194,0.024266097216614633,0.0028343036969865
1026,2013-01-01,63,2,25068.8885,2,25068.8885,1,7921.746,91.0,,0.6923076923076923,0,,0.8058251964382066,0.1826006765317896,0.010768885904135717,0.0008052411258680256
1028,2013-01-01,1,3,13242.9782,2,5483.5905,1,1320.6349,92.0,0.0,0.0108695652173913,1,-0.347089861505788,0.8395922376433422,0.05137930378832761,0.09530960279010352,0.013718855174132962
1032,2013-01-01,1,5,313824.7287,2,138489.96970000002,1,66265.3313,91.25,1.5,0.010958904109589,1,-0.2358976357949505,0.914273875307902,0.07994400378812468,0.005138879691477927,0.0006432412156818031
1034,2013-01-01,1,3,2593.1647000000003,2,1798.918,1,489.9805,92.0,0.0,0.0108695652173913,1,0.8168440063088491,0.8670970648335601,0.12511843154428254,0.0,0.007784503622157126
1040,2013-01-01,63,2,53124.3208,2,53124.3208,1,26615.21,91.0,,0.6923076923076923,0,,0.8360046986238363,0.14479446295339743,0.019200838422766243,0.0
1044,2013-01-01,124,2,29373.6405,1,65.6018,0,0.0,183.0,,0.6775956284153005,1,-6.086919631278963,0.96287327067954,0.026916643171962292,0.00677392712013344,0.0034361590283642236
1046,2013-01-01,32,4,124286.3434,2,69113.6116,1,35984.4499,91.66666666666669,0.5773502691896247,0.349090909090909,1,0.2252791974499928,0.8411171890668078,0.11657888391943794,0.0365528014641068,0.005751124946202255
1048,2013-01-01,32,2,1010.82,2,1010.82,1,627.768,92.0,,0.3478260869565217,0,,0.0,0.9774499910963377,0.022550008903662374,0.0
1050,2013-01-01,32,4,296800.7702,2,162680.8172,1,80097.995,91.66666666666669,0.5773502691896247,0.349090909090909,1,0.1930542242226263,0.9434105885618757,0.05497333072621521,0.00042363299770170203,0.0011924476805148128
1052,2013-01-01,1,3,103784.3083,2,64757.239100000006,1,24715.3619,92.0,0.0,0.0108695652173913,1,0.5063798269422399,0.8661699516284197,0.11757611916367128,0.016059424611494955,0.00019450435552982338
1056,2013-01-01,1,3,2854.0183,2,2139.314,1,418.512,138.0,65.05382386916237,0.0072463768115942,1,1.09544073339376,0.0,0.9760400975705026,0.023959902429497387,0.0
1062,2013-01-01,63,2,667.8299999999999,2,667.8299999999999,1,198.036,91.0,,0.6923076923076923,0,,0.703463456268811,0.2965365437311891,0.0,0.0
1064,2013-01-01,63,2,5500.1379,2,5500.1379,1,790.9342,91.0,,0.6923076923076923,0,,0.0,1.0,0.0,0.0
1066,2013-01-01,63,4,150166.369,2,70619.5522,1,36234.3369,91.66666666666669,0.5773502691896278,0.6872727272727273,1,-0.1190371002482741,0.8875116469986698,0.10466683655379587,0.0067460958918171615,0.001075420555717106
1068,2013-01-01,93,2,1336.361,1,20.1865,0,0.0,92.0,,1.0108695652173914,1,-4.129880004681223,0.9697888519644018,0.0,0.0,0.03021114803559816
1070,2013-01-01,1,3,190732.7335,2,131213.9736,1,66688.4432,92.0,0.0,0.0108695652173913,1,0.7905286414681303,0.8799557895498834,0.09085359016259262,0.025935641728743953,0.00325497877898342
1074,2013-01-01,154,1,379.467,1,379.467,0,0.0,,,,0,,0.0,1.0,0.0,0.0
1082,2013-01-01,63,3,2846.949,2,2826.7625,1,1152.0771,137.5,65.76093065034893,0.4581818181818182,1,4.893876855490644,0.21084413524794438,0.7820652916508164,0.0,0.007090573101239256
1086,2013-01-01,32,4,166732.7648,2,90028.2371,1,42079.4855,91.66666666666669,0.5773502691896247,0.349090909090909,1,0.1601606993656794,0.9288136173220826,0.04758549112717647,0.01999871518954144,0.0036021764571614657
1090,2013-01-01,1,5,49365.01,2,3104.3514,1,577.782,91.25,1.5,0.010958904109589,1,-2.7011866287453152,0.8610454348130387,0.13607188776017667,0.002473754183378065,0.0004089232434066153
1092,2013-01-01,154,1,780.8182,1,780.8182,0,0.0,,,,0,,0.0,1.0,0.0,0.0
1096,2013-01-01,32,3,2103.1842,2,1778.7315,1,469.794,92.0,0.0,0.3478260869565217,1,1.6990006530223605,0.8457326276985153,0.15426737230148457,0.0,0.0
1102,2013-01-01,93,2,6591.812400000001,1,2449.1909,0,0.0,92.0,,1.0108695652173914,1,-0.5254042240246246,0.0,1.0,0.0,0.0
1106,2013-01-01,63,1,65.6018,1,65.6018,1,65.6018,,,,0,,0.0,1.0,0.0,0.0
1108,2013-01-01,1,5,210733.8143,2,100742.4828,1,50953.322,91.25,1.5,0.010958904109589,1,-0.0878331378400716,0.8807609505694787,0.09971481116972314,0.016388146873683767,0.003136091387114422
1112,2013-01-01,1,2,1439.1808,1,1242.8518,1,1242.8518,184.0,,0.0054347826086956,1,1.8410957478542416,0.8635828104432742,0.1364171895567256,0.0,0.0
1114,2013-01-01,63,2,20002.0029,2,20002.0029,1,4556.4245,91.0,,0.6923076923076923,0,,0.8665612532232959,0.020925204445400816,0.09333828763718457,0.019175254694118658
1116,2013-01-01,93,2,1696.1436,1,67.539,0,0.0,92.0,,1.0108695652173914,1,-3.168689761367607,0.2769777275933476,0.7230222724066523,0.0,0.0
1128,2013-01-01,124,1,183.9382,1,183.9382,0,0.0,,,,0,,0.0,1.0,0.0,0.0
1132,2013-01-01,63,2,2850.2179,2,2850.2179,1,70.3324,91.0,,0.6923076923076923,0,,0.0,0.793556941734174,0.13561864866542309,0.07082440960040283
1134,2013-01-01,1,5,29819.1772,2,12464.4282,1,6577.116,91.25,1.5,0.010958904109589,1,-0.3309647374023399,0.8221469605137195,0.12741228487015396,0.04299415411099941,0.007446600505127285
1138,2013-01-01,124,2,126.89419999999998,1,40.373,0,0.0,92.0,,1.3478260869565215,1,-0.7492525555711005,0.0,0.0,0.6818373101371064,0.3181626898628937
1142,2013-01-01,1,3,16238.8323,2,13012.7257,1,5031.8056,92.0,0.0,0.0108695652173913,1,1.3944186772475715,0.8385946691499487,0.05603555620190745,0.08920946858968425,0.016160306058459636
1150,2013-01-01,63,2,10362.6806,2,10362.6806,1,4296.2135,91.0,,0.6923076923076923,0,,0.5440221712517127,0.365793721365879,0.07654810860425439,0.013635998778153984
1154,2013-01-01,124,2,3125.8692,1,648.9054,0,0.0,92.0,,1.3478260869565215,1,-1.3383656396907009,0.0,0.956969024807564,0.03919396243451261,0.00383701275792346
1156,2013-01-01,1,3,16533.0942,2,6447.6083,1,2527.2998,92.0,0.0,0.0108695652173913,1,-0.4473321580985185,0.8972225053916405,0.07106764080494987,0.03170985380340965,0.0
1162,2013-01-01,32,3,12823.9704,2,7992.0252,1,2631.8687,92.0,0.0,0.3478260869565217,1,0.5031132573119272,0.8659805390692417,0.08340755371674906,0.045889531997048275,0.004722372097802097
1164,2013-01-01,1,5,76398.402,2,19343.3077,1,5054.5996,91.25,1.5,0.010958904109589,1,-1.0816366939545272,0.9529707938132004,0.020728156067976393,0.024979916360030673,0.001321133654078262
1168,2013-01-01,63,2,930.4909,2,930.4909,1,246.4609,91.0,,0.6923076923076923,0,,0.5048883336741928,0.4476862696883978,0.015184350540128871,0.03224104609728048
1170,2013-01-01,154,3,58141.8908,1,1308.9375,0,0.0,92.0,0.0,1.673913043478261,1,-3.770154490349121,0.9874377081661747,0.01256229183382526,0.0,0.0
1174,2013-01-01,1,5,263105.6896,2,91231.3064,1,43394.4135,91.25,1.5,0.010958904109589,1,-0.6333606267502905,0.9316658030948184,0.0650906950208347,0.002246090918438276,0.00099741096590866
1182,2013-01-01,1,5,196055.5719,2,93260.5911,1,43681.833,91.25,1.5,0.010958904109589,1,-0.0973379028408452,0.926192298133813,0.0685272735163718,0.004662649427103581,0.0006177789227116579
1184,2013-01-01,32,4,178021.4647,2,86818.1318,1,39579.4797,91.66666666666669,0.5773502691896247,0.349090909090909,1,-0.049275395998702,0.8877567897013263,0.08971954099420462,0.017975549214768367,0.004548120145873622
1186,2013-01-01,32,4,3439.788,2,485.0852,1,414.4407,91.66666666666669,0.5773502691896247,0.349090909090909,1,-1.805107818563786,0.6241553258514769,0.30821826810256914,0.06762640604595399,0.0
1188,2013-01-01,63,2,66444.6801,2,66444.6801,1,33557.6539,91.0,,0.6923076923076923,0,,0.7917889892888506,0.14433968958186016,0.05747580495913923,0.006395515778847132
1192,2013-01-01,1,5,60649.0,2,1132.6297,1,489.9805,91.25,1.5,0.010958904109589,1,-3.9608435989923176,0.965567521311151,0.03292522218008541,0.0011744150769180037,0.0003328414318455374
1200,2013-01-01,1,3,143860.7371,2,91755.2292,1,44603.9551,92.0,0.0,0.0108695652173913,1,0.5658455251512962,0.8747480614709016,0.09833465881776021,0.021966756070513696,0.004950523779847921
1202,2013-01-01,1,3,122769.2964,2,81749.10889999999,1,38994.1166,92.0,0.0,0.0108695652173913,1,0.6895784403683258,0.8830890343035313,0.10982767267859,0.006918866727332648,0.00016442629054604565
1204,2013-01-01,63,4,8290.9324,2,7077.2221,1,3463.579,91.66666666666669,0.5773502691896278,0.6872727272727273,1,1.762517148203477,0.34074055410221415,0.6390228076157032,0.012932333159537039,0.007304305122545687
1212,2013-01-01,63,1,736.1455,1,736.1455,1,736.1455,,,,0,,0.0,1.0,0.0,0.0
1214,2013-01-01,1,5,235401.6297,2,65706.0037,1,26581.4832,91.25,1.5,0.010958904109589,1,-0.9488067688708508,0.940078405497972,0.0509977900972875,0.007964367580586891,0.0009594368581382851
1216,2013-01-01,63,2,794.2466999999999,2,794.2466999999999,1,324.4527,91.0,,0.6923076923076923,0,,0.5914963197203086,0.4085036802796915,0.0,0.0
1218,2013-01-01,63,2,4831.8251,2,4831.8251,1,1684.2578,91.0,,0.6923076923076923,0,,0.0,1.0,0.0,0.0
1220,2013-01-01,1,3,113403.0655,2,74799.0428,1,38285.4856,92.0,0.0,0.0108695652173913,1,0.6614360674054414,0.8635755864994672,0.09162077457244751,0.03845828106824855,0.006345357568839266
1234,2013-01-01,32,3,91353.5461,2,54145.1338,1,24987.5865,92.0,0.0,0.3478260869565217,1,0.3751248248369965,0.8410228970848893,0.0965103050334682,0.05681017281276616,0.005656625408217185
1236,2013-01-01,1,3,105216.953,2,72008.7238,1,33688.8473,92.0,0.0,0.0108695652173913,1,0.7739733374322704,0.8758779880272716,0.08182755491883519,0.03721068937436346,0.005083767251842011
1242,2013-01-01,1,3,172701.4457,2,116730.3149,1,55911.9636,92.0,0.0,0.0108695652173913,1,0.7350209374841032,0.82865477518119,0.13572859917292515,0.03159896081865862,0.004017664688258021
1246,2013-01-01,63,3,4615.5184,2,3186.1098,1,2940.8598,91.5,0.7071067811865476,0.6885245901639344,1,0.8011543495815694,0.2692767512312376,0.7130476611251295,0.017675587643632834,0.0
1254,2013-01-01,1,3,147346.2291,2,88967.6832,1,44669.7475,92.0,0.0,0.0108695652173913,1,0.4213188466056312,0.9168002847790557,0.05467676335668097,0.02429693261827764,0.004226019245985577
1256,2013-01-01,32,3,1773.5672,2,249.0278,1,197.976,92.0,0.0,0.3478260869565217,1,-1.808531219740721,0.0,0.8392946148304953,0.16070538516950472,0.0
1266,2013-01-01,1,3,245616.3183,2,161235.5804,1,82168.7862,92.0,0.0,0.0108695652173913,1,0.6475217272902114,0.9094177815464797,0.07421444481443479,0.013631477432662095,0.0027362962064235124
1270,2013-01-01,1,5,67290.29669999999,2,472.506,1,263.25,91.25,1.5,0.010958904109589,1,-4.949575033731732,0.9056999744214236,0.0853470125953539,0.007153065502830515,0.0017999474803920728
1274,2013-01-01,63,2,818.9631999999999,2,818.9631999999999,1,183.9382,91.0,,0.6923076923076923,0,,0.5736448231129311,0.426355176887069,0.0,0.0
1278,2013-01-01,63,2,75520.4697,2,75520.4697,1,38235.7269,91.0,,0.6923076923076923,0,,0.7918478968358429,0.15782068156284254,0.04282560197053436,0.00750581931298555
1280,2013-01-01,93,3,1526.0438,1,217.332,0,0.0,92.0,0.0,1.0108695652173914,1,-1.791545551913381,0.8575846905573746,0.13258597164773384,0.0,0.009829337794891603
1288,2013-01-01,63,1,202.332,1,202.332,1,202.332,,,,0,,0.0,1.0,0.0,0.0
1290,2013-01-01,1,3,109285.1762,2,68307.36739999999,1,33016.168,92.0,0.0,0.0108695652173913,1,0.5109771940395973,0.9000958411777717,0.08662327800684828,0.012464900687967231,0.0008159798346008431
1294,2013-01-01,32,3,101199.4256,2,44017.1717,1,8874.407,92.0,0.0,0.3478260869565217,1,-0.2616585496941273,0.5897328373768952,0.33080182719930373,0.06478044831906635,0.014684887460467958
1296,2013-01-01,63,4,115437.4723,2,76600.6463,1,27258.3596,91.66666666666669,0.5773502691896278,0.6872727272727273,1,0.6792239000496103,0.7185322908789991,0.2704761840146425,0.00801874280124895,0.002972782521676889
1310,2013-01-01,1,4,88774.2023,1,141.615,1,141.615,121.66666666666669,54.00308633155454,0.0082191780821917,1,-6.432117462132817,0.8978450218076474,0.10196235466483035,0.00019262352752225182,0.0
1312,2013-01-01,1,5,103113.5066,2,40763.1482,1,17494.4072,91.25,1.5,0.010958904109589,1,-0.4249824840561409,0.8961880673739011,0.10325254131159574,0.0005593913145031187,0.0
1316,2013-01-01,1,3,103471.5643,2,57450.3845,1,17782.3246,92.0,0.0,0.0108695652173913,1,0.2218156533731736,0.8417477032383089,0.07643134955484576,0.06786460438194034,0.013956342515641275
1320,2013-01-01,1,3,2554.2758000000003,2,95.358,1,74.838,92.0,0.0,0.0108695652173913,1,-3.2398127917029163,0.9626673047601202,0.037332695239879726,0.0,0.0
1322,2013-01-01,63,4,137037.3956,2,87862.00940000001,1,37649.1609,91.66666666666669,0.5773502691896278,0.6872727272727273,1,0.580365337182176,0.7211316751702774,0.21728432254297747,0.05188345800699091,0.009700543841917559
1324,2013-01-01,63,2,5788.910199999999,2,5788.910199999999,1,4971.4072,91.0,,0.6923076923076923,0,,0.8587811916654019,0.14121880833459813,0.0,0.0
1328,2013-01-01,1,3,96850.4979,2,56450.92,1,20053.9916,92.0,0.0,0.0108695652173913,1,0.3345452130973747,0.6222579615669689,0.2826202011709018,0.07841247059815064,0.016709366860157362
1330,2013-01-01,63,2,113539.9798,2,113539.9798,1,51034.7029,91.0,,0.6923076923076923,0,,0.7262771699735674,0.2170111959100419,0.0471635696380492,0.009548064865870268
1332,2013-01-01,1,5,156372.6286,2,55759.4763,1,17259.8627,91.25,1.5,0.010958904109589,1,-0.5902276183163764,0.7323820173986638,0.26403076081564314,0.0035872217856929983,0.0
1334,2013-01-01,63,2,89689.9865,2,89689.9865,1,33099.4312,91.0,,0.6923076923076923,0,,0.7348357165824748,0.260843868005265,0.004320415412260097,0.0
1336,2013-01-01,63,2,208261.6158,2,208261.6158,1,79000.3618,91.0,,0.6923076923076923,0,,0.7498115982109844,0.18781090720799065,0.05278127170374138,0.009596223218200922
1340,2013-01-01,63,2,3053.8372,2,3053.8372,1,2451.1372,91.0,,0.6923076923076923,0,,0.5469574475024406,0.4530425524975595,0.0,0.0
1344,2013-01-01,1,5,34995.753,2,721.2712,1,251.4772,91.25,1.5,0.010958904109589,1,-3.8597848695917314,0.9055926157668334,0.09358327280456004,0.0008241114286067798,0.0
1346,2013-01-01,63,2,5175.3476,2,5175.3476,1,2489.4544,91.0,,0.6923076923076923,0,,0.616019202265757,0.383980797734243,0.0,0.0
1350,2013-01-01,1,5,88300.4823,2,29598.9943,1,10830.0207,91.25,1.5,0.010958904109589,1,-0.6847079421819213,0.6613958279591412,0.33705420428943683,0.001092744880737758,0.0004572228706841389
1356,2013-01-01,63,4,191156.5181,2,115529.6726,1,50378.9269,91.66666666666669,0.5773502691896278,0.6872727272727273,1,0.4237115162530021,0.765613870390957,0.19506991794280856,0.03200423904352336,0.007311972816269874
1362,2013-01-01,1,4,1021.3283,2,772.1395,1,736.1455,121.66666666666669,51.3841739578767,0.0082191780821917,1,1.128243665181209,0.0,0.8078474864546493,0.1921525135453507,0.0
1364,2013-01-01,63,4,13214.9968,2,276.1664,1,44.994,91.66666666666669,0.5773502691896278,0.6872727272727273,1,-3.843447413475187,0.9739523054595064,0.015310786908400915,0.010736907632092653,0.0
1368,2013-01-01,63,2,2483.656,2,2483.656,1,40.373,91.0,,0.6923076923076923,0,,0.0,0.943147762814174,0.04059676541356774,0.016255471772258317
1372,2013-01-01,32,4,21026.3361,2,11947.467,1,4228.146,91.66666666666669,0.5773502691896247,0.349090909090909,1,0.2745432094198019,0.9667695314734361,0.033230468526563695,0.0,0.0
1376,2013-01-01,63,2,16184.2688,2,16184.2688,1,4707.8632,91.0,,0.6923076923076923,0,,0.5805563486439376,0.4133850643904283,0.003564004077836374,0.00249458288779781
1378,2013-01-01,63,2,14476.0939,2,14476.0939,1,3756.7587,91.0,,0.6923076923076923,0,,0.9388590937504212,0.04539494593911138,0.015745960310467454,0.0
1386,2013-01-01,63,2,1299.277,2,1299.277,1,182.352,91.0,,0.6923076923076923,0,,0.0,0.6671287185103715,0.3328712814896284,0.0
1388,2013-01-01,32,3,34226.813500000004,2,19710.8214,1,9865.674,92.0,0.0,0.3478260869565217,1,0.3058986945497111,0.7645329238726825,0.2337397695523131,0.0008426259137444973,0.0008846800769227318
1392,2013-01-01,63,4,13268.0462,2,5915.3133,1,1981.2567,91.66666666666669,0.5773502691896278,0.6872727272727273,1,-0.2174945603235052,0.9023367811305932,0.03790719390169142,0.049105964071786246,0.010650060895929047
1394,2013-01-01,1,3,7391.4407,2,2043.8369,1,1389.0169,92.0,0.0,0.0108695652173913,1,-0.9615175240732868,0.6671539014038224,0.06627226272680507,0.22833893533097008,0.03823490053840248
1398,2013-01-01,1,3,39161.233,2,18664.4142,1,7490.7234,92.0,0.0,0.0108695652173913,1,-0.0936461770960797,0.9449218082586931,0.0405656149794875,0.014512576761819529,0.0
1400,2013-01-01,1,3,20946.6135,2,13723.7846,1,4999.6105,92.0,0.0,0.0108695652173913,1,0.6418181623882724,0.9416755601090363,0.04526609993543825,0.01305833995552551,0.0
1406,2013-01-01,1,5,15663.8794,2,8813.4906,1,606.996,91.25,1.5,0.010958904109589,1,0.251945650068663,0.7250346679763124,0.27496533202368756,0.0,0.0
1408,2013-01-01,93,1,1141.92,1,1141.92,0,0.0,,,,0,,0.8228142076502731,0.17718579234972676,0.0,0.0
1410,2013-01-01,1,3,2730.0507,2,2405.598,1,939.588,92.0,0.0,0.0108695652173913,1,2.000752274766528,0.8811550642630923,0.11884493573690776,0.0,0.0
1412,2013-01-01,1,2,1310.4008,2,1310.4008,1,1242.8518,92.0,,0.0108695652173913,0,,0.9484516492969174,0.051548350703082606,0.0,0.0
1414,2013-01-01,32,4,158888.028,2,67403.3128,1,24016.5101,91.66666666666669,0.5773502691896247,0.349090909090909,1,-0.3054738380593296,0.7978858470066732,0.1435886774301208,0.04834024700086277,0.01018522843017474
1416,2013-01-01,1,3,1447.9789,2,1264.0407,1,324.4527,92.0,0.0,0.0108695652173913,1,1.922837859341309,0.6488961959321368,0.3511038040678631,0.0,0.0
1418,2013-01-01,32,4,281590.6719,2,115464.72209999998,1,41665.7599,91.66666666666669,0.5773502691896247,0.349090909090909,1,-0.3637785463501437,0.7882190027332365,0.2102680646361283,0.001441245184940375,7.168738887475909e-05
1422,2013-01-01,1,3,110123.1253,2,61429.1502,1,25124.6122,92.0,0.0,0.0108695652173913,1,0.232324916165366,0.59345538570544,0.3219787778761851,0.07235451450631869,0.01221132193929843
1424,2013-01-01,1,3,211749.0251,2,136397.5079,1,48743.2715,92.0,0.0,0.0108695652173913,1,0.5934034749170447,0.703991437569079,0.2489597269461053,0.039892801966907386,0.007156033380953687
1426,2013-01-01,63,2,218835.194,2,218835.194,1,78756.7981,91.0,,0.6923076923076923,0,,0.7894931966656149,0.17778974848076767,0.027712121021996126,0.0050049334934672346
1428,2013-01-01,32,3,1264.0407,2,794.2466999999999,1,469.794,92.0,0.0,0.3478260869565217,1,0.5242317499423335,0.7433210022430449,0.25667899775695513,0.0,0.0
1430,2013-01-01,32,3,180839.7261,2,79502.8879,1,18986.0765,92.0,0.0,0.3478260869565217,1,-0.2426539428040097,0.7073641282185065,0.28712979225199126,0.005506079452085611,0.0
1438,2013-01-01,1,3,25671.0273,1,1229.4589,1,1229.4589,182.5,132.22896808188435,0.0054794520547945,1,-2.988939029563528,0.9979883781277424,0.0,0.0020116218722575235,0.0
1444,2013-01-01,63,2,7792.493200000001,2,7792.493200000001,1,3298.931,91.0,,0.6923076923076923,0,,0.6631682399158205,0.26808236419121934,0.04543484234288456,0.0233145535500756
1450,2013-01-01,1,3,43634.8368,2,26892.8094,1,11275.056,92.0,0.0,0.0108695652173913,1,0.4739142293160689,0.8403244835786804,0.15637077162163238,0.003304744799687208,0.0
1456,2013-01-01,1,5,39125.4107,2,18321.966,1,12684.438,91.25,1.5,0.010958904109589,1,-0.1270114056743665,0.8456367027988795,0.15123828974912204,0.0026090639861321633,0.0005159434658662893
1458,2013-01-01,1,5,10322.5505,2,2953.842,1,939.588,91.25,1.5,0.010958904109589,1,-0.9139329724487926,0.9580394399620521,0.041960560037947986,0.0,0.0
1466,2013-01-01,93,1,1229.4589,1,1229.4589,0,0.0,,,,0,,1.0,0.0,0.0,0.0
1468,2013-01-01,1,3,14149.9436,2,4346.3704,1,1320.6349,92.0,0.0,0.0108695652173913,1,-0.8132777733228735,0.786723602205736,0.09250277153048159,0.1050808782022283,0.015692748061554112
1470,2013-01-01,32,3,1306.9962,2,159.558,1,45.588,92.0,0.0,0.3478260869565217,1,-1.9675029633569707,0.0,0.25766869100308015,0.6844126249181137,0.05791864582314776
1472,2013-01-01,63,2,12275.8008,2,12275.8008,1,2595.6818,91.0,,0.6923076923076923,0,,0.9046504566936275,0.07328006658433232,0.020425062615874314,0.0016444141061656846
1478,2013-01-01,1,5,14531.7695,2,5167.734,1,2348.97,91.25,1.5,0.010958904109589,1,-0.5943553423398811,0.879590011388496,0.08142235534358015,0.03343111793783957,0.005556515330084199
1480,2013-01-01,93,2,5904.5399,1,242.2492,0,0.0,92.0,,1.0108695652173914,1,-3.147673965748738,0.0,0.8667379485402411,0.09907395155378661,0.03418809990597235
1486,2013-01-01,1,3,40023.9696,2,25368.876,1,10805.262,92.0,0.0,0.0108695652173913,1,0.5487062915623895,0.9437204249725396,0.05627957502746055,0.0,0.0
1796,2013-01-01,1,3,10008.4831,2,5644.2112,1,2595.6818,92.0,0.0,0.0108695652173913,1,0.2571271322398321,0.7397264026953296,0.10799903334002733,0.13613905188089892,0.01613551208374424
1798,2013-01-01,63,2,32367.849,2,32367.849,1,12649.8919,91.0,,0.6923076923076923,0,,0.9161663940041244,0.05989021698661533,0.023943389009260397,0.0
1802,2013-01-01,1,3,24591.633800000003,2,10031.2805,1,6107.322,92.0,0.0,0.0108695652173913,1,-0.3725630408518672,0.4651778728097357,0.49500876188226256,0.031604679311709655,0.008208685996291957
1806,2013-01-01,1,1,1242.8518,1,1242.8518,1,1242.8518,,,,0,,1.0,0.0,0.0,0.0
1816,2013-01-01,63,2,16029.625,2,16029.625,1,7971.9658,91.0,,0.6923076923076923,0,,0.8520459399393312,0.06616870326036947,0.0691921114810858,0.012593245319213645
1822,2013-01-01,32,3,18028.8539,2,12080.554,1,7046.91,92.0,0.0,0.3478260869565217,1,0.7084062778479971,0.7556789841200056,0.1820908038974125,0.05803141485327584,0.0041987943559740094
1824,2013-01-01,1,1,469.794,1,469.794,1,469.794,,,,0,,1.0,0.0,0.0,0.0
1826,2013-01-01,124,2,2418.8216,1,40.373,0,0.0,92.0,,1.3478260869565215,1,-4.051995564990828,0.0,0.9684280146993891,0.014880799807641868,0.016691185492968972
1828,2013-01-01,1,5,5257.680300000001,2,1105.2709,1,324.4527,91.25,1.5,0.010958904109589,1,-1.3229347293133236,0.7274686519071918,0.2725313480928081,0.0,0.0
1830,2013-01-01,63,2,107718.9382,2,107718.9382,1,35416.9871,91.0,,0.6923076923076923,0,,0.7749705004983052,0.22478698922043402,0.0001311644937844365,0.00011134532330546125
1832,2013-01-01,1,3,111636.601,2,58466.5531,1,25710.6223,92.0,0.0,0.0108695652173913,1,0.0949579166962735,0.6389660170681837,0.28138379723689366,0.06772903685951527,0.011921148512932599
1834,2013-01-01,1,3,117541.3642,2,68999.53289999999,1,25503.1481,92.0,0.0,0.0108695652173913,1,0.3516676999454464,0.6410359630656729,0.28266620713595564,0.06309460036027044,0.013203229506162224
1836,2013-01-01,63,2,79816.2487,2,79816.2487,1,31548.6467,91.0,,0.6923076923076923,0,,0.7508970200449924,0.2350860069924584,0.013511148739316785,0.0005058243234625984
1838,2013-01-01,1,2,686.3794,2,686.3794,1,672.2505,92.0,,0.0108695652173913,0,,0.8745345504250274,0.0,0.12546544957497266,0.0
1840,2013-01-01,32,3,213869.4374,2,121152.5315,1,54444.9062,92.0,0.0,0.3478260869565217,1,0.2674969830782814,0.6512896938120434,0.3056045416707119,0.036290823650897204,0.006814941188974204
1842,2013-01-01,63,2,117354.2911,2,117354.2911,1,42866.5361,91.0,,0.6923076923076923,0,,0.8379160794061496,0.16165150351285282,8.839046193173246e-05,0.00034402661906582805
1844,2013-01-01,63,2,174683.81410000002,2,174683.81410000002,1,72958.7103,91.0,,0.6923076923076923,0,,0.7634086231232569,0.2309242528555483,0.005667123895252754,0.0
1858,2013-01-01,1,3,101751.2141,2,62377.9905,1,22243.3338,92.0,0.0,0.0108695652173913,1,0.4601171491210571,0.7102432756131606,0.28523413658215996,0.0043751694162831615,0.00014741838839640932
1862,2013-01-01,124,2,1777.2584000000002,1,1409.382,0,0.0,92.0,,1.3478260869565215,1,1.3411542400857748,0.7930090525947155,0.20699094740528443,0.0,0.0
1864,2013-01-01,93,3,6747.2705,1,647.994,0,0.0,92.0,0.0,1.0108695652173914,1,-2.24066590533392,0.9963993588222082,0.00360064117779182,0.0,0.0
1868,2013-01-01,1,3,114944.3391,2,60084.8469,1,24520.0453,92.0,0.0,0.0108695652173913,1,0.0909808638982117,0.6915164019591113,0.30120931027215764,0.007274287559934302,0.0
1876,2013-01-01,63,3,2376.0274,2,2197.4466,1,635.8102,91.5,0.7071067811865476,0.6885245901639344,1,2.504881053115917,0.0,1.0,0.0,0.0
1878,2013-01-01,32,3,108271.1033,2,71699.254,1,30333.7908,92.0,0.0,0.3478260869565217,1,0.6731881474210955,0.8830305749733687,0.10114396331269304,0.015825461492272427,0.0
1882,2013-01-01,32,4,136843.6673,2,63002.1912,1,32159.5245,91.66666666666669,0.5773502691896247,0.349090909090909,1,-0.158748743870726,0.9037169906363653,0.08325558737784573,0.013027421561947574,0.0
1896,2013-01-01,1,5,333603.7503,2,183817.328,1,88446.7968,91.25,1.5,0.010958904109589,1,0.2047308177603302,0.9055090107001114,0.08258432549161902,0.00902636645209201,0.002880297356177533
1898,2013-01-01,32,3,87530.3339,2,51830.7626,1,22956.3155,92.0,0.0,0.3478260869565217,1,0.3728364474963701,0.8292874066141315,0.1042886813436456,0.059524241115684814,0.006899670469553642
1900,2013-01-01,1,5,182562.1924,2,85538.72589999999,1,41513.136,91.25,1.5,0.010958904109589,1,-0.1259822802122272,0.9159902365414407,0.08175402258151233,0.0008182882667879266,0.0014374526102590782
1916,2013-01-01,63,2,109994.5387,2,109994.5387,1,49713.2287,91.0,,0.6923076923076923,0,,0.8482023844334737,0.12410097593327149,0.021626447350153757,0.006070192283101052
1924,2013-01-01,1,3,711.7311,2,677.9566,1,404.865,92.0,0.0,0.0108695652173913,1,2.9716728484291903,0.0,0.8447312475174964,0.1552687524825036,0.0
1944,2013-01-01,1,3,140728.8123,2,89815.87640000001,1,42594.4535,92.0,0.0,0.0108695652173913,1,0.5676362149689975,0.8799608585910024,0.11975225630466008,0.0,0.00028688510433765664
1946,2013-01-01,1,5,55849.4109,2,1492.8757,1,1308.9375,91.25,1.5,0.010958904109589,1,-3.594209362306767,0.9676503230582867,0.03234967694171328,0.0,0.0
1948,2013-01-01,32,3,80152.9087,2,46859.0583,1,20553.594,92.0,0.0,0.3478260869565217,1,0.3417629348249811,0.8181749179615236,0.17176707899060936,0.010058002948057703,0.0
1952,2013-01-01,32,2,58.069,1,33.7745,1,33.7745,184.0,,0.1739130434782608,1,0.3182973787647087,0.0,1.0,0.0,0.0
1960,2013-01-01,63,1,1529.5854,1,1529.5854,1,1529.5854,,,,0,,0.0,1.0,0.0,0.0
1962,2013-01-01,1,3,289303.2579,2,141912.32510000002,1,53917.6388,92.0,0.0,0.0108695652173913,1,-0.0378787636512729,0.7834525964977043,0.18482409630686705,0.026128375054845863,0.005594932126756392
1964,2013-01-01,32,3,4647.151,2,3208.3,1,1899.3625,92.0,0.0,0.3478260869565217,1,0.8015132088136321,0.9443718312574737,0.043538933854312026,0.0077453906705420164,0.00434384421767229
1966,2013-01-01,63,2,51202.6659,2,51202.6659,1,24679.6632,91.0,,0.6923076923076923,0,,0.7995428027117627,0.20018125657789237,0.00027594071034492754,0.0
1968,2013-01-01,63,4,51077.0353,2,8918.303,1,4049.6465,91.66666666666669,0.5773502691896278,0.6872727272727273,1,-1.5532477500670012,0.8662217949834687,0.12179755468305342,0.008818916316390039,0.0031617340170877147
1970,2013-01-01,1,5,164883.5653,2,59335.863,1,25187.5169,91.25,1.5,0.010958904109589,1,-0.5759417309530299,0.7740772882232188,0.22254241551143852,0.0031983496902222796,0.00018194657512054661
1972,2013-01-01,1,3,114948.3209,2,61532.3784,1,23124.2315,92.0,0.0,0.0108695652173913,1,0.1414517948688498,0.6719537753595841,0.3230156509402305,0.005030573700185297,0.0
1976,2013-01-01,32,3,142557.8217,2,71840.52470000001,1,22843.3007,92.0,0.0,0.3478260869565217,1,0.0157583101639797,0.7268867225683766,0.21126805138325144,0.05161690517048634,0.010228320835797396
1978,2013-01-01,63,2,1131.8667,2,1131.8667,1,250.83,91.0,,0.6923076923076923,0,,0.0,0.8791695170464862,0.12083048295351388,0.0
1982,2013-01-01,1,3,250435.7473,2,156844.1256,1,70164.5193,92.0,0.0,0.0108695652173913,1,0.5163073049437958,0.8876666330454016,0.09501551458424722,0.01449254085780429,0.002825311512546995
1984,2013-01-01,63,2,75083.94279999999,2,75083.94279999999,1,36265.7138,91.0,,0.6923076923076923,0,,0.8422610752934515,0.13713772500503266,0.02060119936855527,0.0
1986,2013-01-01,32,3,3505.2179,2,1227.0635,1,878.358,92.0,0.0,0.3478260869565217,1,-0.6183659584956613,0.3697310800563925,0.5351710659699643,0.09081851944211514,0.004279334531527983
1988,2013-01-01,1,3,5146.9497,2,4458.183,1,1839.291,92.0,0.0,0.0108695652173913,1,1.8663674199022025,0.7216964836473921,0.21816974430505895,0.031471455802258956,0.028662316245289907
1992,2013-01-01,1,5,375493.4641,2,178796.6498,1,78580.1157,91.25,1.5,0.010958904109589,1,-0.0954138951301004,0.9040155881637355,0.08452543395415121,0.008975268808147545,0.0024837090100498505
1994,2013-01-01,63,2,70739.6569,2,70739.6569,1,31261.9011,91.0,,0.6923076923076923,0,,0.8407163153769834,0.09795064612477644,0.051813144290214955,0.009519893501208089
292,2013-04-01,63,4,85329.9454,2,56795.4192,1,24232.7654,91.0,1.0,0.6923076923076923,1,0.688323437156038,0.7608955935180992,0.1791098837384232,0.05195528731698918,0.008039235192104083
296,2013-04-01,63,4,216827.6192,2,95256.093,1,41071.8424,91.0,1.0,0.6923076923076923,1,-0.2439315297235857,0.8714256749077472,0.11705144987359618,0.00931023504961309,0.002212640169043557
298,2013-04-01,63,4,16331.117,2,4971.4072,1,2485.7036,91.0,1.0,0.6923076923076923,1,-0.8262568248081319,0.6743155918238783,0.32182426958302973,0.003860140123911916,0.0
302,2013-04-01,32,4,5071.5381,2,3525.8948,1,2131.8743,91.33333333333331,1.1547005383792497,0.3503649635036496,1,0.8243308540632857,0.7691984804373254,0.1570394985300416,0.07376202103263309,0.0
304,2013-04-01,63,3,6587.3763,2,4474.8368,1,405.585,90.5,0.7071067811865476,0.6961325966850829,1,0.750329298431077,0.37531037964234715,0.6177691108977637,0.006920509459889213,0.0
308,2013-04-01,153,1,20.52,1,20.52,0,0.0,,,,0,,0.0,1.0,0.0,0.0
312,2013-04-01,63,3,1989.7412,2,1267.1463,1,1242.8518,136.5,65.76093065034893,0.4615384615384615,1,0.5610798014870415,0.6246298764884599,0.37537012351154014,0.0,0.0
318,2013-04-01,32,4,274274.1898,2,120751.8981,1,49152.4316,91.33333333333331,1.1547005383792497,0.3503649635036496,1,-0.240105999902747,0.8603816153903374,0.11257191716987437,0.02350478850635183,0.0035416787511370856
324,2013-04-01,63,3,103191.2845,2,59173.3272,1,26975.8649,90.5,0.7071067811865476,0.6961325966850829,1,0.2958673968118663,0.8120781246792214,0.14079226623058463,0.04212625001290686,0.005003358592750147
326,2013-04-01,122,3,598.641,1,209.256,0,0.0,92.0,0.0,1.326086956521739,1,-0.6188075957683585,0.0,1.0,0.0,0.0
332,2013-04-01,2,3,7786.2085,1,2504.5058,1,2504.5058,136.5,62.932503525602726,0.0146520146520146,1,-0.7459472114326848,0.6350486761303656,0.35616887217957244,0.008782451690061987,0.0
336,2013-04-01,2,1,149.031,1,149.031,1,149.031,,,,0,,0.0,1.0,0.0,0.0
340,2013-04-01,2,4,139659.6112,2,55844.7605,1,32258.7344,91.0,1.7320508075688772,0.0219780219780219,1,-0.4060285248162429,0.6496409485923014,0.26374667080556785,0.07287063614566328,0.013741743883646153
342,2013-04-01,153,3,1061.1145,1,489.9805,0,0.0,91.5,0.7071067811865476,1.6721311475409837,1,-0.1529688175398833,0.4427363870722717,0.538239746983007,0.0,0.01902386594472133
344,2013-04-01,2,4,189720.7097,2,91120.4747,1,46990.45,91.0,1.7320508075688772,0.0219780219780219,1,-0.0788902837243874,0.8836391802723684,0.08926956960460918,0.02224789906528586,0.004843351057736423
348,2013-04-01,2,3,3381.2525,2,922.3347,1,780.7197,136.5,67.17514421272202,0.0146520146520146,1,-0.9798914230773974,0.7272209928125747,0.27277900718742537,0.0,0.0
352,2013-04-01,2,4,194423.137,2,86185.7752,1,45752.4717,91.0,1.7320508075688772,0.0219780219780219,1,-0.2278191029165537,0.8759313985351446,0.12240359386856309,0.0012496969432192631,0.0004153106530731474
356,2013-04-01,2,3,11767.5766,2,11426.5868,1,894.24,136.5,67.17514421272202,0.0146520146520146,1,3.509004693832707,0.69779679190701,0.2963921560536092,0.005811052039380819,0.0
366,2013-04-01,32,4,21517.1162,2,8327.048999999999,1,4568.697,91.33333333333331,1.1547005383792497,0.3503649635036496,1,-0.4599106581753727,0.8012895241045359,0.13655182565775242,0.0572333061992759,0.004925345432674663
368,2013-04-01,2,4,37628.6418,2,14447.2457,1,6711.1976,91.0,1.7320508075688772,0.0219780219780219,1,-0.4728201995092487,0.8860992745159355,0.04425320501469708,0.06535578969528473,0.004291730774082843
370,2013-04-01,2,4,142030.7292,2,61038.0315,1,29909.6622,91.0,1.7320508075688772,0.0219780219780219,1,-0.2828578252670404,0.7928538305357091,0.15238588171664472,0.047616340471481576,0.007143946987494591
372,2013-04-01,2,4,270864.20160000003,2,132408.2899,1,69705.7546,91.0,1.7320508075688772,0.0219780219780219,1,-0.0446613639151234,0.8343893199949535,0.1334916939426225,0.028781948193777107,0.0033370375068419523
382,2013-04-01,63,3,1253.9947000000002,2,1070.0565,1,469.794,90.5,0.7071067811865476,0.6961325966850829,1,1.7563791082756015,0.8533181998297121,0.14668180017028778,0.0,0.0
386,2013-04-01,63,3,9191.3197,2,4834.4622,1,1376.4765,90.5,0.7071067811865476,0.6961325966850829,1,0.1039961814566492,0.28482036154177076,0.7151796384582292,0.0,0.0
388,2013-04-01,63,4,40076.8852,2,17382.378,1,10335.468,91.0,1.0,0.6923076923076923,1,-0.2666525219072273,0.9155832349965162,0.07395362901106896,0.007944664322366051,0.0025184716700488493
392,2013-04-01,32,4,28152.1695,2,8491.3156,1,4263.1696,91.33333333333331,1.1547005383792497,0.3503649635036496,1,-0.8395187007999336,0.5957496739283272,0.3477932206965435,0.05089996705227283,0.005557136546794377
398,2013-04-01,63,3,7520.2792,2,4998.5816,1,2539.6638,90.5,0.7071067811865476,0.6961325966850829,1,0.6840254237699979,0.9844766401758063,0.0,0.004786258467637744,0.010737101356556016
406,2013-04-01,63,2,491.04,2,491.04,1,107.988,90.0,,0.7,0,,0.0,0.7336632453567937,0.2663367546432063,0.0
412,2013-04-01,2,4,24027.8658,2,12265.9595,1,5219.0495,91.0,1.7320508075688772,0.0219780219780219,1,0.0419583822128881,0.730269015402941,0.19344843768854408,0.06872138848053663,0.0075611584279782346
414,2013-04-01,2,4,37488.9416,2,13045.7158,1,6670.4813,91.0,1.7320508075688772,0.0219780219780219,1,-0.627857585169636,0.9207675124122471,0.01373295638733103,0.06226873825640359,0.0032307927306221952
418,2013-04-01,91,3,1892.5972,1,209.256,0,0.0,92.0,0.0,0.9891304347826086,1,-2.080803951204386,0.0,0.9879562328423608,0.01204376715763925,0.0
422,2013-04-01,2,4,108158.6231,2,57367.7218,1,37329.3665,91.0,1.7320508075688772,0.0219780219780219,1,0.1217623197814727,0.7467878074346529,0.25207150959006613,0.0011406829752809604,0.0
428,2013-04-01,2,4,33397.0922,2,5634.425499999999,1,2993.1557,91.0,1.7320508075688772,0.0219780219780219,1,-1.5946555578058526,0.8871296196259865,0.03874436110338972,0.0686860703699228,0.0054399496492691666
430,2013-04-01,32,1,249.54,1,249.54,1,249.54,,,,0,,0.0,1.0,0.0,0.0
432,2013-04-01,63,3,155296.146,2,98478.3106,1,47084.1057,90.5,0.7071067811865476,0.6961325966850829,1,0.549978601533649,0.8797103342152484,0.10002783327282314,0.01699507404388516,0.0032667584680433734
440,2013-04-01,32,4,116926.7595,2,60347.8039,1,38642.3176,91.33333333333331,1.1547005383792497,0.3503649635036496,1,0.0644863468166967,0.8176630825042235,0.11901515324214558,0.0554498348087719,0.007871928837641309
452,2013-04-01,2,4,9669.7591,2,3758.352,1,1879.176,91.0,1.7320508075688772,0.0219780219780219,1,-0.4528064390970829,0.6971780610335991,0.23770993426299525,0.05049886920140544,0.014613135502000251
466,2013-04-01,2,4,11200.2977,2,3939.1107,1,3870.7287,91.0,1.7320508075688772,0.0219780219780219,1,-0.6114722037807212,0.8781615867228245,0.07706567478112658,0.04477273849604909,0.0
472,2013-04-01,63,3,133324.8997,2,78523.54550000001,1,34218.0617,90.5,0.7071067811865476,0.6961325966850829,1,0.3596781045571067,0.6088931863640472,0.32500294466750684,0.05692386221236362,0.009180006426061463
474,2013-04-01,2,4,191772.841,2,64458.4334,1,41637.5885,91.0,1.7320508075688772,0.0219780219780219,1,-0.6806314456164326,0.7701092987405866,0.22891584319804703,0.0009748580613664685,0.0
478,2013-04-01,63,4,259398.4224,2,104381.647,1,36603.1395,91.0,1.0,0.6923076923076923,1,-0.3954763451860454,0.7040255283179394,0.2911248090921312,0.0043049193964565914,0.0005447430970960292
484,2013-04-01,32,3,572.4688,1,44.994,1,44.994,137.0,63.63961030678928,0.2335766423357664,1,-2.4414841688551285,0.820645596755666,0.0,0.17935440324433402,0.0
492,2013-04-01,63,3,5516.9394,2,5228.8224,1,803.0295,90.5,0.7071067811865476,0.6961325966850829,1,2.895301148071644,0.0,0.849204162003302,0.12257076813278028,0.028225069863917665
494,2013-04-01,2,4,7942.4078,2,3601.5248,1,2184.6753,91.0,1.7320508075688772,0.0219780219780219,1,-0.1866731920091595,0.16480361282884518,0.8301131679488932,0.0,0.005083219222261541
496,2013-04-01,32,4,20041.9802,2,7730.706899999999,1,3502.5609,91.33333333333331,1.1547005383792497,0.3503649635036496,1,-0.4652669409162069,0.80635313670253,0.13127776166548652,0.057836650292669184,0.004532453335125039
498,2013-04-01,2,4,26480.3956,2,8847.5452,1,3792.9456,91.0,1.7320508075688772,0.0219780219780219,1,-0.6895673116911567,0.9331323622672767,0.03932242991113018,0.02754520782159312,0.0
504,2013-04-01,153,2,2505.8901,1,1242.8518,0,0.0,91.0,,1.6813186813186811,1,-0.0160987405110928,0.9919443793644421,0.0,0.0,0.0080556206355578
506,2013-04-01,63,3,10035.8421,2,5772.9385,1,2348.97,90.5,0.7071067811865476,0.6961325966850829,1,0.3031693512609514,0.7957974946616587,0.1504611356928384,0.04770704792176832,0.006034321723734574
510,2013-04-01,63,3,313.0719,2,259.0779,1,94.367,90.5,0.7071067811865476,0.6961325966850829,1,1.5537571131518826,0.0,0.0,0.679393136209286,0.32060686379071385
512,2013-04-01,63,4,18054.8311,2,6188.7354,1,2348.97,91.0,1.0,0.6923076923076923,1,-0.6508771636129502,0.8115359495110426,0.09477441746879593,0.08184465796525785,0.011844973725619622
516,2013-04-01,63,3,102953.6697,2,67971.36290000001,1,32553.2291,90.5,0.7071067811865476,0.6961325966850829,1,0.6642301954788721,0.8772829930509994,0.0882200598236665,0.030361363282225967,0.004135583522575495
518,2013-04-01,32,4,290896.8144,2,137827.9693,1,73963.2625,91.33333333333331,1.1547005383792497,0.3503649635036496,1,-0.1048807575220767,0.8686440467255939,0.10443028351017927,0.023197634288015773,0.003728035599966337
520,2013-04-01,63,4,26201.0151,2,1817.3284,1,1633.3902,91.0,1.0,0.6923076923076923,1,-2.5960377235111425,0.8695090977601093,0.13049090223989068,0.0,0.0
524,2013-04-01,91,1,647.994,1,647.994,0,0.0,,,,0,,1.0,0.0,0.0,0.0
526,2013-04-01,63,3,2368.3167,2,1876.9107,1,1601.5227,90.5,0.7071067811865476,0.6961325966850829,1,1.338611528600583,0.2736095219022017,0.7263904780977983,0.0,0.0
534,2013-04-01,32,4,197299.0964,2,73305.1216,1,42641.7932,91.33333333333331,1.1547005383792497,0.3503649635036496,1,-0.5255969192472207,0.7498587148927257,0.1919481831950245,0.04959693234560602,0.008596169323358339
536,2013-04-01,2,4,2823.6349,2,2525.4469,1,647.994,91.0,1.7320508075688772,0.0219780219780219,1,2.133497068949458,0.8943956954208209,0.10560430457917912,0.0,0.0
540,2013-04-01,2,3,3573.4611,2,1019.3755,1,283.23,136.5,67.17514421272202,0.0146520146520146,1,-0.9179150292246891,0.6956011358287907,0.2852627946614558,0.019136069509753446,0.0
544,2013-04-01,63,4,38333.5298,2,22966.1444,1,13624.026,91.0,1.0,0.6923076923076923,1,0.4017521870601275,0.7975995312594458,0.17087076859799122,0.026790285302659506,0.00473941483990342
546,2013-04-01,2,4,2453.9932,2,430.5172,1,86.5212,91.0,1.7320508075688772,0.0219780219780219,1,-1.5457588099437594,0.0,0.8983212341419692,0.06877484420087228,0.03290392165715863
548,2013-04-01,32,4,357708.7747,2,182525.7515,1,96605.9056,91.33333333333331,1.1547005383792497,0.3503649635036496,1,0.0410597632786249,0.8998951911928036,0.08464960700333639,0.0123214715984992,0.0031337301997696842
556,2013-04-01,2,4,25673.2045,2,9742.2973,1,5514.1513,91.0,1.7320508075688772,0.0219780219780219,1,-0.4917442483542356,0.7630683501157793,0.18385502674588208,0.04835890276182703,0.004717720376511627
558,2013-04-01,32,3,2136.6378,1,469.794,1,469.794,137.0,63.63961030678928,0.2335766423357664,1,-1.264866302409953,0.2198753574424266,0.7308849445610296,0.030344122901878833,0.018895575094665086
560,2013-04-01,153,2,15123.477600000002,1,8699.9626,0,0.0,91.0,,1.6813186813186811,1,0.3033125216674186,0.9861634998553507,0.013836500144649268,0.0,0.0
562,2013-04-01,2,4,164908.6018,2,59108.238,1,36530.6354,91.0,1.7320508075688772,0.0219780219780219,1,-0.582176186166862,0.8024619089336067,0.12388801904207278,0.06129395627439004,0.012356115701418797
568,2013-04-01,32,4,1774.251,2,861.546,1,213.552,91.33333333333331,1.1547005383792497,0.3503649635036496,1,-0.0576192814285896,0.73044231058627,0.11065458043985886,0.15890310897387122,0.0
570,2013-04-01,32,4,130031.0435,2,62898.716100000005,1,36206.1428,91.33333333333331,1.1547005383792497,0.3503649635036496,1,-0.0651389530523225,0.8523997363752603,0.13444036769573414,0.013159895675220048,0.0
574,2013-04-01,32,2,559.7819999999999,2,559.7819999999999,1,89.988,90.0,,0.3555555555555555,0,,0.8392445630620492,0.0,0.16075543693795086,0.0
584,2013-04-01,32,3,1096.1995,2,912.2613,1,508.3909,91.0,1.4142135623730951,0.3516483516483517,1,1.5970003237747887,0.0,0.9671647359809963,0.03283526401900384,0.0
590,2013-04-01,32,4,28198.3467,2,8184.7919,1,4336.8572,91.33333333333331,1.1547005383792497,0.3503649635036496,1,-0.8940597925838158,0.829832261052383,0.07469554943801014,0.08956621205029726,0.005905977104678978
592,2013-04-01,32,4,370636.4495,2,142318.0473,1,88328.0713,91.33333333333331,1.1547005383792497,0.3503649635036496,1,-0.4726741862045465,0.762367026451887,0.2055659027243083,0.027277735785670484,0.004789335054322551
598,2013-04-01,2,4,379531.5501,2,179515.5172,1,105310.5088,91.0,1.7320508075688772,0.0219780219780219,1,-0.1081353058994949,0.8852610756904765,0.10091148071855648,0.011028203317740463,0.0027992402732264976
600,2013-04-01,2,4,181777.8716,2,95937.3669,1,45674.4609,91.0,1.7320508075688772,0.0219780219780219,1,0.1112033465391331,0.9346927857857039,0.06503116026142315,0.0002760539528728864,0.0
602,2013-04-01,2,4,187701.7401,2,85921.6427,1,43180.9774,91.0,1.7320508075688772,0.0219780219780219,1,-0.1693770152124436,0.9120591381241011,0.06725611277377817,0.016332525198576996,0.004352223903543876
604,2013-04-01,2,3,1940.9638,1,170.7286,1,170.7286,136.5,62.932503525602726,0.0146520146520146,1,-2.3335171116585744,0.0,0.47988978465234644,0.41610776048476533,0.10400245486288823
608,2013-04-01,2,4,9080.4048,2,387.498,1,182.352,91.0,1.7320508075688772,0.0219780219780219,1,-3.1080896696651683,0.8138564813762488,0.12589774632073672,0.06024577230301451,0.0
612,2013-04-01,63,3,15656.8935,2,2531.2916,1,45.588,136.5,65.76093065034893,0.4615384615384615,1,-1.6455161870264332,0.6504558742767204,0.3459699141467622,0.003574208383035881,0.0
620,2013-04-01,2,3,4837.8845,2,4602.6185,1,517.2087,90.5,2.1213203435596424,0.0220994475138121,1,2.969639614732051,0.6559563172704929,0.23377862782792766,0.11026505490157938,0.0
622,2013-04-01,2,4,142176.8161,2,56546.5211,1,39485.6067,91.0,1.7320508075688772,0.0219780219780219,1,-0.414969446070673,0.6999277391681583,0.21054553141030705,0.07647434406149992,0.013052386112618823
628,2013-04-01,91,3,1361.5898000000002,1,647.994,0,0.0,92.0,0.0,0.9891304347826086,1,-0.0962935964890414,0.9518197037022457,0.04818029629775428,0.0,0.0
634,2013-04-01,91,3,16398.2065,1,2348.97,0,0.0,92.0,0.0,0.9891304347826086,1,-1.7882366662611648,0.8422837948772018,0.15771620512279805,0.0,0.0
638,2013-04-01,63,3,12925.6534,2,4315.482,1,2527.2998,90.5,0.7071067811865476,0.6961325966850829,1,-0.6906196416493255,0.8602042276640344,0.029460870426867552,0.10252620575451915,0.007808696154578926
640,2013-04-01,32,4,19957.4547,2,10000.752,1,6712.194,91.33333333333331,1.1547005383792497,0.3503649635036496,1,0.0044138852666577,0.9898475530549495,0.010152446945050565,0.0,0.0
642,2013-04-01,63,4,135249.67810000002,2,66103.46410000001,1,23383.1281,91.0,1.0,0.6923076923076923,1,-0.0450014879434039,0.7888034898916332,0.1430587767143824,0.056624497533646984,0.01151323627438637
648,2013-04-01,63,4,320777.5737,2,174046.1624,1,86352.4057,91.0,1.0,0.6923076923076923,1,0.1707157140935997,0.8764474300904035,0.09831738558349223,0.01912581605139811,0.006109368199887971
650,2013-04-01,2,2,1915.9335,1,606.996,1,606.996,273.0,,0.0073260073260073,1,-0.7675664021362216,0.6831852462520228,0.31681475374797713,0.0,0.0
654,2013-04-01,63,2,16268.6523,1,1317.6898,1,1317.6898,273.0,,0.2307692307692307,1,-2.4282038942132558,0.7191558163056936,0.2808441852310041,0.0,0.0
658,2013-04-01,153,2,1272.3885,1,1070.0565,0,0.0,91.0,,1.6813186813186811,1,1.661560712390691,0.8409825300998869,0.15901746990011303,0.0,0.0
662,2013-04-01,32,4,360590.8171,2,144053.4877,1,97791.621,91.33333333333331,1.1547005383792497,0.3503649635036496,1,-0.4075759580698381,0.7977353417384073,0.2005263158987972,0.0016967439851090984,4.159839709905913e-05
664,2013-04-01,32,4,233197.6438,2,116277.977,1,80512.2219,91.33333333333331,1.1547005383792497,0.3503649635036496,1,-0.0055033653492433,0.8242920576712963,0.13897172317827683,0.03271671038641944,0.0040195084938504
668,2013-04-01,63,4,118372.5971,2,72782.1917,1,36476.2562,91.0,1.0,0.6923076923076923,1,0.4677658246173024,0.8640218642714903,0.10954016907347215,0.02184326684000752,0.0045946993926350215
672,2013-04-01,63,4,159864.4424,2,90112.4305,1,41602.4379,91.0,1.0,0.6923076923076923,1,0.2561086145276032,0.9118518015110533,0.0632163028143149,0.01970918330992158,0.005222712364710315
684,2013-04-01,32,4,25255.4353,2,5578.8616,1,4030.2867,91.33333333333331,1.1547005383792497,0.3503649635036496,1,-1.2603156232037005,0.8794391122611138,0.07419929523052014,0.046361592191602415,0.0
692,2013-04-01,32,4,134520.01799999998,2,59724.2611,1,36459.767,91.33333333333331,1.1547005383792497,0.3503649635036496,1,-0.2250194621826597,0.7454043508974256,0.24839052876130302,0.006205120341271439,0.0
694,2013-04-01,63,3,19377.5783,1,183.9382,1,183.9382,136.5,62.932503525602726,0.4615384615384615,1,-4.642364642368941,0.8906447251976786,0.09256884282593764,0.010535960522992698,0.006250471453391056
698,2013-04-01,32,2,5537.0835,1,4228.146,1,4228.146,274.0,,0.1167883211678832,1,1.1720206552712078,1.0,0.0,0.0,0.0
700,2013-04-01,2,3,6417.1108,2,4931.2285,1,3701.7696,136.5,67.17514421272202,0.0146520146520146,1,1.1991094026291798,0.962127738233848,0.03787226176615183,0.0,0.0
702,2013-04-01,63,3,31053.5667,2,18122.328,1,7046.91,90.5,0.7071067811865476,0.6961325966850829,1,0.3374766304284406,0.922838728216041,0.07716127178395904,0.0,0.0
710,2013-04-01,2,4,47318.0679,2,21832.5171,1,11497.0491,91.0,1.7320508075688772,0.0219780219780219,1,-0.154704622690323,0.731725096493215,0.21249190311931565,0.051516869943880356,0.004266129386910153
716,2013-04-01,63,4,19430.004,2,8267.541799999999,1,4228.146,91.0,1.0,0.6923076923076923,1,-0.3001879723899705,0.8991716368148971,0.061493193722451114,0.03933516946265168,0.0
722,2013-04-01,32,2,514.788,1,44.994,1,44.994,182.0,,0.1758241758241758,1,-2.3259096778407016,0.9125970302338049,0.0,0.08740296976619501,0.0
726,2013-04-01,153,3,2270.6447,1,107.2672,0,0.0,91.5,0.7071067811865476,1.6721311475409837,1,-2.995285824508225,0.3852623882547543,0.5103443088211908,0.059942271021089295,0.04445103190296571
728,2013-04-01,2,4,12826.062,2,3960.873,1,2551.491,91.0,1.7320508075688772,0.0219780219780219,1,-0.8055281602432522,0.9157019512302372,0.05974195353180111,0.02455609523796158,0.0
732,2013-04-01,2,4,19353.853,2,10303.1882,1,5605.2482,91.0,1.7320508075688772,0.0219780219780219,1,0.1296017373516047,0.703943860687585,0.22961910478497488,0.05913587852506682,0.007301156002373274
734,2013-04-01,63,3,11257.6728,2,6306.8525,1,2595.6818,90.5,0.7071067811865476,0.6961325966850829,1,0.2420400394661772,0.8772550131320215,0.09183660942783842,0.030908377440140206,0.0
738,2013-04-01,2,4,15021.570500000002,2,2686.8578,1,2550.0938,91.0,1.7320508075688772,0.0219780219780219,1,-1.5237540075149134,0.903874831196911,0.0414981243139657,0.05462704448912316,0.0
744,2013-04-01,32,4,31002.8398,2,14116.1477,1,5373.1714,91.33333333333331,1.1547005383792497,0.3503649635036496,1,-0.1791948710889936,0.9159835351598984,0.03578472188860583,0.042860015681531215,0.005371726947413378
746,2013-04-01,2,4,48131.2184,2,17781.6394,1,9795.1414,91.0,1.7320508075688772,0.0219780219780219,1,-0.5345929279909907,0.8691896255840472,0.10111536258138855,0.02801738964497105,0.0016776221895932724
752,2013-04-01,63,4,29926.8144,2,13997.3126,1,3916.3167,91.0,1.0,0.6923076923076923,1,-0.1292988299600281,0.9358982875905428,0.044108136013300506,0.019993574725414142,0.0
762,2013-04-01,32,4,293715.9482,2,112124.694,1,75104.6539,91.33333333333331,1.1547005383792497,0.3503649635036496,1,-0.4821433022933927,0.8499179856383433,0.14595518047528347,0.003594668272085336,0.0005321655189576798
764,2013-04-01,63,4,98015.617,2,33436.0069,1,3372.3862,91.0,1.0,0.6923076923076923,1,-0.6582509348511785,0.6476408920121373,0.3380677162905581,0.010996161968760548,0.003295229983605572
766,2013-04-01,2,3,9015.491,2,8806.235,1,647.994,136.5,67.17514421272202,0.0146520146520146,1,3.735002985868272,0.9767892841332769,0.023210715866723176,0.0,0.0
768,2013-04-01,32,4,184988.3638,2,68690.3149,1,39283.2714,91.33333333333331,1.1547005383792497,0.3503649635036496,1,-0.5265421109362567,0.7335661979621229,0.202914448395159,0.05377968865520611,0.009739665311856766
776,2013-04-01,63,3,2942.3951,2,2158.3391,1,1833.8864,90.5,0.7071067811865476,0.6961325966850829,1,1.0118024288193157,0.6579007693426352,0.3420992306573648,0.0,0.0
780,2013-04-01,2,4,91742.4551,2,49672.8756,1,26049.4939,91.0,1.7320508075688772,0.0219780219780219,1,0.1661304808845294,0.715038647357934,0.2830173355585292,0.001813281537088492,0.0001307355464482223
782,2013-04-01,2,4,112263.7268,2,37659.7991,1,31536.6745,91.0,1.7320508075688772,0.0219780219780219,1,-0.6835868181842901,0.7282572870010939,0.17205138427668873,0.08468855751544496,0.015002771135511598
786,2013-04-01,63,3,327172.0022,2,181017.4369,1,80564.8492,90.5,0.7071067811865476,0.6961325966850829,1,0.2139273172015166,0.792681093217334,0.18084491086688712,0.022286149422843248,0.0041878464012407475
788,2013-04-01,63,4,116102.5546,2,56493.547300000006,1,26461.1006,91.0,1.0,0.6923076923076923,1,-0.0536793421639014,0.6331040637154077,0.28549663281913695,0.06942297008682702,0.011976334239935837
790,2013-04-01,2,4,225241.3797,2,94509.3105,1,56174.6585,91.0,1.7320508075688772,0.0219780219780219,1,-0.3244486703261433,0.7419613501861355,0.20662004007427948,0.04176184894857488,0.009656760648940388
792,2013-04-01,32,4,186417.529,2,79376.856,1,42502.1691,91.33333333333331,1.1547005383792497,0.3503649635036496,1,-0.298998788261013,0.7570751121371209,0.18349708733667422,0.05239304319927982,0.0070347570157954405
794,2013-04-01,2,4,162091.4284,2,65786.1435,1,44798.9579,91.0,1.7320508075688772,0.0219780219780219,1,-0.3811091487309337,0.7781885430037953,0.14959542980990845,0.059970216512695004,0.012245810624246432
798,2013-04-01,63,3,197135.4802,2,93835.7953,1,13841.621,90.5,0.7071067811865476,0.6961325966850829,1,-0.0960869532268446,0.7887015012379289,0.16738612931838948,0.03599198099094899,0.007920388589694368
802,2013-04-01,63,3,13955.6368,2,7255.5262,1,4228.146,90.5,0.7071067811865476,0.6961325966850829,1,0.0796279556237333,0.6732677365177632,0.24440976423232796,0.0707506876361242,0.011571811613784616
808,2013-04-01,2,4,266204.9132,2,110789.4628,1,67717.6755,91.0,1.7320508075688772,0.0219780219780219,1,-0.338467595964623,0.6421979231899465,0.30988426570483,0.04019733698513871,0.0077204739886070585
812,2013-04-01,63,4,170674.4939,2,89742.9817,1,45662.0012,91.0,1.0,0.6923076923076923,1,0.103345344185854,0.9236686958765314,0.053051100331986976,0.01836117353209272,0.00491903025938898
814,2013-04-01,63,4,348561.747,2,187720.9418,1,89758.5394,91.0,1.0,0.6923076923076923,1,0.1545405294599575,0.9057074295074611,0.09373721867419951,0.0003816107221886285,0.0001737410961507489
816,2013-04-01,2,4,379298.1467,2,174485.68709999998,1,95415.1188,91.0,1.7320508075688772,0.0219780219780219,1,-0.1602511646673896,0.8867531136819025,0.10073800763972993,0.010095378881533565,0.0024134997968340986
818,2013-04-01,2,2,362.832,2,362.832,1,153.576,89.0,,0.0224719101123595,0,,0.0,0.5767297261542532,0.4232702738457468,0.0
820,2013-04-01,32,4,3369.444,2,2617.875,1,1308.9375,91.33333333333331,1.1547005383792497,0.3503649635036496,1,1.247007428456656,0.9163734432149636,0.08362655678503633,0.0,0.0
822,2013-04-01,2,3,1791.3562000000002,2,381.9742,1,183.9382,90.5,2.1213203435596424,0.0220994475138121,1,-1.3036482446779152,0.7867681480656945,0.21323185193430538,0.0,0.0
826,2013-04-01,63,4,7786.4655,2,3169.6849,1,2186.5347,91.0,1.0,0.6923076923076923,1,-0.3759665787245847,0.619238754734096,0.38076124526590405,0.0,0.0
828,2013-04-01,63,4,266874.61360000004,2,136832.8793,1,47271.1253,91.0,1.0,0.6923076923076923,1,0.0509045084067469,0.7140872389257483,0.24532747219685339,0.03447729501087322,0.0061079938552836555
832,2013-04-01,2,4,189855.8876,2,73845.25,1,38464.61,91.0,1.7320508075688772,0.0219780219780219,1,-0.4517052811293354,0.8136393232400343,0.1861374195276734,0.00022325723229243695,0.0
836,2013-04-01,63,2,1805.454,2,1805.454,1,396.072,90.0,,0.7,0,,0.7806247071373739,0.21937529286262625,0.0,0.0
844,2013-04-01,63,2,2951.67,2,2951.67,1,667.83,90.0,,0.7,0,,0.7958105072721543,0.2041894927278456,0.0,0.0
846,2013-04-01,2,4,26017.9573,2,8969.5294,1,4974.1475,91.0,1.7320508075688772,0.0219780219780219,1,-0.6421719556331524,0.5073606412598732,0.4905640997419886,0.0020752589981381823,0.0
848,2013-04-01,2,4,135953.3799,2,65463.69899999999,1,41211.6058,91.0,1.7320508075688772,0.0219780219780219,1,-0.0739694644728885,0.7107049340815984,0.2834288572181352,0.005866208700266377,0.0
852,2013-04-01,32,4,142552.8711,2,60466.8633,1,36114.8778,91.33333333333331,1.1547005383792497,0.3503649635036496,1,-0.3056677166742734,0.6225370342611078,0.28909753821156114,0.07535045099488004,0.013014976525435974
862,2013-04-01,63,3,92187.4303,2,36585.5753,1,6125.1688,90.5,0.7071067811865476,0.6961325966850829,1,-0.4185531708195054,0.7373278415376331,0.25112917807407414,0.011542980475072424,0.0
872,2013-04-01,63,3,2502.2318,2,2481.7118,1,22.794,90.5,0.7071067811865476,0.6961325966850829,1,4.748123974206981,0.9826898531143279,0.008200679089762986,0.009109467795909236,0.0
874,2013-04-01,32,4,174866.9823,2,88196.2454,1,47965.2654,91.33333333333331,1.1547005383792497,0.3503649635036496,1,0.0174478879040123,0.6878353884648698,0.23804279888919885,0.0624216547940051,0.011700158012047995
878,2013-04-01,63,4,71270.253,2,28809.6369,1,17725.0947,91.0,1.0,0.6923076923076923,1,-0.3878558614965079,0.819667393239084,0.1803326066486673,0.0,0.0
880,2013-04-01,122,1,647.994,1,647.994,0,0.0,,,,0,,1.0,0.0,0.0,0.0
892,2013-04-01,2,4,3557.3843,2,1028.3667,1,819.1107,91.0,1.7320508075688772,0.0219780219780219,1,-0.8992825004648237,0.6987447490562095,0.2948477340499872,0.006407516893803124,0.0
900,2013-04-01,2,4,1890.2397,2,319.116,1,159.558,91.0,1.7320508075688772,0.0219780219780219,1,-1.5914992293541994,0.0,0.10386460510801884,0.8213800609520581,0.07475533393992306
902,2013-04-01,63,3,2631.8687,2,2540.6927,1,2472.3107,90.5,0.7071067811865476,0.6961325966850829,1,3.3168857623879724,0.9393746352164148,0.0,0.060625364783585135,0.0
908,2013-04-01,32,4,20073.1326,2,10726.3341,1,7907.5701,91.33333333333331,1.1547005383792497,0.3503649635036496,1,0.1376542118060015,0.7501020393797428,0.16557068426878221,0.07603067276106172,0.00829660189660681
920,2013-04-01,91,1,22.794,1,22.794,0,0.0,,,,0,,0.0,0.0,1.0,0.0
928,2013-04-01,63,3,110985.097,2,73505.4416,1,38254.4351,90.5,0.7071067811865476,0.6961325966850829,1,0.673548099318003,0.9180167360668253,0.06819324940536836,0.01379001407729544,0.0
930,2013-04-01,32,4,7780.338799999999,2,2828.064,1,1328.8962,91.33333333333331,1.1547005383792497,0.3503649635036496,1,-0.560103018694944,0.5607926096997217,0.38709611206134115,0.04432761976894888,0.00778365846998848
932,2013-04-01,32,4,356348.4699,2,159032.1864,1,78175.0524,91.33333333333331,1.1547005383792497,0.3503649635036496,1,-0.2157001093550707,0.9163801539308924,0.08361984606910752,0.0,0.0
938,2013-04-01,63,3,1203.1973,2,1137.5955,1,537.333,90.5,0.7071067811865476,0.6961325966850829,1,2.838819160078996,0.8893441665801611,0.11065583341983896,0.0,0.0
944,2013-04-01,32,4,25977.1575,2,8699.358,1,4471.212,91.33333333333331,1.1547005383792497,0.3503649635036496,1,-0.6861161133436813,0.7595653219564149,0.2321698900274212,0.0074877014546337484,0.0007770865615300672
948,2013-04-01,2,4,24616.9977,2,3155.2649,1,1743.454,91.0,1.7320508075688772,0.0219780219780219,1,-1.9169287381681563,0.8528477703030374,0.04485437312284431,0.09491765114801143,0.007380205426106857
950,2013-04-01,63,3,14173.4228,2,8456.292000000001,1,2818.764,90.5,0.7071067811865476,0.6961325966850829,1,0.3913870590446322,0.8949452915494767,0.10505470845052332,0.0,0.0
952,2013-04-01,32,3,639.9813,1,339.7375,1,339.7375,137.0,63.63961030678928,0.2335766423357664,1,0.1231924824377967,0.0,0.0,0.9526864300566282,0.04731353869245867
954,2013-04-01,32,4,170795.3572,2,59850.7816,1,31787.5245,91.33333333333331,1.1547005383792497,0.3503649635036496,1,-0.6171685718475679,0.7938256724755981,0.13756279260265514,0.05917386311130944,0.009437671681628124
958,2013-04-01,2,4,52285.9489,2,34329.7908,1,14251.5357,91.0,1.7320508075688772,0.0219780219780219,1,0.6480538270634462,0.6588651009449309,0.34086467540421744,0.0002702236508516344,0.0
962,2013-04-01,2,4,31759.1406,2,28634.414,1,4017.1687,91.0,1.7320508075688772,0.0219780219780219,1,2.2149774354109937,0.7161040875268521,0.23863400447303035,0.04271945885084812,0.002542449149269486
966,2013-04-01,63,4,2182.848,2,1611.714,1,202.332,91.0,1.0,0.6923076923076923,1,1.036300523364476,0.6456619975371625,0.35433800246283753,0.0,0.0
970,2013-04-01,2,4,129845.0859,2,41316.4705,1,26154.5589,91.0,1.7320508075688772,0.0219780219780219,1,-0.7620517082740399,0.8562588702480883,0.14074489129357187,0.0028407721204334,0.00015546602984687925
976,2013-04-01,2,4,137282.2592,2,56688.9484,1,33591.9302,91.0,1.7320508075688772,0.0219780219780219,1,-0.3518311432910046,0.6906341332995779,0.3041138552300281,0.005077276583746663,0.00017473488664731997
978,2013-04-01,63,3,210088.8538,2,106861.9686,1,36850.5686,90.5,0.7071067811865476,0.6961325966850829,1,0.0346083244421091,0.6229724144461014,0.2925619094600439,0.07293446087619142,0.011531215032027557
982,2013-04-01,32,4,77760.3221,2,16606.5423,1,11804.2083,91.33333333333331,1.1547005383792497,0.3503649635036496,1,-1.3035510766500504,0.6903633042950063,0.16733621914871158,0.11844479359480431,0.023855682794297478
986,2013-04-01,2,4,39010.7805,2,10651.2722,1,5482.7026,91.0,1.7320508075688772,0.0219780219780219,1,-0.9792244031226948,0.8862209537181651,0.04852905980694234,0.06162776958538422,0.0036222166844367544
988,2013-04-01,2,4,29806.6547,2,13712.0119,1,8074.4839,91.0,1.7320508075688772,0.0219780219780219,1,-0.1602034460151511,0.8723923620989242,0.1172693257656989,0.009661064044198158,0.0006772480911787796
998,2013-04-01,63,4,40894.782,2,18878.9613,1,6192.8825,91.0,1.0,0.6923076923076923,1,-0.1537056275636228,0.9501336490802177,0.030971787549815034,0.018894561951693496,0.0
1002,2013-04-01,32,4,18428.95,2,9305.2122,1,6016.6542,91.33333333333331,1.1547005383792497,0.3503649635036496,1,0.0196929908463552,0.842516350633107,0.07399189861603617,0.07609800211080935,0.007393747880372999
1014,2013-04-01,63,3,53814.2189,2,24891.1104,1,11605.2572,90.5,0.7071067811865476,0.6961325966850829,1,-0.1501245496587095,0.9178362783966749,0.03239085386037258,0.04714706590306006,0.002625802304453777
1016,2013-04-01,63,4,17367.2621,2,6838.5606,1,3792.9456,91.0,1.0,0.6923076923076923,1,-0.4314764883608202,0.8711398024562548,0.03061158960686152,0.09243695354836615,0.005811652949027584
1018,2013-04-01,32,4,11854.4722,2,2791.2172,1,1516.1703,91.33333333333331,1.1547005383792497,0.3503649635036496,1,-1.177502681033836,0.7293779810795794,0.09683619655373607,0.15718292375766843,0.016602896078325612
1026,2013-04-01,63,3,32115.7985,2,14968.656,1,7046.91,90.5,0.7071067811865476,0.6961325966850829,1,-0.1358646398326097,0.8484314036283419,0.14253408645592294,0.008405956339525546,0.0006285535762095406
1028,2013-04-01,2,4,14727.4354,2,2805.0921,1,1484.4572,91.0,1.7320508075688772,0.0219780219780219,1,-1.4467052968336835,0.8384460881763568,0.046200508202534706,0.10301734489359905,0.012336058184305464
1032,2013-04-01,2,4,293874.3914,2,144306.8959,1,78041.5646,91.0,1.7320508075688772,0.0219780219780219,1,-0.0358052688607823,0.8695155990240528,0.12179466584171375,0.008689735222706444,0.0
1034,2013-04-01,2,4,3193.4272,2,1090.243,1,600.2625,91.0,1.7320508075688772,0.0219780219780219,1,-0.6566104250829037,0.8920785794020919,0.10160015546933401,0.0,0.006321265128574091
1040,2013-04-01,63,3,78849.7326,2,52340.6218,1,25725.4118,90.5,0.7071067811865476,0.6961325966850829,1,0.6802656826365379,0.863232780322707,0.11912958598923643,0.01763763399243284,0.0
1044,2013-04-01,32,2,249.54,1,183.9382,1,183.9382,182.0,,0.1758241758241758,1,1.0212901110076391,0.0,1.0,0.0,0.0
1046,2013-04-01,32,4,138485.0111,2,68214.7181,1,32230.2682,91.33333333333331,1.1547005383792497,0.3503649635036496,1,-0.0296883565205892,0.8123926568396687,0.13631218822930075,0.04391206807651402,0.007383086312941776
1048,2013-04-01,32,3,1551.207,2,1168.155,1,540.387,91.0,1.4142135623730951,0.3516483516483517,1,1.1132585845550862,0.0,0.9853056361916881,0.01469436380831185,0.0
1050,2013-04-01,32,4,351273.7273,2,169694.3272,1,89596.3322,91.33333333333331,1.1547005383792497,0.3503649635036496,1,-0.0676938951677659,0.9392714904585464,0.059887449487600775,8.210235425710985e-05,0.0007589576711278288
1052,2013-04-01,2,4,134036.6408,2,54967.6944,1,30252.3325,91.0,1.7320508075688772,0.0219780219780219,1,-0.3635690277487242,0.8551240587342442,0.12957405972233227,0.0151512770155905,0.00015060434131679613
1056,2013-04-01,2,3,2679.701,2,958.899,1,540.387,90.5,2.1213203435596424,0.0220994475138121,1,-0.5842986252045117,0.0,0.9744814813294468,0.025518518670553172,0.0
1062,2013-04-01,153,2,667.8299999999999,1,198.036,0,0.0,91.0,,1.6813186813186811,1,-0.8609349181539763,0.703463456268811,0.2965365437311891,0.0,0.0
1064,2013-04-01,63,3,5567.6769,2,858.4732,1,67.539,90.5,0.7071067811865476,0.6961325966850829,1,-1.701166791065292,0.0,1.0,0.0,0.0
1066,2013-04-01,63,4,128115.672,2,71150.77170000001,1,34916.4348,91.0,1.0,0.6923076923076923,1,0.2223623766728888,0.856711958510431,0.1334346417821545,0.008592882570994123,0.0012605171364202812
1068,2013-04-01,2,3,1401.9628,1,65.6018,1,65.6018,136.5,62.932503525602726,0.0146520146520146,1,-2.999721943927769,0.9244096918976737,0.04679282503073548,0.0,0.02879748307159077
1070,2013-04-01,2,4,258976.6809,2,134932.39059999998,1,68243.9474,91.0,1.7320508075688772,0.0219780219780219,1,0.0841345104377779,0.8631650615150037,0.10812885045357765,0.025078642001392645,0.003627446288736493
1074,2013-04-01,63,2,798.2867,1,418.8197,1,418.8197,181.0,,0.3480662983425414,1,0.098425887842473,0.0,0.8817880844062664,0.06763735384793458,0.05057456174579884
1082,2013-04-01,63,3,3451.483,2,1776.7976,1,624.7205,90.5,0.7071067811865476,0.6961325966850829,1,0.0591530192315659,0.31002803722341965,0.645085025770082,0.015643710254403687,0.02924322675209468
1086,2013-04-01,32,4,185966.4477,2,87998.164,1,45918.6785,91.33333333333331,1.1547005383792497,0.3503649635036496,1,-0.1073266834748771,0.9184725836971506,0.055650502163138334,0.0217380179381681,0.00413889628758016
1090,2013-04-01,2,4,10366.1366,2,3857.7131,1,3279.9311,91.0,1.7320508075688772,0.0219780219780219,1,-0.5229171621252764,0.262230723450046,0.694025448207966,0.04374382834198808,0.0
1092,2013-04-01,63,2,1429.7236,1,648.9054,1,648.9054,181.0,,0.3480662983425414,1,-0.1847954188626479,0.0,1.0,0.0,0.0
1096,2013-04-01,32,4,2703.4467,2,1070.0565,1,600.2625,91.33333333333331,1.1547005383792497,0.3503649635036496,1,-0.4226242239098559,0.8799855384609581,0.120014461539042,0.0,0.0
1106,2013-04-01,63,2,714.5072,2,714.5072,1,648.9054,90.0,,0.7,0,,0.0,1.0,0.0,0.0
1108,2013-04-01,2,4,207970.0234,2,104050.411,1,53097.089,91.0,1.7320508075688772,0.0219780219780219,1,0.0012578481961877,0.8572017451626636,0.11651843041529417,0.02155058035157196,0.004729244070470206
1112,2013-04-01,91,2,1439.1808,1,1242.8518,0,0.0,184.0,,0.4945652173913043,1,1.8410957478542416,0.8635828104432742,0.1364171895567256,0.0,0.0
1114,2013-04-01,63,3,28631.0092,2,13185.430799999998,1,8629.0063,90.5,0.7071067811865476,0.6961325966850829,1,-0.1581991848619441,0.9059817912391296,0.014618625458721168,0.06600349595780229,0.013396087344346911
1118,2013-04-01,32,2,2479.283,1,107.988,1,107.988,274.0,,0.1167883211678832,1,-3.0803753355813805,0.0,0.9448113022998988,0.055188697700101194,0.0
1132,2013-04-01,153,2,2850.2179,1,70.3324,0,0.0,91.0,,1.6813186813186811,1,-3.663174038990169,0.0,0.793556941734174,0.13561864866542309,0.07082440960040283
1134,2013-04-01,2,4,27755.78,2,11832.4248,1,5255.3088,91.0,1.7320508075688772,0.0219780219780219,1,-0.2969215734817219,0.7735176528996843,0.15587381078823942,0.06260834680199945,0.00800018951007682
1138,2013-04-01,32,3,1818.2225,1,1691.3283,1,1691.3283,137.0,63.63961030678928,0.2335766423357664,1,2.58265719244902,0.0,0.7137799691731898,0.230708397899597,0.055511632927213256
1142,2013-04-01,2,4,20242.0481,2,9035.0214,1,4003.2158,91.0,1.7320508075688772,0.0219780219780219,1,-0.2154112243513388,0.8556232904120014,0.04495355388469806,0.08645883022084114,0.012964325482459457
1148,2013-04-01,63,2,2147.6296,1,469.794,1,469.794,273.0,,0.2307692307692307,1,-1.271435105817832,1.0,0.0,0.0,0.0
1150,2013-04-01,63,3,16939.7966,2,10873.3295,1,6577.116,90.5,0.7071067811865476,0.6961325966850829,1,0.5834636836297538,0.7210620226691505,0.2237691271924717,0.046827221054118205,0.008341629084259488
1154,2013-04-01,32,3,3794.9611,1,669.0919,1,669.0919,137.0,63.63961030678928,0.2335766423357664,1,-1.540372660195712,0.0,0.9592365518581996,0.03228365107615991,0.00847979706564054
1156,2013-04-01,2,4,19151.57,2,5145.7756,1,2618.4758,91.0,1.7320508075688772,0.0219780219780219,1,-1.0011721046664448,0.9029433096085595,0.06135100151058112,0.03570568888085937,0.0
1162,2013-04-01,32,4,18116.8705,2,7924.7688,1,5292.9001,91.33333333333331,1.1547005383792497,0.3503649635036496,1,-0.2515918630500451,0.8851714925047347,0.05903977731694886,0.05244601157799301,0.003342716392436541
1164,2013-04-01,2,4,53434.8155,2,16764.6109,1,11710.0113,91.0,1.7320508075688772,0.0219780219780219,1,-0.7826620130204773,0.9238519144882236,0.029636071261441896,0.044623123738492185,0.001888890212412168
1168,2013-04-01,63,3,1477.4851,2,793.4551,1,546.9942,90.5,0.7071067811865476,0.6961325966850829,1,0.1481938379256355,0.31796868882129503,0.5015419106426183,0.11919639663371223,0.061293003902374375
1172,2013-04-01,63,1,67.539,1,67.539,1,67.539,,,,0,,0.0,1.0,0.0,0.0
1174,2013-04-01,2,4,192756.2792,2,87556.1248,1,44161.7113,91.0,1.7320508075688772,0.0219780219780219,1,-0.1835828384237459,0.9001380895092522,0.09958179510242383,0.0002801153883240137,0.0
1182,2013-04-01,2,4,181532.4164,2,84199.88709999999,1,40518.0541,91.0,1.7320508075688772,0.0219780219780219,1,-0.1449380701320741,0.8939688537082682,0.10039669697251935,0.00563444931921261,0.0
1184,2013-04-01,32,4,192106.874,2,83158.9394,1,43579.4597,91.33333333333331,1.1547005383792497,0.3503649635036496,1,-0.2701135482713841,0.8709516911924764,0.10348563060788755,0.020474869629079486,0.005087808622610766
1186,2013-04-01,32,4,680.3558,2,537.7233,1,123.2826,91.33333333333331,1.1547005383792497,0.3503649635036496,1,1.3219441268984404,0.0,0.5733095830152398,0.42669041698475996,0.0
1188,2013-04-01,63,3,85754.5173,2,52867.4911,1,19309.8372,90.5,0.7071067811865476,0.6961325966850829,1,0.4746988837870383,0.8188746541985374,0.12499375353606007,0.051176191204565256,0.004955400757646151
1192,2013-04-01,2,4,2039.5715,2,1017.4553,1,527.4748,91.0,1.7320508075688772,0.0219780219780219,1,-0.0045660003557781,0.7549872608045366,0.1860523154005633,0.04906300171384038,0.009897422081059672
1200,2013-04-01,2,4,189701.6685,2,90444.8865,1,45840.9314,91.0,1.7320508075688772,0.0219780219780219,1,-0.0929685919115925,0.8694801985887647,0.10217656045550279,0.023011616895715386,0.005331624165445862
1202,2013-04-01,2,4,145726.8739,2,61951.6941,1,22957.5775,91.0,1.7320508075688772,0.0219780219780219,1,-0.3017776210579441,0.861199598545701,0.12827217176721445,0.010389706506975306,0.00013852283700158338
1204,2013-04-01,63,4,9044.785,2,4286.645,1,823.066,91.0,1.0,0.6923076923076923,1,-0.1043293484890384,0.3787065585306893,0.6081639198720589,0.008665844461753376,0.004463677135498522
1212,2013-04-01,153,1,736.1455,1,736.1455,0,0.0,,,,0,,0.0,1.0,0.0,0.0
1214,2013-04-01,2,4,141119.8325,2,69109.9392,1,42528.456,91.0,1.7320508075688772,0.0219780219780219,1,-0.0411043754652684,0.8738432473692173,0.11201077070439408,0.012976975550194196,0.0011690064895733207
1216,2013-04-01,153,2,794.2466999999999,1,324.4527,0,0.0,91.0,,1.6813186813186811,1,-0.3692034948505949,0.5914963197203086,0.4085036802796915,0.0,0.0
1218,2013-04-01,153,2,4831.8251,1,1684.2578,0,0.0,91.0,,1.6813186813186811,1,-0.6250289748421594,0.0,1.0,0.0,0.0
1220,2013-04-01,2,4,140242.1576,2,65124.5777,1,26839.0921,91.0,1.7320508075688772,0.0219780219780219,1,-0.1427505596341376,0.844433154242915,0.10545773505697974,0.04243824308504506,0.00767086743679705
1234,2013-04-01,32,4,131019.6546,2,64653.69500000001,1,39666.1085,91.33333333333331,1.1547005383792497,0.3503649635036496,1,-0.0261386118639048,0.8343486054343483,0.1103387880553915,0.049711509779846424,0.005601096967019482
1236,2013-04-01,2,4,130478.7914,2,58950.6857,1,25261.8384,91.0,1.7320508075688772,0.0219780219780219,1,-0.1933862176012244,0.8725744489077173,0.08222472928270855,0.040018339371282685,0.005182482093407864
1242,2013-04-01,2,4,244312.4421,2,127522.96,1,71610.9964,91.0,1.7320508075688772,0.0219780219780219,1,0.0879226903081971,0.8344415646934422,0.13160774999268857,0.029671511113760013,0.00427917420420235
1246,2013-04-01,63,4,4824.7744,2,3150.1158,1,209.256,91.0,1.0,0.6923076923076923,1,0.6315503303115193,0.25759790965563073,0.7254931132116768,0.01690897713269246,0.0
1254,2013-04-01,2,4,192239.4437,2,89562.9621,1,44893.2146,91.0,1.7320508075688772,0.0219780219780219,1,-0.1366397986493979,0.9178911798942123,0.055363569489979746,0.02232283873384929,0.004422411881958645
1256,2013-04-01,32,4,1831.248,2,255.6568,1,57.6808,91.33333333333331,1.1547005383792497,0.3503649635036496,1,-1.8152805430965893,0.0,0.8128584440774815,0.18714155592251838,0.0
1266,2013-04-01,2,4,338648.8249,2,175201.2928,1,93032.5066,91.0,1.7320508075688772,0.0219780219780219,1,0.0694431127728112,0.9175275564347602,0.06689922431205814,0.01244822686523369,0.0031249923879478965
1270,2013-04-01,91,3,1396.9077,1,263.25,0,0.0,92.0,0.0,0.9891304347826086,1,-1.457190673775898,0.0,0.961347482013307,0.03865251798669304,0.0
1274,2013-04-01,63,3,2127.9007,2,1492.8757,1,1308.9375,90.5,0.7071067811865476,0.6961325966850829,1,0.8538912920232935,0.8359090722607496,0.16409092773925021,0.0,0.0
1278,2013-04-01,63,3,115830.4856,2,78545.7428,1,40310.0159,90.5,0.7071067811865476,0.6961325966850829,1,0.7450828742420281,0.8428710515567415,0.11807021207895205,0.034165007212919776,0.0048937289441873845
1280,2013-04-01,2,3,732.126,1,45.0,1,45.0,136.5,62.932503525602726,0.0146520146520146,1,-2.7053305642111347,0.6416846280558265,0.2763622655116742,0.0,0.08195310643249933
1288,2013-04-01,153,1,202.332,1,202.332,0,0.0,,,,0,,0.0,1.0,0.0,0.0
1290,2013-04-01,2,4,146164.43219999998,2,69895.424,1,36879.256,91.0,1.7320508075688772,0.0219780219780219,1,-0.0872652945561007,0.8827623523583873,0.10471801223882155,0.01145811496539991,0.0010615202184598232
1294,2013-04-01,32,4,138416.1478,2,46091.1292,1,37216.7222,91.33333333333331,1.1547005383792497,0.3503649635036496,1,-0.6946837912051436,0.6157091701695228,0.30811477979883495,0.0609611744736043,0.015214875464118358
1296,2013-04-01,63,4,104739.6931,2,42077.9993,1,14819.6397,91.0,1.0,0.6923076923076923,1,-0.398217488090518,0.678493826186321,0.3131833322127616,0.006202809849554542,0.002120031990049816
1310,2013-04-01,2,3,3371.5913,2,885.8877,1,744.2727,136.5,67.17514421272202,0.0146520146520146,1,-1.0309948892109153,0.7372493813232938,0.2627506186767061,0.0,0.0
1312,2013-04-01,2,4,92518.5973,2,41357.451,1,23863.0438,91.0,1.7320508075688772,0.0219780219780219,1,-0.2127231506733284,0.8787092527612286,0.12129074723877163,0.0,0.0
1316,2013-04-01,2,4,129192.7975,2,43503.5578,1,25721.2332,91.0,1.7320508075688772,0.0219780219780219,1,-0.677873220352275,0.8196125972734664,0.09304095764316893,0.07302953538102618,0.014316909516569606
1320,2013-04-01,2,4,3290.4213,2,810.9834999999999,1,736.1455,91.0,1.7320508075688772,0.0219780219780219,1,-1.1167103360789312,0.7472957338320173,0.2527042661679828,0.0,0.0
1322,2013-04-01,63,4,121578.9539,2,58236.6373,1,20587.4764,91.0,1.0,0.6923076923076923,1,-0.0840375668687052,0.658961407217701,0.25759967544843304,0.07029996299384182,0.013138953846517674
1324,2013-04-01,63,3,5811.704199999999,2,4994.2012,1,22.794,90.5,0.7071067811865476,0.6961325966850829,1,1.8087559085059397,0.8554129785201388,0.14066493611288752,0.0039220853669737704,0.0
1326,2013-04-01,2,2,1733.8347,1,1409.382,1,1409.382,273.0,,0.0073260073260073,1,1.4663987324760583,0.8128698773879656,0.18713012261203446,0.0,0.0
1328,2013-04-01,2,4,130949.0945,2,54152.5882,1,34098.5966,91.0,1.7320508075688772,0.0219780219780219,1,-0.3493479342414911,0.6032971423105182,0.30231691751026196,0.07802927830860258,0.016356662107350425
1330,2013-04-01,63,3,136152.3908,2,73647.1139,1,22612.411,90.5,0.7071067811865476,0.6961325966850829,1,0.1640315515198604,0.7357509414223229,0.20373889093690453,0.05018818548722834,0.010321982476711676
1332,2013-04-01,2,4,134101.8059,2,47301.8354,1,30041.9727,91.0,1.7320508075688772,0.0219780219780219,1,-0.6070475637464057,0.6732888374920832,0.3215109722843784,0.00520019022353822,0.0
1334,2013-04-01,63,3,106943.9896,2,50353.4343,1,17254.0031,90.5,0.7071067811865476,0.6961325966850829,1,-0.1167730896310352,0.709744614764213,0.28444952552995084,0.005805859705836147,0.0
1336,2013-04-01,63,3,252557.4482,2,123296.1942,1,44295.8324,90.5,0.7071067811865476,0.6961325966850829,1,-0.0472456633737206,0.7526059015233588,0.1811470171482355,0.05524390247224552,0.011003179311502086
1338,2013-04-01,32,2,1479.0879,1,1269.8319,1,1269.8319,274.0,,0.1167883211678832,1,1.7991011684767866,0.831227745152942,0.14147637878722422,0.0,0.027295876059833902
1340,2013-04-01,63,3,3251.8732,2,2649.1732,1,198.036,90.5,0.7071067811865476,0.6961325966850829,1,1.479302889532681,0.5136482566417411,0.48635174335825887,0.0,0.0
1344,2013-04-01,2,4,4972.5364,2,4178.2897,1,3926.8125,91.0,1.7320508075688772,0.0219780219780219,1,1.6592442018675353,0.8841778413125342,0.11582215868746581,0.0,0.0
1346,2013-04-01,63,3,5593.3158,2,2907.4226,1,417.9682,90.5,0.7071067811865476,0.6961325966850829,1,0.0792252904453265,0.5699863218879936,0.42357849703390604,0.006435181078100399,0.0
1350,2013-04-01,2,4,75095.9154,2,29698.8559,1,18868.8352,91.0,1.7320508075688772,0.0219780219780219,1,-0.4243271678980438,0.6023348707991114,0.3965183704252442,0.0011467587756444075,0.0
1356,2013-04-01,63,4,193150.3149,2,81698.5663,1,31319.6394,91.0,1.0,0.6923076923076923,1,-0.3105520283017871,0.7738147672727402,0.179808875890163,0.0377375708850061,0.008638786143651274
1362,2013-04-01,2,4,1027.0855,2,810.9834999999999,1,74.838,91.0,1.7320508075688772,0.0219780219780219,1,1.319112730571821,0.0,0.8761836283347394,0.12381637166526059,0.0
1364,2013-04-01,153,3,5940.6907,1,44.994,0,0.0,91.5,0.7071067811865476,1.6721311475409837,1,-4.853636638546657,0.9420572089370013,0.03405866593929894,0.023884125123699838,0.0
1368,2013-04-01,153,2,2483.656,1,40.373,0,0.0,91.0,,1.6813186813186811,1,-4.078878613208281,0.0,0.943147762814174,0.04059676541356774,0.016255471772258317
1372,2013-04-01,32,4,20521.0917,2,7114.449,1,2886.303,91.33333333333331,1.1547005383792497,0.3503649635036496,1,-0.6335565594504136,0.9626601736787717,0.03733982632122832,0.0,0.0
1376,2013-04-01,63,3,20412.4148,2,8936.0092,1,4228.146,90.5,0.7071067811865476,0.6961325966850829,1,-0.2501793804928436,0.6674382297972898,0.32775813472103266,0.002825770520791102,0.0019778649608864505
1378,2013-04-01,63,3,15842.3168,2,5122.9816,1,1366.2229,90.5,0.7071067811865476,0.6961325966850829,1,-0.7382106307270533,0.9354989858554021,0.04148013881404013,0.023020875330557713,0.0
1386,2013-04-01,63,3,1413.2469999999998,2,296.322,1,113.97,90.5,0.7071067811865476,0.6961325966850829,1,-1.3244138407925794,0.0,0.6133287387130488,0.3866712612869513,0.0
1388,2013-04-01,32,4,41375.9932,2,17014.8537,1,7149.1797,91.33333333333331,1.1547005383792497,0.3503649635036496,1,-0.358884787321573,0.7913922849349271,0.20609142018130455,0.00178447438453272,0.0007318200158636918
1392,2013-04-01,63,4,13419.0515,2,3390.6387,1,1409.382,91.0,1.0,0.6923076923076923,1,-1.08420885896685,0.9034357905251352,0.03748062223324801,0.04855337204719723,0.010530215194419665
1394,2013-04-01,2,4,8981.4805,2,2979.0567,1,1590.0398,91.0,1.7320508075688772,0.0219780219780219,1,-0.7003876126301565,0.685932280318373,0.05453972760949601,0.2280620216232725,0.03146597044885863
1398,2013-04-01,2,4,44289.4011,2,12618.8915,1,5128.1681,91.0,1.7320508075688772,0.0219780219780219,1,-0.9201432663641836,0.9465501374774743,0.035868615527519514,0.017581246995006215,0.0
1400,2013-04-01,2,4,27266.8589,2,11319.8559,1,6320.2454,91.0,1.7320508075688772,0.0219780219780219,1,-0.3426869381730366,0.9493429916124295,0.0347737707330858,0.015883237654484655,0.0
1406,2013-04-01,2,4,16841.6623,2,3825.1335,1,3218.1375,91.0,1.7320508075688772,0.0219780219780219,1,-1.224442055211053,0.765788867527643,0.23421113247235698,0.0,0.0
1408,2013-04-01,2,2,1344.252,1,202.332,1,202.332,181.0,,0.011049723756906,1,-1.7265015589935162,0.6989671579435999,0.30103284205640013,0.0,0.0
1410,2013-04-01,2,4,3684.6387,2,1894.176,1,954.588,91.0,1.7320508075688772,0.0219780219780219,1,0.0562792732064529,0.9078735453763757,0.08805549917282256,0.0,0.0040709554508017295
1412,2013-04-01,2,3,2539.8597,2,2472.3107,1,1229.4589,90.5,2.1213203435596424,0.0220994475138121,1,3.585764078498181,0.9734044364734005,0.026595563526599524,0.0,0.0
1414,2013-04-01,32,4,169296.2166,2,66670.4512,1,42653.9411,91.33333333333331,1.1547005383792497,0.3503649635036496,1,-0.4313219267559596,0.7874368143144905,0.14494971826795094,0.05642602776865598,0.011187439229519085
1416,2013-04-01,2,4,1772.4316,2,648.9054,1,324.4527,91.0,1.7320508075688772,0.0219780219780219,1,-0.5482902565356609,0.5301124173141576,0.4698875826858424,0.0,0.0
1418,2013-04-01,32,4,321732.7075,2,127751.56029999998,1,86085.8004,91.33333333333331,1.1547005383792497,0.3503649635036496,1,-0.4176708597162584,0.7971683364210025,0.20145621315172005,0.0012499643046083525,0.00012548615375078084
1422,2013-04-01,2,4,143753.4908,2,58754.9777,1,33630.3655,91.0,1.7320508075688772,0.0219780219780219,1,-0.3692526323052263,0.610975742649583,0.30419422343516406,0.0721846349695739,0.012645398660468564
1424,2013-04-01,2,4,271585.50430000003,2,108579.7507,1,59836.4792,91.0,1.7320508075688772,0.0219780219780219,1,-0.4062974908275834,0.6917242570372338,0.256722988885972,0.044378499125220065,0.007174254741695358
1426,2013-04-01,63,3,275862.9634,2,135784.5675,1,57027.7694,90.5,0.7071067811865476,0.6961325966850829,1,-0.0311324435700122,0.8001645975140714,0.16750472455774393,0.027321291727992796,0.005009386091442241
1428,2013-04-01,32,4,1588.4933999999998,2,794.2466999999999,1,324.4527,91.33333333333331,1.1547005383792497,0.3503649635036496,1,0.0,0.5914963197203086,0.4085036802796915,0.0,0.0
1430,2013-04-01,32,4,240062.2881,2,78208.6385,1,59222.562,91.33333333333331,1.1547005383792497,0.3503649635036496,1,-0.7273058133622712,0.7005727831351116,0.2938302731856699,0.005596943754198933,0.0
1436,2013-04-01,63,1,1275.0469,1,1275.0469,1,1275.0469,,,,0,,0.9642460210679309,0.0,0.03575397893206909,0.0
1438,2013-04-01,91,1,1229.4589,1,1229.4589,0,0.0,,,,0,,1.0,0.0,0.0,0.0
1444,2013-04-01,63,3,10611.2572,2,6117.695,1,2818.764,90.5,0.7071067811865476,0.6961325966850829,1,0.3084805724199597,0.7526438997256611,0.1968692267679649,0.033365575193107185,0.017121298313266784
1450,2013-04-01,2,4,63774.0784,2,31414.2976,1,20139.2416,91.0,1.7320508075688772,0.0219780219780219,1,-0.0296522614613312,0.8622529573081216,0.12966622815203238,0.007764283113497725,0.00031653142634829515
1456,2013-04-01,2,4,34894.3866,2,20336.22,1,7651.782,91.0,1.7320508075688772,0.0219780219780219,1,0.3342319026604858,0.8259741668592622,0.17344733035083645,0.0,0.0005785027899014566
1458,2013-04-01,2,4,6205.746,2,1544.46,1,604.872,91.0,1.7320508075688772,0.0219780219780219,1,-1.104184285129877,0.9084367939003626,0.09156320609963735,0.0,0.0
1468,2013-04-01,2,4,14603.1194,2,1773.8107,1,453.1758,91.0,1.7320508075688772,0.0219780219780219,1,-1.9781164697803355,0.7623093597385775,0.08963215078553696,0.13285273145133636,0.015205758024549194
1470,2013-04-01,32,4,1588.9124000000002,2,327.5042,1,281.9162,91.33333333333331,1.1547005383792497,0.3503649635036496,1,-1.346226822403458,0.0,0.21195126930849048,0.7404063886718991,0.04764230551665403
1472,2013-04-01,63,3,12458.1528,2,2778.0338,1,182.352,90.5,0.7071067811865476,0.6961325966850829,1,-1.2480741804461326,0.8914089414604065,0.07220745438280385,0.03476325960619138,0.0016203445505982234
1478,2013-04-01,2,4,13048.3159,2,5167.734,1,2818.764,91.0,1.7320508075688772,0.0219780219780219,1,-0.4219008481943458,0.8659006868464919,0.09067920404961993,0.03723187756360191,0.00618823154028636
1480,2013-04-01,2,3,6353.2917,1,448.7518,1,448.7518,136.5,62.932503525602726,0.0146520146520146,1,-2.574950280396499,0.0,0.8055176814878499,0.16270902530730647,0.03177329320484372
1486,2013-04-01,2,4,52441.2306,2,23222.523,1,12417.261,91.0,1.7320508075688772,0.0219780219780219,1,-0.2296777120139452,0.9531828492216963,0.04681715077830382,0.0,0.0
1796,2013-04-01,2,4,11739.8794,2,4327.0781,1,1731.3963,91.0,1.7320508075688772,0.0219780219780219,1,-0.5382197170540994,0.7353566255544329,0.09207134615028499,0.1588161800026668,0.01375584829261534
1798,2013-04-01,63,3,37376.8606,2,17658.9035,1,5009.0116,90.5,0.7071067811865476,0.6961325966850829,1,-0.1102837315457474,0.9249618760115984,0.05186410706735493,0.023174016921046602,0.0
1802,2013-04-01,2,4,29099.3099,2,10614.9981,1,4507.6761,91.0,1.7320508075688772,0.0219780219780219,1,-0.5546143419221714,0.5384192942664939,0.418328621600748,0.035621267430812856,0.007630816701945223
1806,2013-04-01,2,2,2472.3107,2,2472.3107,1,1229.4589,89.0,,0.0224719101123595,0,,1.0,0.0,0.0,0.0
1816,2013-04-01,63,3,18625.3068,2,10567.6476,1,2595.6818,90.5,0.7071067811865476,0.6961325966850829,1,0.2711446543532325,0.8653223741796298,0.056947223011649936,0.06689219207921988,0.010838210729500575
1822,2013-04-01,32,4,22255.3106,2,11273.3667,1,4226.4567,91.33333333333331,1.1547005383792497,0.3503649635036496,1,0.0261882003976747,0.7810440533685473,0.1651237435437095,0.05043079021328059,0.003401410627807639
1824,2013-04-01,2,2,939.588,2,939.588,1,469.794,89.0,,0.0224719101123595,0,,1.0,0.0,0.0,0.0
1828,2013-04-01,2,4,1854.5644,2,924.7152,1,600.2625,91.0,1.7320508075688772,0.0219780219780219,1,-0.005530659843143,0.32366764939518955,0.6763323506048105,0.0,0.0
1830,2013-04-01,63,3,139260.50400000002,2,66958.5529,1,31541.5658,90.5,0.7071067811865476,0.6961325966850829,1,-0.0767761967208375,0.7880632541011053,0.2108722671289485,0.0009783520530702659,8.612635783653346e-05
1832,2013-04-01,2,4,141834.2702,2,55908.2915,1,30197.6692,91.0,1.7320508075688772,0.0219780219780219,1,-0.4297672678864508,0.6317613907671801,0.285418154885391,0.06935029353716801,0.01347016086666479
1834,2013-04-01,2,4,147784.2145,2,55745.9984,1,30242.8503,91.0,1.7320508075688772,0.0219780219780219,1,-0.5013911796497048,0.6407401380476939,0.2748791292590996,0.07091723047321809,0.013463502274121434
1836,2013-04-01,63,3,109485.8516,2,61218.2496,1,29669.6029,90.5,0.7071067811865476,0.6961325966850829,1,0.2376803888451935,0.7381097422089195,0.2508389832901478,0.010682523731678223,0.00036875084232344775
1838,2013-04-01,2,3,1010.8321,2,996.7032,1,324.4527,90.5,2.1213203435596424,0.0220994475138121,1,4.188849015372632,0.5938300732634035,0.3209758574148961,0.08519406932170041,0.0
1840,2013-04-01,32,4,292275.1852,2,132850.65399999998,1,78405.7478,91.33333333333331,1.1547005383792497,0.3503649635036496,1,-0.1823438019100187,0.6828963726887067,0.2735886501595483,0.03593141111112022,0.0075835663280250315
1842,2013-04-01,63,3,137016.9521,2,62529.1971,1,19662.661,90.5,0.7071067811865476,0.6961325966850829,1,-0.1749985807344352,0.8508118317718731,0.14816103984844078,0.000732471409280458,0.00029465697040563494
1844,2013-04-01,63,3,207889.0667,2,106163.9629,1,33205.2526,90.5,0.7071067811865476,0.6961325966850829,1,0.0427101935254796,0.7436774216082428,0.25002813174397687,0.006294446541954676,0.0
1858,2013-04-01,2,4,128736.4766,2,49228.596300000005,1,26985.2625,91.0,1.7320508075688772,0.0219780219780219,1,-0.4793737238567814,0.7026882938630931,0.29302888890777673,0.004166300136258351,0.00011651709287187373
1862,2013-04-01,32,3,4709.2784,1,2932.02,1,2932.02,137.0,63.63961030678928,0.2335766423357664,1,0.5003981505631785,0.9218826391746132,0.07811736082538674,0.0,0.0
1868,2013-04-01,2,4,143236.4921,2,52812.1983,1,28292.153,91.0,1.7320508075688772,0.0219780219780219,1,-0.5377628996558492,0.6992987431587624,0.2938365592660308,0.006864697407651747,0.0
1876,2013-04-01,153,3,2376.0274,1,635.8102,0,0.0,91.5,0.7071067811865476,1.6721311475409837,1,-1.0058680358844088,0.0,1.0,0.0,0.0
1878,2013-04-01,32,4,141858.8763,2,63921.5638,1,33587.773,91.33333333333331,1.1547005383792497,0.3503649635036496,1,-0.1982452382404194,0.8628744960670466,0.12136207299140998,0.015763430772361194,0.0
1882,2013-04-01,32,4,143262.5141,2,70157.1865,1,37997.662,91.33333333333331,1.1547005383792497,0.3503649635036496,1,-0.0411624242167825,0.8913501693182976,0.09453554396334582,0.01411428631350537,0.0
1896,2013-04-01,2,4,371587.1186,2,186043.9136,1,97597.1168,91.0,1.7320508075688772,0.0219780219780219,1,0.0026949599866235,0.8941495842261955,0.09154518172794379,0.011378815325811998,0.0029264187200487095
1898,2013-04-01,32,4,133101.3689,2,68527.3505,1,45571.035,91.33333333333331,1.1547005383792497,0.3503649635036496,1,0.0594199116357216,0.8228053934011793,0.12088955983682599,0.049581073842734906,0.006723972618736906
1900,2013-04-01,2,4,180839.0115,2,86501.0126,1,44987.8766,91.0,1.7320508075688772,0.0219780219780219,1,-0.0867269854630752,0.8954530333738304,0.10421208589718486,0.0,0.00033488072898474124
1916,2013-04-01,63,3,153752.6386,2,93471.3286,1,43758.0999,90.5,0.7071067811865476,0.6961325966850829,1,0.4386267474984802,0.8877116142057545,0.09009956984243911,0.017583620187705838,0.004605195764100532
1924,2013-04-01,2,4,1309.7989,2,1002.9328,1,598.0678,91.0,1.7320508075688772,0.0219780219780219,1,1.182015417553805,0.0,0.8715906693768026,0.1284093306231972,0.0
1936,2013-04-01,2,1,324.4527,1,324.4527,1,324.4527,,,,0,,0.0,1.0,0.0,0.0
1944,2013-04-01,2,4,191430.9281,2,93296.5693,1,50702.1158,91.0,1.7320508075688772,0.0219780219780219,1,-0.0505536829240949,0.8834649535400754,0.11632414532497896,0.0,0.0002109011349457068
1946,2013-04-01,2,4,2160.7057,2,1506.9735,1,198.036,91.0,1.7320508075688772,0.0219780219780219,1,0.8342956783997568,0.8232178496127446,0.17678215038725542,0.0,0.0
1948,2013-04-01,32,4,120420.1507,2,60820.836,1,40267.242,91.33333333333331,1.1547005383792497,0.3503649635036496,1,0.0202880149732234,0.8349968391129078,0.15622628929329185,0.008776871527366392,0.0
1952,2013-04-01,122,2,58.069,1,33.7745,0,0.0,184.0,,0.6630434782608695,1,0.3182973787647087,0.0,1.0,0.0,0.0
1960,2013-04-01,63,2,4055.0323,2,4055.0323,1,2525.4469,90.0,,0.7,0,,0.622793288231021,0.377206711768979,0.0,0.0
1962,2013-04-01,2,4,382758.9177,2,147373.29859999998,1,93455.6598,91.0,1.7320508075688772,0.0219780219780219,1,-0.4682537504063209,0.7819859946714444,0.18641943688409587,0.02621259968883019,0.005381968734728712
1964,2013-04-01,32,4,5615.5794000000005,2,2867.7909,1,968.4284,91.33333333333331,1.1547005383792497,0.3503649635036496,1,0.0427303826504212,0.9488293407444296,0.03603047621408398,0.011545451569966225,0.0035947314715201067
1966,2013-04-01,63,3,70195.7708,2,43672.7681,1,18993.1049,90.5,0.7071067811865476,0.6961325966850829,1,0.4986975642535611,0.8028160579725411,0.19646989758534,0.0007140444421190116,0.0
1968,2013-04-01,63,4,38424.0488,2,10558.8981,1,6509.2516,91.0,1.0,0.6923076923076923,1,-0.9703490870905468,0.8190358924382796,0.17031604436230052,0.008021257770211869,0.002626805429208179
1970,2013-04-01,2,4,129884.8039,2,57547.3991,1,32359.8822,91.0,1.7320508075688772,0.0219780219780219,1,-0.2287288576259634,0.7016709589073029,0.29379759336111216,0.004300473829333009,0.00023097390225185535
1972,2013-04-01,2,4,144602.5816,2,52778.4922,1,29654.2607,91.0,1.7320508075688772,0.0219780219780219,1,-0.5537628553360179,0.668290739561734,0.32676453544035483,0.004944724997911102,0.0
1976,2013-04-01,32,4,199374.7568,2,79660.2358,1,56816.9351,91.33333333333331,1.1547005383792497,0.3503649635036496,1,-0.4073351789240327,0.7394895447616666,0.2005879678143888,0.04949091109812955,0.010431576350893383
1978,2013-04-01,63,3,1199.4157,2,318.379,1,67.549,90.5,0.7071067811865476,0.6961325966850829,1,-1.0158551797770663,0.0,0.8859744790734354,0.1140255209265645,0.0
1982,2013-04-01,2,4,353798.0835,2,173526.8555,1,103362.3362,91.0,1.7320508075688772,0.0219780219780219,1,-0.0381299492441407,0.8939522975115268,0.08932365316218566,0.013681809839424979,0.003042239486862568
1984,2013-04-01,63,3,107814.1643,2,68995.9353,1,32730.2215,90.5,0.7071067811865476,0.6961325966850829,1,0.5751463710216242,0.8768440539681481,0.10589520564507125,0.017260740154900034,0.0
1986,2013-04-01,32,4,3963.9911,2,1337.1311999999998,1,458.7732,91.33333333333331,1.1547005383792497,0.3503649635036496,1,-0.6748957749990474,0.3269401891442188,0.5641155955168516,0.10213441195667669,0.0068098033822528
1988,2013-04-01,2,4,5914.7154,2,2607.0567,1,767.7657,91.0,1.7320508075688772,0.0219780219780219,1,-0.2379374960507645,0.729502217469331,0.18984999684008463,0.042014396838096386,0.03863338885248815
1992,2013-04-01,2,4,359872.0404,2,173253.2574,1,94673.1417,91.0,1.7320508075688772,0.0219780219780219,1,-0.0743130895090438,0.8828933810663441,0.10338970779348158,0.011013201446810703,0.002703709626673181
1994,2013-04-01,63,3,103452.0349,2,63974.2791,1,32712.378,90.5,0.7071067811865476,0.6961325966850829,1,0.4827340453002939,0.8813415191700594,0.07239221642415465,0.03975663846511733,0.006509625457352893
292,2013-07-01,62,4,121868.0095,2,61875.8263,1,37643.0609,91.0,1.0,0.6813186813186813,1,0.0309147939785798,0.785165992228666,0.1587377333835915,0.04791354087883088,0.00818273396021948
296,2013-07-01,62,4,203941.0636,2,88264.3089,1,47192.4665,91.0,1.0,0.6813186813186813,1,-0.2704611959203795,0.8531792809577169,0.13120883076536038,0.013606088205180862,0.002005800071741903
298,2013-07-01,154,3,7240.6723,1,2485.7036,0,0.0,90.5,0.7071067811865476,1.701657458563536,1,-0.6484424196620626,0.686594696462095,0.3134053035379049,0.0,0.0
302,2013-07-01,32,4,83973.4442,2,81766.9963,1,79635.122,91.0,1.0,0.3516483516483517,1,3.61204887191834,0.843342060989324,0.12381411646326161,0.02471793786445644,0.008125884099440095
304,2013-07-01,154,3,6587.3763,1,405.585,0,0.0,90.5,0.7071067811865476,1.701657458563536,1,-2.721732105927627,0.37531037964234715,0.6177691108977637,0.006920509459889213,0.0
308,2013-07-01,62,2,2253.3381,1,2232.8181,1,2232.8181,182.0,,0.3406593406593406,1,4.642484817564808,0.0,1.0,0.0,0.0
312,2013-07-01,62,3,3726.0641,2,3701.7696,1,2458.9178,91.0,1.4142135623730951,0.6813186813186813,1,4.986249378359903,0.9934798491523535,0.0065201508476464476,0.0,0.0
314,2013-07-01,1,1,762.9024,1,762.9024,1,762.9024,,,,0,,1.0,0.0,0.0,0.0
318,2013-07-01,32,4,264874.4265,2,120387.5491,1,71235.1175,91.0,1.0,0.3516483516483517,1,-0.182471189398738,0.8663812092406739,0.10953643008642815,0.021678970483773752,0.0024033898191375604
320,2013-07-01,62,1,324.4527,1,324.4527,1,324.4527,,,,0,,0.0,1.0,0.0,0.0
324,2013-07-01,62,4,138084.6211,2,61869.2015,1,34893.3366,91.0,1.0,0.6813186813186813,1,-0.2085382534285838,0.8154177438663371,0.13648701390396908,0.04187504163705889,0.006220200288473689
326,2013-07-01,32,3,46839.126,1,46420.614,1,46420.614,136.5,62.932503525602726,0.2344322344322344,1,4.706428317739053,0.8211351766042775,0.17079580007534725,0.008069023320375365,0.0
330,2013-07-01,32,1,149.874,1,149.874,1,149.874,,,,0,,0.0,1.0,0.0,0.0
332,2013-07-01,1,3,7005.0507,2,2966.1998,1,461.694,136.5,62.932503525602726,0.0073260073260073,1,-0.3085891055617944,0.5943516725724769,0.3958865137121706,0.009761813715352554,0.0
336,2013-07-01,93,1,149.031,1,149.031,0,0.0,,,,0,,0.0,1.0,0.0,0.0
338,2013-07-01,1,1,9885.8499,1,9885.8499,1,9885.8499,,,,0,,0.9155417077493763,0.0844582922506238,0.0,0.0
340,2013-07-01,93,3,92245.8941,1,32258.7344,0,0.0,90.5,2.1213203435596424,1.0276243093922652,1,-0.6203273648578396,0.6426977078863827,0.2715759269766783,0.07179890904217492,0.013927455747865096
342,2013-07-01,62,3,1228.0045,1,523.788,1,523.788,136.5,64.34671708797582,0.4542124542124542,1,-0.2955104763528995,0.7651340039877703,0.1744586440847733,0.043968894250794685,0.01643845767666161
344,2013-07-01,1,4,147908.24109999998,2,54398.14599999999,1,7407.696,91.0,1.7320508075688772,0.0109890109890109,1,-0.5417316382164667,0.8714007146691707,0.10714074065207717,0.01763949784404542,0.0038190468347067655
348,2013-07-01,1,3,1779.5307,2,1637.9157,1,857.196,90.5,2.1213203435596424,0.011049723756906,1,2.4416414518309706,0.19049629208419952,0.8095037079158005,0.0,0.0
352,2013-07-01,93,3,130769.7438,1,45752.4717,0,0.0,90.5,2.1213203435596424,1.0276243093922652,1,-0.6195985262753361,0.9017486925748646,0.09611991225756306,0.0015139281782396519,0.0006174669893327419
356,2013-07-01,93,2,11426.5868,1,894.24,0,0.0,89.0,,1.0449438202247192,1,-2.4652095506351603,0.718620297007677,0.2753952387601869,0.005984464232136232,0.0
358,2013-07-01,1,1,567.8978,1,567.8978,1,567.8978,,,,0,,0.9999999119559893,0.0,0.0,0.0
360,2013-07-01,1,1,7265.0535,1,7265.0535,1,7265.0535,,,,0,,0.15633683908865914,0.8384188774384113,0.00524428347292969,0.0
364,2013-07-01,1,1,5219.922,1,5219.922,1,5219.922,,,,0,,0.5865570405075019,0.19820296165345003,0.12664442112353402,0.08859557671551414
366,2013-07-01,32,4,17022.8001,2,7078.881,1,2510.184,91.0,1.0,0.3516483516483517,1,-0.3398046778770034,0.8650531001653482,0.0820230744529509,0.05292382538170086,0.0
368,2013-07-01,1,4,25932.1856,2,11254.3016,1,4543.104,91.0,1.7320508075688772,0.0109890109890109,1,-0.2655707275194174,0.8678669876556798,0.00408326554627158,0.10452724046522326,0.02352250633282526
370,2013-07-01,1,4,148471.4117,2,76337.99729999999,1,46428.3351,91.0,1.7320508075688772,0.0109890109890109,1,0.0566526673171843,0.8052579855681402,0.13062085810288016,0.052574030654279826,0.011547125337934672
372,2013-07-01,1,4,242842.0645,2,113703.315,1,43997.5604,91.0,1.7320508075688772,0.0109890109890109,1,-0.1272937966571756,0.8299578221712902,0.13081340979952014,0.03315792687555578,0.006070840745961456
374,2013-07-01,1,1,52140.0648,1,52140.0648,1,52140.0648,,,,0,,0.8140331425134707,0.18596685748652925,0.0,0.0
378,2013-07-01,1,1,14124.1711,1,14124.1711,1,14124.1711,,,,0,,0.9009638147898109,0.04221146825387863,0.03444733121365261,0.022377383972642474
382,2013-07-01,62,4,1723.7887,2,939.588,1,469.794,91.0,1.0,0.6813186813186813,1,0.1805658577208824,0.8932942303195281,0.10670576968047185,0.0,0.0
386,2013-07-01,62,4,11035.8233,2,3220.9801,1,1844.5036,91.0,1.0,0.6813186813186813,1,-0.8861567446790719,0.2372161033060397,0.7627838966939603,0.0,0.0
388,2013-07-01,62,4,34659.721000000005,2,18592.122000000003,1,8256.654,91.0,1.0,0.6813186813186813,1,0.1459247325194397,0.8945947372167248,0.09330678397555478,0.009186380929032867,0.0029120978786874824
392,2013-07-01,32,4,19123.3591,2,11031.3856,1,6768.216,91.0,1.0,0.3516483516483517,1,0.3098388766710496,0.8971015975953721,0.037809973458062605,0.060866053600384454,0.004222375346180682
398,2013-07-01,62,4,7938.7912,2,2958.1758,1,418.512,91.0,1.0,0.6813186813186813,1,-0.520843432330838,0.9325776448182691,0.052717345683559486,0.004533939625468422,0.010171069872703038
406,2013-07-01,62,3,973.6662,2,590.6142,1,482.6262,91.0,1.4142135623730951,0.6813186813186813,1,0.4320767731667301,0.0,0.5550023200969695,0.44499767990303046,0.0
410,2013-07-01,1,1,18061.4216,1,18061.4216,1,18061.4216,,,,0,,0.9803952322889133,0.017164097426306684,0.002440671668945483,0.0
412,2013-07-01,1,4,23042.8605,2,11055.1535,1,5836.104,91.0,1.7320508075688772,0.0109890109890109,1,-0.0809779725648311,0.8035622139881462,0.08572422681637118,0.08600390997463185,0.024709649220850862
414,2013-07-01,1,4,26899.9252,2,11386.3508,1,4715.8695,91.0,1.7320508075688772,0.0109890109890109,1,-0.3092767055915821,0.8296667679953251,0.032461874652350335,0.10304003343473982,0.03483132362018612
420,2013-07-01,1,1,3170.628,1,3170.628,1,3170.628,,,,0,,0.8685938558544237,0.020153736105276304,0.1112524080402999,0.0
422,2013-07-01,1,4,162041.23249999998,2,108358.5185,1,71029.152,91.0,1.7320508075688772,0.0109890109890109,1,0.7023448956359317,0.7910892340318383,0.20690929575594288,0.00200147021221898,0.0
428,2013-07-01,1,4,23613.0093,2,12753.1037,1,9759.948,91.0,1.7320508075688772,0.0109890109890109,1,0.1606833790314166,0.8139469838772307,0.03203784788243826,0.12858791467125708,0.025427254627812302
430,2013-07-01,123,1,249.54,1,249.54,0,0.0,,,,0,,0.0,1.0,0.0,0.0
432,2013-07-01,62,4,205158.4159,2,96946.3756,1,49862.2699,91.0,1.0,0.6813186813186813,1,-0.1099335677843527,0.8816409173687717,0.09832526836155982,0.016284760171030352,0.0037490540986381245
436,2013-07-01,1,1,356.898,1,356.898,1,356.898,,,,0,,0.0,1.0,0.0,0.0
440,2013-07-01,123,3,88918.64050000001,1,38642.3176,0,0.0,91.0,1.4142135623730951,1.3516483516483515,1,-0.2631802735981399,0.8639171366998126,0.0837244019717103,0.04567737570166741,0.006681085053251572
452,2013-07-01,1,4,5529.7299,2,2052.57,1,173.394,91.0,1.7320508075688772,0.0109890109890109,1,-0.5269236475977044,0.934536422836855,0.0,0.06166700836509211,0.0037965687980528666
456,2013-07-01,1,1,868.854,1,868.854,1,868.854,,,,0,,0.8389326630250882,0.16106733697491177,0.0,0.0
466,2013-07-01,1,4,5336.917600000001,2,3902.3127,1,31.584,91.0,1.7320508075688772,0.0109890109890109,1,1.00023930935476,0.9214748977949369,0.00591802279278211,0.07260707941228098,0.0
472,2013-07-01,62,4,165520.6424,2,66413.8044,1,32195.7427,91.0,1.0,0.6813186813186813,1,-0.4002885405724772,0.6077199015269167,0.31834654177248406,0.06364029017325756,0.010293266261513735
474,2013-07-01,1,4,168656.6614,2,86266.5853,1,44628.9968,91.0,1.7320508075688772,0.0109890109890109,1,0.0459767913721584,0.7904330157693966,0.2049930878093381,0.003791383741929093,0.0007825128216370586
476,2013-07-01,1,1,42188.4683,1,42188.4683,1,42188.4683,,,,0,,0.8421055250778089,0.15789447373703303,0.0,0.0
478,2013-07-01,62,4,268777.6803,2,88711.92009999999,1,52108.7806,91.0,1.0,0.6813186813186813,1,-0.7079221327655763,0.680429782695762,0.3146524246567061,0.004917792647531827,0.0
482,2013-07-01,1,1,85091.667,1,85091.667,1,85091.667,,,,0,,0.6507936632032371,0.34901616544896225,0.00019017138305681564,0.0
484,2013-07-01,123,2,514.788,1,44.994,0,0.0,182.0,,0.6758241758241759,1,-2.3259096778407016,0.9125970302338049,0.0,0.08740296976619501,0.0
490,2013-07-01,1,1,1506.564,1,1506.564,1,1506.564,,,,0,,0.9494731056895027,0.0,0.0,0.05052689431049726
492,2013-07-01,62,4,7526.310100000001,2,2812.4002,1,2009.3707,91.0,1.0,0.6813186813186813,1,-0.5163360192471433,0.0,0.8237666688753629,0.14319031313897096,0.03304301798566604
494,2013-07-01,1,4,9269.4692,2,5854.1913,1,3669.516,91.0,1.7320508075688772,0.0109890109890109,1,0.5387770443686453,0.141209541966006,0.8544349767082672,0.0,0.004355481325726828
496,2013-07-01,32,4,18524.4422,2,10511.6786,1,7009.1177,91.0,1.0,0.3516483516483517,1,0.2714215010521759,0.8762599070324503,0.019848047030533528,0.07821182869409152,0.025680218592492893
498,2013-07-01,1,4,23745.1798,2,7284.9576,1,3492.012,91.0,1.7320508075688772,0.0109890109890109,1,-0.8150585660364182,0.947800268920263,0.015164256621042723,0.03703547445869414,0.0
504,2013-07-01,62,3,6221.0526,1,3715.1625,1,3715.1625,136.5,64.34671708797582,0.4542124542124542,1,0.3936485688528872,0.9967551311172003,0.0,0.0,0.0032448688827996725
506,2013-07-01,62,4,12494.4545,2,4807.582399999999,1,2458.6124,91.0,1.0,0.6813186813186813,1,-0.4692417138685965,0.7520040190630172,0.17278942430019653,0.06712837283132289,0.008078183805463456
508,2013-07-01,1,1,356.898,1,356.898,1,356.898,,,,0,,0.0,1.0,0.0,0.0
510,2013-07-01,62,4,637.6895,2,418.9846,1,324.6176,91.0,1.0,0.6813186813186813,1,0.6479327616560093,0.0,0.3281471625297265,0.5144517825681622,0.15740105490211145
512,2013-07-01,62,4,20771.602,2,8980.6772,1,6631.7072,91.0,1.0,0.6813186813186813,1,-0.2722283227457733,0.8142166405845829,0.08563013579790331,0.08985748311564992,0.010295739346440395
516,2013-07-01,62,4,132467.7939,2,62067.3533,1,29514.1242,91.0,1.0,0.6813186813186813,1,-0.1259774756736753,0.8604804967617115,0.10313958206561484,0.03103232299696357,0.005347597926593084
518,2013-07-01,32,4,286980.5481,2,148113.21399999998,1,74149.9515,91.0,1.0,0.3516483516483517,1,0.0644574448326178,0.8628197491410394,0.1149736130844054,0.01955205745876823,0.002654580615458794
520,2013-07-01,62,4,2795.5133,2,2141.7811,1,508.3909,91.0,1.0,0.6813186813186813,1,1.1856335466632588,0.6362808218440599,0.36371917815594007,0.0,0.0
526,2013-07-01,154,3,2368.3167,1,1601.5227,0,0.0,90.5,0.7071067811865476,1.701657458563536,1,0.7358128860599837,0.2736095219022017,0.7263904780977983,0.0,0.0
532,2013-07-01,1,2,13066.1803,2,13066.1803,2,13066.1803,,,,0,,0.630824664190498,0.2060035479534903,0.11116776032854835,0.052004027527463394
534,2013-07-01,32,4,185358.1263,2,101975.3603,1,59333.5671,91.0,1.0,0.3516483516483517,1,0.2012873865193469,0.7736931167932289,0.15746918402033933,0.05357089578543069,0.015266802845319869
536,2013-07-01,1,4,3128.3869,2,1162.002,1,514.008,91.0,1.7320508075688772,0.0109890109890109,1,-0.5257006057373639,0.9108339189120118,0.0891660810879882,0.0,0.0
538,2013-07-01,32,1,62654.9612,1,62654.9612,1,62654.9612,,,,0,,0.7549762794043514,0.17795931537501294,0.05097463335433364,0.016089771738618523
540,2013-07-01,1,3,5150.3575,2,4414.212,1,4130.982,90.5,2.1213203435596424,0.011049723756906,1,1.7900258353200869,0.8020767490412073,0.19792325095879265,0.0,0.0
542,2013-07-01,32,1,4805.5328,1,4805.5328,1,4805.5328,,,,0,,0.7540862898698767,0.02912143269524661,0.11803644332632585,0.09875583931088766
544,2013-07-01,62,4,43936.3085,2,23537.546,1,9913.52,91.0,1.0,0.6813186813186813,1,0.1431160740941646,0.801946071550367,0.16261467209972819,0.030844764757603615,0.0045944915923011595
546,2013-07-01,1,4,8846.5615,2,7348.7772,1,7262.256,91.0,1.7320508075688772,0.0109890109890109,1,1.5900156870043016,0.5978485539268563,0.33597081758827996,0.05705324040306508,0.009127388081798787
548,2013-07-01,123,3,269019.1322,1,96605.9056,0,0.0,91.0,1.4142135623730951,1.3516483516483515,1,-0.5792496505007279,0.9292274826541129,0.058392863628455347,0.009077130239884105,0.003302523477547669
550,2013-07-01,32,1,26328.5293,1,26328.5293,1,26328.5293,,,,0,,0.7949633280503822,0.20392046736921232,0.0011162036308651696,0.0
554,2013-07-01,1,1,2254.7148,1,2254.7148,1,2254.7148,,,,0,,1.0,0.0,0.0,0.0
556,2013-07-01,1,4,24852.9506,2,13147.2073,1,7633.056,91.0,1.7320508075688772,0.0109890109890109,1,0.1161203961292631,0.8023983277060068,0.12701317645559557,0.04611647198139926,0.02447202385699829
558,2013-07-01,123,2,510.167,1,469.794,0,0.0,182.0,,0.6758241758241759,1,2.4317921368795217,0.9208631683350746,0.0,0.0,0.07913683166492541
560,2013-07-01,62,3,17582.3954,1,2458.9178,1,2458.9178,136.5,64.34671708797582,0.4542124542124542,1,-1.8161865297256063,0.988098549984833,0.011901450015166874,0.0,0.0
562,2013-07-01,1,4,162315.31459999998,2,92171.9674,1,55641.332,91.0,1.7320508075688772,0.0109890109890109,1,0.2731116706538952,0.7884148993541735,0.15565278397951,0.047188967269512355,0.008743349347517453
564,2013-07-01,32,1,2288.7072,1,2288.7072,1,2288.7072,,,,0,,1.0,0.0,0.0,0.0
568,2013-07-01,32,4,1313.385,2,400.68,1,187.128,91.0,1.0,0.3516483516483517,1,-0.8218520105188158,0.49337703719777526,0.2919608492559303,0.21466211354629447,0.0
570,2013-07-01,32,4,122791.5124,2,66616.8788,1,30410.736,91.0,1.0,0.3516483516483517,1,0.1704898949239162,0.8562711252996994,0.12660022501685547,0.017128649618293978,0.0
574,2013-07-01,32,3,883.7760000000001,2,413.982,1,323.994,90.5,0.7071067811865476,0.3535911602209944,1,-0.1261854852437665,0.898177818813817,0.0,0.10182218118618291,0.0
580,2013-07-01,1,1,66845.6546,1,66845.6546,1,66845.6546,,,,0,,0.7717494908936087,0.16367600953974354,0.03805512636867798,0.026519372644456085
582,2013-07-01,1,1,68473.2873,1,68473.2873,1,68473.2873,,,,0,,0.7317037996801419,0.19576156671537517,0.04743666856198973,0.025097964589762
584,2013-07-01,123,3,1096.1995,1,508.3909,0,0.0,91.0,1.4142135623730951,1.3516483516483515,1,-0.1448854750543766,0.0,0.9671647359809963,0.03283526401900384,0.0
590,2013-07-01,123,3,15104.0501,1,4336.8572,0,0.0,91.0,1.4142135623730951,1.3516483516483515,1,-0.9092161934648216,0.8953921504802211,0.0,0.10460784951977879,0.0
592,2013-07-01,32,4,301029.9532,2,169559.0137,1,81230.9424,91.0,1.0,0.3516483516483517,1,0.2544134862670937,0.7438506823380127,0.22961532196457848,0.02222375009823441,0.0043102454961946954
596,2013-07-01,1,1,98066.5013,1,98066.5013,1,98066.5013,,,,0,,0.8195026447323659,0.1793318193151447,0.0011655356159830696,0.0
598,2013-07-01,1,4,347266.1329,2,177927.033,1,72616.5242,91.0,1.7320508075688772,0.0109890109890109,1,0.0494700413970434,0.9063969739042755,0.0744283889251096,0.013848040866642196,0.005326596303972607
600,2013-07-01,1,4,251993.4362,2,158286.4306,1,112611.9697,91.0,1.7320508075688772,0.0109890109890109,1,0.5242289371052813,0.90201755491598,0.08757006068398539,0.00730197001853495,0.0031104143497528132
602,2013-07-01,1,4,172569.17200000002,2,77533.0294,1,34352.052,91.0,1.7320508075688772,0.0109890109890109,1,-0.2035508609064962,0.9063982760489804,0.06499059750950187,0.021409680866985904,0.0072014455745317
604,2013-07-01,1,3,3548.574,2,3222.6763,1,3051.9477,136.5,62.932503525602726,0.0073260073260073,1,2.2886304174453187,0.0,0.386127497975243,0.373165664573995,0.24070683040567847
608,2013-07-01,1,4,7480.8856,2,2243.934,1,2061.582,91.0,1.7320508075688772,0.0109890109890109,1,-0.8472543837764546,0.841455134670152,0.04660357324539224,0.11194129208445588,0.0
612,2013-07-01,154,2,2531.2916,1,45.588,0,0.0,90.0,,1.711111111111111,1,-3.97737025972591,0.9819902219088468,0.0,0.018009778091153148,0.0
614,2013-07-01,32,1,8109.252,1,8109.252,1,8109.252,,,,0,,0.44943109426122163,0.5505689057387784,0.0,0.0
620,2013-07-01,1,4,6139.7105,2,1819.0347,1,1301.826,91.0,1.7320508075688772,0.0109890109890109,1,-0.8647876768614502,0.5168714225206547,0.39624343851391686,0.0868851389654284,0.0
622,2013-07-01,1,4,129382.0041,2,89786.2227,1,50300.616,91.0,1.7320508075688772,0.0109890109890109,1,0.8186948418135369,0.6291471672450312,0.2737027227730197,0.07706253266330414,0.02008757822294391
628,2013-07-01,1,3,1368.15,1,72.162,1,72.162,136.5,62.932503525602726,0.0073260073260073,1,-2.8751237716615483,0.947255783357088,0.05274421664291196,0.0,0.0
630,2013-07-01,32,1,4536.257,1,4536.257,1,4536.257,,,,0,,0.9510979977545364,0.04890199122316042,0.0,0.0
634,2013-07-01,1,3,12830.6682,1,2964.9942,1,2964.9942,136.5,62.932503525602726,0.0073260073260073,1,-1.2019505276866598,0.9280001488932587,0.06252160740934755,0.009478245645850307,0.0
636,2013-07-01,32,1,5619.4119,1,5619.4119,1,5619.4119,,,,0,,0.7221485045436872,0.26674926605753885,0.011102229398773918,0.0
638,2013-07-01,62,4,14419.6237,2,4021.2701,1,1493.9703,91.0,1.0,0.6813186813186813,1,-0.9498972056299628,0.8563441638216952,0.02640852548738841,0.11024764814077637,0.006999662550139918
640,2013-07-01,123,3,16175.613,1,6712.194,0,0.0,91.0,1.4142135623730951,1.3516483516483515,1,-0.3434645550407769,0.9874739213901816,0.012526078609818374,0.0,0.0
642,2013-07-01,62,4,164626.44520000002,2,62613.6789,1,39230.5508,91.0,1.0,0.6813186813186813,1,-0.488108030064307,0.7888684028026378,0.1423122808218178,0.05785456554339788,0.01096475112371557
648,2013-07-01,62,4,366058.2155,2,181787.3158,1,95434.9101,91.0,1.0,0.6813186813186813,1,-0.0135694724712802,0.867942872327093,0.10404157723377197,0.021747687200862727,0.006267863172708932
650,2013-07-01,1,2,633.72,2,633.72,1,26.724,92.0,,0.0108695652173913,0,,0.0,1.0,0.0,0.0
652,2013-07-01,32,1,163930.3943,1,163930.3943,1,163930.3943,,,,0,,0.676610647913265,0.2934002915101876,0.01842596917367385,0.01156309135407234
654,2013-07-01,154,1,1317.6898,1,1317.6898,0,0.0,,,,0,,0.9432051458545098,0.05679485414549008,0.0,0.0
656,2013-07-01,1,1,60425.9465,1,60425.9465,1,60425.9465,,,,0,,0.6590129953529151,0.2536993238823326,0.06227882214472222,0.025008859397841622
658,2013-07-01,62,3,1658.6586999999995,1,386.2702,1,386.2702,136.5,64.34671708797582,0.4542124542124542,1,-1.1903140959792011,0.6451336251393974,0.35486637486060285,0.0,0.0
662,2013-07-01,32,4,333738.2605,2,188213.4097,1,90421.7887,91.0,1.0,0.3516483516483517,1,0.2572280505487647,0.8296161280944894,0.16834403895983632,0.0019948875475127013,4.494540115816299e-05
664,2013-07-01,32,4,202511.4515,2,115547.7083,1,35035.4864,91.0,1.0,0.3516483516483517,1,0.2841893720037269,0.8185214163061786,0.14585687022247235,0.03277396463676031,0.0028477484642393173
666,2013-07-01,32,1,1243.3033,1,1243.3033,1,1243.3033,,,,0,,0.8419918735838632,0.0,0.15800810630841244,0.0
668,2013-07-01,62,4,141065.805,2,65392.854600000006,1,28916.5984,91.0,1.0,0.6813186813186813,1,-0.1460056972862897,0.8422374876746354,0.12441901139684419,0.02805694985400608,0.005286550486136595
670,2013-07-01,32,1,818.7,1,818.7,1,818.7,,,,0,,0.0,1.0,0.0,0.0
672,2013-07-01,62,4,178668.1359,2,86144.39309999999,1,44541.9552,91.0,1.0,0.6813186813186813,1,-0.0714396122687475,0.9110251986459551,0.06080018043105357,0.022462119391261866,0.005712501531729476
684,2013-07-01,32,4,18271.855,2,9186.9687,1,5156.682,91.0,1.0,0.3516483516483517,1,0.0111726247022367,0.8235932804852052,0.07847249225653334,0.09777036868998797,0.0001638585682734457
688,2013-07-01,32,1,9150.3819,1,9150.3819,1,9150.3819,,,,0,,0.60280215189707,0.39719784810293,0.0,0.0
690,2013-07-01,1,1,316.86,1,316.86,1,316.86,,,,0,,0.0,1.0,0.0,0.0
692,2013-07-01,32,4,140032.3253,2,87036.341,1,50576.574,91.0,1.0,0.3516483516483517,1,0.4961022215349473,0.6684246233822985,0.2901205340478624,0.029368530674538477,0.012086311559663861
694,2013-07-01,154,2,332.9692,1,183.9382,0,0.0,181.0,,0.850828729281768,1,0.2091797758054774,0.0,1.0,0.0,0.0
698,2013-07-01,123,1,4228.146,1,4228.146,0,0.0,,,,0,,1.0,0.0,0.0,0.0
700,2013-07-01,93,2,4931.2285,1,3701.7696,0,0.0,89.0,,1.0449438202247192,1,1.1016938909393117,1.0,0.0,0.0,0.0
702,2013-07-01,62,4,41816.7177,2,17810.061,1,10763.151,91.0,1.0,0.6813186813186813,1,-0.2985531398350343,0.932471608119544,0.0653764295804594,0.0021519622999965874,0.0
706,2013-07-01,1,1,3560.754,1,3560.754,1,3560.754,,,,0,,0.3867141622251916,0.0958634042115799,0.34393614386166527,0.1734862897015632
708,2013-07-01,1,1,15842.6141,1,15842.6141,1,15842.6141,,,,0,,0.883621854426158,0.04260319640052332,0.04818447228352296,0.025590473733750795
710,2013-07-01,93,3,29373.4275,1,11497.0491,0,0.0,90.5,2.1213203435596424,1.0276243093922652,1,-0.4413587595715249,0.9276429180762102,0.04048616389762481,0.03187091802616498,0.0
716,2013-07-01,62,4,18421.6019,2,7181.987999999999,1,2953.842,91.0,1.0,0.6813186813186813,1,-0.4478180079316853,0.8925819855004031,0.07219193027941831,0.03522608422017848,0.0
718,2013-07-01,32,1,5001.8872,1,5001.8872,1,5001.8872,,,,0,,0.8748680248127146,0.10570290349610444,0.01942906669306737,0.0
720,2013-07-01,32,1,10686.736,1,10686.736,1,10686.736,,,,0,,0.8225203630930903,0.1686105093267018,0.008869125240859322,0.0
722,2013-07-01,32,3,838.782,2,368.98800000000006,1,323.994,136.5,64.34671708797582,0.2344322344322344,1,-0.2409500583599371,0.9463579332889833,0.0,0.053642066711016685,0.0
728,2013-07-01,1,4,9867.588,2,3847.467,1,1295.976,91.0,1.7320508075688772,0.0109890109890109,1,-0.4475985674238156,0.9407034424217955,0.02737811915130628,0.031918438426898246,0.0
732,2013-07-01,1,4,18681.42,2,10428.8162,1,4823.568,91.0,1.7320508075688772,0.0109890109890109,1,0.2340187174047994,0.7006661163872981,0.20682730756013196,0.07019713704846849,0.022309439004101404
734,2013-07-01,62,4,12509.9257,2,3847.9347,1,1252.2529,91.0,1.0,0.6813186813186813,1,-0.8112636352942655,0.8877198047627094,0.08264369627710899,0.029636498960181674,0.0
736,2013-07-01,32,1,2636.688,1,2636.688,1,2636.688,,,,0,,0.0,0.9772487302251915,0.022751269774808396,0.0
738,2013-07-01,93,3,5396.5096,1,2550.0938,0,0.0,90.5,2.1213203435596424,1.0276243093922652,1,-0.1098896377260993,0.9112993331838046,0.0,0.08870066681619541,0.0
742,2013-07-01,32,1,803.766,1,803.766,1,803.766,,,,0,,0.0,0.9396018244115826,0.06039817558841753,0.0
744,2013-07-01,32,4,21861.0168,2,6704.4094000000005,1,1331.238,91.0,1.0,0.3516483516483517,1,-0.8155879707589513,0.9022871250892593,0.04552789145654011,0.052184983454200536,0.0
746,2013-07-01,1,4,46644.0938,2,24161.6314,1,14366.49,91.0,1.7320508075688772,0.0109890109890109,1,0.0720272481809249,0.9241833743160853,0.05910182351961568,0.01671480216429888,0.0
752,2013-07-01,62,4,35583.889299999995,2,12877.8319,1,8961.5152,91.0,1.0,0.6813186813186813,1,-0.5670907492770496,0.9366407089176733,0.03709588878470348,0.026263402297623493,0.0
762,2013-07-01,32,4,277860.1597,2,168502.29080000002,1,93397.6369,91.0,1.0,0.3516483516483517,1,0.4323204301139984,0.8168450338222417,0.16498009700093033,0.013468232023765011,0.004706637181854322
764,2013-07-01,62,4,90218.3633,2,20182.610500000003,1,16810.2243,91.0,1.0,0.6813186813186813,1,-1.2441492305748645,0.6215258008343851,0.3683969547250698,0.009853492875324641,0.0002237515652204256
766,2013-07-01,1,3,12986.681,2,4828.44,1,4180.446,90.5,2.1213203435596424,0.011049723756906,1,-0.5244206310302975,0.9011992363560789,0.06646455703347144,0.03233620661044958,0.0
768,2013-07-01,32,4,162282.7924,2,88709.68239999999,1,49426.411,91.0,1.0,0.3516483516483517,1,0.187087117437823,0.6962329643028745,0.22656713602372053,0.06030603165169593,0.01689386831748897
770,2013-07-01,32,1,66934.7011,1,66934.7011,1,66934.7011,,,,0,,0.5710321054978162,0.3570132921681187,0.04848457407991622,0.02347002786571045
772,2013-07-01,32,1,1725.8568,1,1725.8568,1,1725.8568,,,,0,,0.8840854003646188,0.1159145996353811,0.0,0.0
776,2013-07-01,62,4,5660.7146,2,4552.2059,1,2718.3195,91.0,1.0,0.6813186813186813,1,1.4119142735303,0.822179500093504,0.1778204999064959,0.0,0.0
780,2013-07-01,1,4,114322.6348,2,69839.3419,1,43789.848,91.0,1.7320508075688772,0.0109890109890109,1,0.4510756486699243,0.7336458055461121,0.2593836421971618,0.003289286506192385,0.003681265750533594
782,2013-07-01,93,3,72378.1535,1,31536.6745,0,0.0,90.5,2.1213203435596424,1.0276243093922652,1,-0.2585398447007172,0.763013140532799,0.13436076260221252,0.08602217822536741,0.016603919026478065
786,2013-07-01,62,4,431654.9655,2,185047.8125,1,104482.9633,91.0,1.0,0.6813186813186813,1,-0.2871810101949705,0.7791832021378658,0.19449213588161537,0.022366949790132786,0.003957712127836046
788,2013-07-01,62,4,140568.9676,2,62665.3027,1,36204.2021,91.0,1.0,0.6813186813186813,1,-0.217661968101094,0.6316089661598966,0.28530596250889734,0.07074461700037413,0.012340454864377903
790,2013-07-01,93,3,145612.4368,1,56174.6585,0,0.0,90.5,2.1213203435596424,1.0276243093922652,1,-0.4650708095779219,0.7263925377835584,0.21970702848645687,0.04419277993979701,0.009707653570426342
792,2013-07-01,32,4,180252.2258,2,99570.5376,1,57068.3685,91.0,1.0,0.3516483516483517,1,0.2103523248660845,0.7666507866667353,0.1683441042978788,0.05294143872924093,0.012063670172998217
794,2013-07-01,1,4,152857.7514,2,87628.6394,1,42829.6815,91.0,1.7320508075688772,0.0109890109890109,1,0.2951980872222819,0.778876860411542,0.13997516778857969,0.06397982820254937,0.017168144081439102
796,2013-07-01,1,1,57103.0684,1,57103.0684,1,57103.0684,,,,0,,0.7957291668760833,0.20256896261637666,0.0017018700171985855,0.0
798,2013-07-01,62,4,255176.7215,2,71882.86230000001,1,58041.2413,91.0,1.0,0.6813186813186813,1,-0.9360443155441356,0.7952612866883314,0.15960208494958658,0.03643734899227474,0.008699279444265453
802,2013-07-01,62,4,17689.5591,2,7962.0683,1,3733.9223,91.0,1.0,0.6813186813186813,1,-0.2002443858458349,0.7170578943372308,0.1966376256376,0.0771752530564767,0.00912922696869251
808,2013-07-01,1,4,287968.1826,2,178754.6242,1,111036.9487,91.0,1.7320508075688772,0.0109890109890109,1,0.4927052720291005,0.6446573499887762,0.30494033651619123,0.03763536716503902,0.012766946243178465
810,2013-07-01,1,1,2130.7669,1,2130.7669,1,2130.7669,,,,0,,0.8045886553803703,0.19541133288676485,0.0,0.0
812,2013-07-01,62,4,183917.6607,2,88126.00529999999,1,42464.0041,91.0,1.0,0.6813186813186813,1,-0.0834070000162139,0.9118847524575979,0.06194389683208927,0.02047945306429183,0.005691897646020897
814,2013-07-01,62,4,396454.9271,2,185769.6302,1,96011.0908,91.0,1.0,0.6813186813186813,1,-0.1258575408605011,0.8928355893801679,0.10663831197470822,0.00033551077539376614,0.00019058786973012249
816,2013-07-01,1,4,307763.0311,2,131236.7936,1,35821.6748,91.0,1.7320508075688772,0.0109890109890109,1,-0.2964642885765407,0.9084721546986348,0.07237433268183067,0.014649173774660032,0.004504338922856416
818,2013-07-01,1,3,1181.5320000000002,2,972.276,1,818.7,90.5,2.1213203435596424,0.011049723756906,1,1.53234186484843,0.0,0.8700196016696966,0.12998039833030334,0.0
820,2013-07-01,123,3,2685.414,1,1308.9375,0,0.0,91.0,1.4142135623730951,1.3516483516483515,1,-0.0502737758570628,0.974849687981071,0.025150312018928922,0.0,0.0
822,2013-07-01,1,4,2763.3382,2,1155.9202,1,971.982,91.0,1.7320508075688772,0.0109890109890109,1,-0.3294896128693816,0.8617707380153468,0.13822926198465318,0.0,0.0
826,2013-07-01,62,4,5025.8488,2,3718.2459,1,1531.7112,91.0,1.0,0.6813186813186813,1,1.044560853121954,0.4111290614234157,0.5888709385765843,0.0,0.0
828,2013-07-01,62,4,285632.59130000003,2,106737.5443,1,59466.419,91.0,1.0,0.6813186813186813,1,-0.5164225611261539,0.7073250490095595,0.24287927449825295,0.043507222083588606,0.006288454310570826
830,2013-07-01,1,2,606.4408000000001,2,606.4408000000001,2,606.4408000000001,,,,0,,0.0,1.0,0.0,0.0
832,2013-07-01,1,4,166708.60379999998,2,85047.0859,1,46582.4759,91.0,1.7320508075688772,0.0109890109890109,1,0.0406216936419649,0.8048626784552317,0.19478599760188264,0.0003513237989220086,0.0
834,2013-07-01,1,1,58320.1019,1,58320.1019,1,58320.1019,,,,0,,0.565417221947618,0.3320800782071336,0.06585988135936367,0.036642819206048054
836,2013-07-01,154,2,1805.454,1,396.072,0,0.0,90.0,,1.711111111111111,1,-1.2674982442203664,0.7806247071373739,0.21937529286262625,0.0,0.0
838,2013-07-01,1,1,71283.2401,1,71283.2401,1,71283.2401,,,,0,,0.8119001333666931,0.18809986725056288,0.0,0.0
844,2013-07-01,62,3,4955.3863,2,2671.5463,1,2003.7163,91.0,1.4142135623730951,0.6813186813186813,1,0.1567356883567425,0.4740235892406612,0.5259764107593388,0.0,0.0
846,2013-07-01,1,4,19246.387,2,5006.2655,1,32.118,91.0,1.7320508075688772,0.0109890109890109,1,-1.0452437021992085,0.5150020884439246,0.4819122415027818,0.003085670053293639,0.0
848,2013-07-01,1,4,123742.6083,2,74846.2858,1,33634.68,91.0,1.7320508075688772,0.0109890109890109,1,0.4257272079706009,0.6405566715373657,0.352648943637953,0.006794384824681281,0.0
852,2013-07-01,32,4,136061.0925,2,77027.40179999999,1,40912.524,91.0,1.0,0.3516483516483517,1,0.2660489593085184,0.6286921685565622,0.30664554012749823,0.055096670842915654,0.009565620495072829
858,2013-07-01,32,1,32901.6223,1,32901.6223,1,32901.6223,,,,0,,0.8227884335964795,0.1772115656436795,0.0,0.0
862,2013-07-01,62,4,114294.4289,2,28232.1674,1,22106.9986,91.0,1.0,0.6813186813186813,1,-1.1145851889115654,0.7088853812016379,0.27926401756577657,0.0118506013025802,0.0
872,2013-07-01,154,3,2502.2318,1,22.794,0,0.0,90.5,0.7071067811865476,1.701657458563536,1,-4.646756907782773,0.9826898531143279,0.008200679089762986,0.009109467795909236,0.0
874,2013-07-01,32,4,207116.82,2,125206.5618,1,77241.2964,91.0,1.0,0.3516483516483517,1,0.424336410434357,0.6926092627339488,0.23698215818493154,0.05196856030813914,0.018440018724698456
876,2013-07-01,32,2,1316.6546,2,1316.6546,2,1316.6546,,,,0,,0.856341215076452,0.0548070845611294,0.0888517003624185,0.0
878,2013-07-01,62,4,50220.2421,2,29989.054000000004,1,12263.9593,91.0,1.0,0.6813186813186813,1,0.3935909868820264,0.7272406996221947,0.2727593003778052,0.0,0.0
880,2013-07-01,32,2,3401.982,1,2753.988,1,2753.988,181.0,,0.1767955801104972,1,1.4457448941915905,1.0,0.0,0.0,0.0
888,2013-07-01,32,1,1344.588,1,1344.588,1,1344.588,,,,0,,1.0,0.0,0.0,0.0
892,2013-07-01,1,4,1510.5807,2,1280.8047,1,461.694,91.0,1.7320508075688772,0.0109890109890109,1,1.7145767426902516,0.3056400760316877,0.6943599239683124,0.0,0.0
898,2013-07-01,1,1,202.332,1,202.332,1,202.332,,,,0,,0.0,1.0,0.0,0.0
900,2013-07-01,1,4,2264.1072,2,1790.088,1,1630.53,91.0,1.7320508075688772,0.0109890109890109,1,1.3272233111449818,0.0,0.05182175119623311,0.6935745798608829,0.254603668942884
902,2013-07-01,154,3,2631.8687,1,2472.3107,0,0.0,90.5,0.7071067811865476,1.701657458563536,1,2.73465764850014,0.9393746352164148,0.0,0.060625364783585135,0.0
908,2013-07-01,32,4,18987.3833,2,13208.4682,1,5300.8981,91.0,1.0,0.3516483516483517,1,0.8265448663480193,0.7968778931217974,0.09576131535723513,0.08152873545245173,0.02583205475185198
914,2013-07-01,1,1,323.994,1,323.994,1,323.994,,,,0,,1.0,0.0,0.0,0.0
928,2013-07-01,62,4,137425.0834,2,64694.4215,1,26439.9864,91.0,1.0,0.6813186813186813,1,-0.1170863702401625,0.8858003807476678,0.10090649943167508,0.013293119456822539,0.0
930,2013-07-01,123,3,4852.6126,1,1328.8962,0,0.0,91.0,1.4142135623730951,1.3516483516483515,1,-0.974699085051733,0.6430154140060552,0.2734330162683911,0.07107179748904743,0.012479772236506165
932,2013-07-01,32,4,319390.5203,2,139018.88390000002,1,60843.8315,91.0,1.0,0.3516483516483517,1,-0.2604079406563198,0.9118536008095793,0.08745794575794741,0.00046302407429341607,0.00022542935817998356
938,2013-07-01,62,4,2620.1228,2,1954.2585,1,1416.9255,91.0,1.0,0.6813186813186813,1,1.0756911118010877,0.9079704203177043,0.050814717539193206,0.041214862143102604,0.0
940,2013-07-01,32,1,22690.4492,1,22690.4492,1,22690.4492,,,,0,,0.8110129977065417,0.18634324788951295,0.0026437555057305787,0.0
942,2013-07-01,1,1,1717.8,1,1717.8,1,1717.8,,,,0,,0.0,1.0,0.0,0.0
944,2013-07-01,32,4,23071.9873,2,9539.346,1,5068.134,91.0,1.0,0.3516483516483517,1,-0.3496487806919646,0.9296353938266947,0.06210513127319552,0.00738453943237044,0.00087493546773927
946,2013-07-01,1,1,8617.5497,1,8617.5497,1,8617.5497,,,,0,,0.7873815511618112,0.2053787981054522,0.007239644930623377,0.0
948,2013-07-01,1,4,14540.7315,2,9869.89,1,8126.436,91.0,1.7320508075688772,0.0109890109890109,1,0.7480367021824819,0.8117064536952628,0.04391539724119106,0.1383970194346825,0.005981129628863582
950,2013-07-01,62,4,20280.7448,2,8926.086,1,6107.322,91.0,1.0,0.6813186813186813,1,-0.2406261665222189,0.9265813551383971,0.0734186448616029,0.0,0.0
952,2013-07-01,123,2,609.7015,1,339.7375,0,0.0,182.0,,0.6758241758241759,1,0.2291264153909118,0.0,0.0,1.0,0.0
954,2013-07-01,32,4,173070.2086,2,96572.6858,1,64785.1613,91.0,1.0,0.3516483516483517,1,0.2330348695409974,0.775457513812692,0.15091824590312536,0.05506541995350666,0.018558820099555826
958,2013-07-01,1,4,55286.8448,2,25056.905700000003,1,10805.37,91.0,1.7320508075688772,0.0109890109890109,1,-0.1876764989288428,0.6353924993744624,0.36435194435259216,0.0002555562729454223,0.0
962,2013-07-01,1,4,78188.54699999999,2,51427.4614,1,47410.2927,91.0,1.7320508075688772,0.0109890109890109,1,0.6532055735052982,0.6346498854877046,0.2819563599257063,0.06051244819781599,0.022881306491090058
966,2013-07-01,62,4,3291.96,2,1668.342,1,1466.01,91.0,1.0,0.6813186813186813,1,0.0271568255857888,0.8734589727700215,0.12654102722997848,0.0,0.0
970,2013-07-01,1,4,114027.1618,2,67718.0649,1,41563.506,91.0,1.7320508075688772,0.0109890109890109,1,0.3800077359300733,0.8884300483220482,0.10792155049499794,0.0034713685208992017,0.00017703238141984518
972,2013-07-01,1,1,200.052,1,200.052,1,200.052,,,,0,,0.0,1.0,0.0,0.0
976,2013-07-01,1,4,146894.4292,2,89525.98819999999,1,55934.058,91.0,1.7320508075688772,0.0109890109890109,1,0.4450283491618041,0.6910884453064063,0.30170785060649524,0.0067545652030757885,0.00044913888402243096
978,2013-07-01,62,4,268209.286,2,94971.0008,1,58120.4322,91.0,1.0,0.6813186813186813,1,-0.601091670531499,0.6165421162934679,0.2982243807136491,0.07333982225730991,0.011893680746758334
982,2013-07-01,32,4,58887.9164,2,35370.2671,1,23566.0588,91.0,1.0,0.3516483516483517,1,0.4081061330601709,0.50483989798627,0.2760003086133983,0.16687671839583032,0.05228307457996595
986,2013-07-01,1,4,29056.5152,2,12340.5886,1,6857.886,91.0,1.7320508075688772,0.0109890109890109,1,-0.3034470289609157,0.8642516326252364,0.019632016987363988,0.09754034441129401,0.018576005976105488
988,2013-07-01,1,4,26753.2396,2,13541.7319,1,5467.248,91.0,1.7320508075688772,0.0109890109890109,1,0.0246860782949625,0.8949684732760365,0.08914176883460498,0.015135213755570745,0.0007545441337878198
992,2013-07-01,1,1,3385.776,1,3385.776,1,3385.776,,,,0,,1.0,0.0,0.0,0.0
998,2013-07-01,62,4,46744.7319,2,17636.1095,1,11443.227,91.0,1.0,0.6813186813186813,1,-0.501063609578118,0.9502939346198281,0.027095769908565888,0.02261029530046358,0.0
1002,2013-07-01,32,4,24540.7705,2,17648.0857,1,11631.4315,91.0,1.0,0.3516483516483517,1,0.9400782342051331,0.8284492942061457,0.09817833551721614,0.06068932236663067,0.01268304615782133
1014,2013-07-01,62,4,67790.2412,2,25581.2795,1,13976.0223,91.0,1.0,0.6813186813186813,1,-0.5007563476577079,0.9288986258983838,0.025712970910627176,0.043303951616563946,0.0020844519432097843
1016,2013-07-01,62,4,17260.7444,2,6595.5429,1,2802.5973,91.0,1.0,0.6813186813186813,1,-0.4805342950363549,0.8601747848140316,0.03080049664601951,0.10317720132626493,0.0058475172136840175
1018,2013-07-01,32,4,11371.2753,2,8403.8147,1,6887.6444,91.0,1.0,0.3516483516483517,1,1.0407612182727402,0.6876413149543571,0.06416747293067472,0.19520784972992433,0.0529833645835661
1024,2013-07-01,1,1,6557.411,1,6557.411,1,6557.411,,,,0,,0.7936887019892455,0.19716317918763976,0.009148122635595054,0.0
1026,2013-07-01,62,4,39770.192200000005,2,14701.3037,1,7654.3937,91.0,1.0,0.6813186813186813,1,-0.5336632688214387,0.8623282942042205,0.11849764206067878,0.018666485096845972,0.0005075786382546071
1028,2013-07-01,1,4,10075.0697,2,4591.4792,1,3107.022,91.0,1.7320508075688772,0.0109890109890109,1,-0.1775224238082042,0.746822476076766,0.043114540438365406,0.14148181942602342,0.068581163264806
1030,2013-07-01,1,1,38544.3379,1,38544.3379,1,38544.3379,,,,0,,0.7525139509530918,0.18590870645101937,0.04885267208079348,0.012724670515095293
1032,2013-07-01,1,4,323801.6531,2,185311.6834,1,107270.1188,91.0,1.7320508075688772,0.0109890109890109,1,0.2912394560914375,0.8501391463217332,0.135973975050716,0.013886878609020914,0.0
1034,2013-07-01,1,4,2725.9225,2,927.0045,1,326.742,91.0,1.7320508075688772,0.0109890109890109,1,-0.6624598053786404,0.9915865179585994,0.0,0.0,0.008413482041400662
1036,2013-07-01,32,1,27275.3063,1,27275.3063,1,27275.3063,,,,0,,0.7665217796289239,0.23347822128765605,0.0,0.0
1040,2013-07-01,62,4,115999.9647,2,62875.6439,1,37150.2321,91.0,1.0,0.6813186813186813,1,0.1685211077903705,0.8612357965657209,0.12539971057422228,0.013364493066953493,0.0
1044,2013-07-01,32,3,921.834,2,856.2321999999999,1,672.294,136.5,64.34671708797582,0.2344322344322344,1,2.554977222848149,0.7293005031274612,0.27069949687253886,0.0,0.0
1046,2013-07-01,32,4,138045.3802,2,68931.7686,1,36701.5004,91.0,1.0,0.3516483516483517,1,-0.0026345028049306,0.8146810363162011,0.12628269540598502,0.05058496440723338,0.00845130382711641
1048,2013-07-01,32,4,2588.361,2,1577.541,1,1037.154,91.0,1.0,0.3516483516483517,1,0.4447503132719026,0.0,0.9911936549808934,0.008806345019106687,0.0
1050,2013-07-01,32,4,323790.5982,2,161109.78100000002,1,71513.4488,91.0,1.0,0.3516483516483517,1,-0.0097040422617205,0.943721850475892,0.05510822302807679,0.00039330735576620585,0.0007766192143870593
1052,2013-07-01,1,4,110157.6741,2,45400.435,1,15148.1025,91.0,1.7320508075688772,0.0109890109890109,1,-0.3551172247950624,0.8197329876266877,0.1619104819134884,0.018173279722506416,0.0001832509642648673
1054,2013-07-01,32,1,283.9489,1,283.9489,1,283.9489,,,,0,,0.9999999119559893,0.0,0.0,0.0
1056,2013-07-01,1,4,12529.787,2,10390.473,1,9850.086,91.0,1.7320508075688772,0.0109890109890109,1,1.5800330187540972,0.4738222605061044,0.487204850329858,0.03897288916403766,0.0
1064,2013-07-01,62,4,5751.6151,2,251.4772,1,183.9382,91.0,1.0,0.6813186813186813,1,-3.0813892931219904,0.0,1.0,0.0,0.0
1066,2013-07-01,62,4,136737.3476,2,66117.7954,1,31201.3606,91.0,1.0,0.6813186813186813,1,-0.0658681553882498,0.8742222026252029,0.11777425833291502,0.008003539283220671,0.0
1068,2013-07-01,1,3,2839.7763,2,2819.5898,1,2753.988,136.5,62.932503525602726,0.0073260073260073,1,4.891337104613042,0.9697904725805339,0.023101044966112295,0.0,0.007108482453353808
1070,2013-07-01,93,3,199457.921,1,68243.9474,0,0.0,90.5,2.1213203435596424,1.0276243093922652,1,-0.6537335974912342,0.8887884828600012,0.08631200262034217,0.022128812658184678,0.002770702197382274
1072,2013-07-01,32,2,7504.3968,2,7504.3968,2,7504.3968,,,,0,,0.2849401566825464,0.7150598433174535,0.0,0.0
1074,2013-07-01,62,3,1469.6971,2,1090.2301,1,671.4104,136.5,62.932503525602726,0.4542124542124542,1,1.0536614254684444,0.0,0.8990533491560948,0.07347636461962127,0.027470286224283897
1082,2013-07-01,62,4,4189.2108,2,1362.4483,1,737.7278,91.0,1.0,0.6813186813186813,1,-0.7294687574356375,0.36757531991467224,0.5954424160273817,0.012888823832880408,0.024093440225065783
1086,2013-07-01,32,4,170916.2667,2,80888.02960000001,1,34969.3511,91.0,1.0,0.3516483516483517,1,-0.1070562638230363,0.9177018169681329,0.05407087797103165,0.023032699157358786,0.005194605915178231
1088,2013-07-01,1,2,1849.632,2,1849.632,2,1849.632,,,,0,,0.7925955000778533,0.20740449992214668,0.0,0.0
1090,2013-07-01,1,4,11580.1325,2,8475.7811,1,5195.85,91.0,1.7320508075688772,0.0109890109890109,1,1.004203909193501,0.17976270996899216,0.7810793183929459,0.039157971638062,0.0
1092,2013-07-01,154,2,1429.7236,1,648.9054,0,0.0,181.0,,0.850828729281768,1,-0.1847954188626479,0.0,1.0,0.0,0.0
1094,2013-07-01,1,1,2751.624,1,2751.624,1,2751.624,,,,0,,0.0,1.0,0.0,0.0
1096,2013-07-01,32,4,2400.57,2,621.8385000000001,1,21.576,91.0,1.0,0.3516483516483517,1,-1.0499305335644389,0.9910121346180282,0.0,0.008987865381971782,0.0
1100,2013-07-01,32,1,2232.84,1,2232.84,1,2232.84,,,,0,,0.6406379319610899,0.3593620680389101,0.0,0.0
1102,2013-07-01,1,2,2475.9149,1,26.724,1,26.724,273.0,,0.0036630036630036,1,-4.481622754814904,0.0,1.0,0.0,0.0
1106,2013-07-01,154,2,714.5072,1,648.9054,0,0.0,90.0,,1.711111111111111,1,2.278095209628248,0.0,1.0,0.0,0.0
1108,2013-07-01,93,3,153839.5718,1,53097.089,0,0.0,90.5,2.1213203435596424,1.0276243093922652,1,-0.6404365729861521,0.8900500982803697,0.08831252480124233,0.017419434210879672,0.0042179427075082375
1114,2013-07-01,62,4,36497.7757,2,16495.7728,1,7866.7665,91.0,1.0,0.6813186813186813,1,-0.1927176333854152,0.9128207338947507,0.011467712537890357,0.06520287207529746,0.010508681492061446
1116,2013-07-01,1,2,472.203,1,404.664,1,404.664,273.0,,0.0036630036630036,1,1.7781223044367147,0.0,1.0,0.0,0.0
1118,2013-07-01,123,1,107.988,1,107.988,0,0.0,,,,0,,0.0,0.0,1.0,0.0
1122,2013-07-01,1,1,200.052,1,200.052,1,200.052,,,,0,,0.0,1.0,0.0,0.0
1130,2013-07-01,1,1,3521.495,1,3521.495,1,3521.495,,,,0,,0.8647438161917027,0.11361765386575871,0.02163853704179617,0.0
1132,2013-07-01,62,3,3031.9136,1,181.6957,1,181.6957,136.5,64.34671708797582,0.4542124542124542,1,-2.747679588059277,0.0,0.7460008754866894,0.1874190610180976,0.06658006349521306
1134,2013-07-01,1,4,25448.001,2,12983.5728,1,7728.264,91.0,1.7320508075688772,0.0109890109890109,1,0.0408028765024699,0.8383827869230278,0.09804942242811134,0.06274281425877026,0.0008249763900905222
1138,2013-07-01,32,3,2379.6893,2,2339.3163,1,647.988,136.5,64.34671708797582,0.2344322344322344,1,4.035412875996839,0.27229941320490875,0.5453698514339665,0.1399165849087946,0.04241415045233006
1140,2013-07-01,1,1,5194.614,1,5194.614,1,5194.614,,,,0,,0.5301622026198675,0.03521493608572264,0.270761600380702,0.16386126091370795
1142,2013-07-01,1,4,20562.9615,2,7550.2358,1,3547.02,91.0,1.7320508075688772,0.0109890109890109,1,-0.5442933915636132,0.8487935942495441,0.01007743947777172,0.10621288669922374,0.03491607957346027
1146,2013-07-01,32,1,5497.4401,1,5497.4401,1,5497.4401,,,,0,,0.9883764035919191,0.011623591860509767,0.0,0.0
1148,2013-07-01,154,1,469.794,1,469.794,0,0.0,,,,0,,1.0,0.0,0.0,0.0
1150,2013-07-01,62,4,21455.7799,2,11093.0993,1,4515.9833,91.0,1.0,0.6813186813186813,1,0.0681059283691247,0.7663571343775762,0.17667050639347767,0.05038646486115379,0.006585894367792241
1152,2013-07-01,32,1,8410.9927,1,8410.9927,1,8410.9927,,,,0,,0.7928649848905468,0.048146278857191256,0.09888915965888306,0.06009957362107804
1154,2013-07-01,123,2,1317.9973,1,669.0919,0,0.0,182.0,,0.6758241758241759,1,0.0305880533215754,0.0,0.9846839595194922,0.0,0.015316040480507812
1156,2013-07-01,93,3,9066.0841,1,2618.4758,0,0.0,90.5,2.1213203435596424,1.0276243093922652,1,-0.9008901186654904,0.9522300923725162,0.0,0.04776990762748384,0.0
1162,2013-07-01,32,4,17094.3157,2,9102.2905,1,3809.3904,91.0,1.0,0.3516483516483517,1,0.1300666301726813,0.8826767894546372,0.007858401725902372,0.10946480881946039,0.0
1164,2013-07-01,1,4,34908.3956,2,15565.0879,1,3855.0766,91.0,1.7320508075688772,0.0109890109890109,1,-0.2173035050430023,0.8471881217021614,0.04260505171999368,0.09484656656635344,0.015360259066160002
1168,2013-07-01,62,4,2254.7753,2,1324.2844,1,777.2902,91.0,1.0,0.6813186813186813,1,0.3525959360931185,0.20835512966635744,0.5581463039798246,0.18668259316127864,0.04681597319253941
1172,2013-07-01,154,1,67.539,1,67.539,0,0.0,,,,0,,0.0,1.0,0.0,0.0
1174,2013-07-01,93,3,135393.0177,1,44161.7113,0,0.0,90.5,2.1213203435596424,1.0276243093922652,1,-0.7255282739191955,0.9268683616910032,0.0731316383089968,0.0,0.0
1182,2013-07-01,1,4,167752.53519999998,2,74491.9441,1,33973.89,91.0,1.7320508075688772,0.0109890109890109,1,-0.2247039413065188,0.855243179061058,0.13920712716596848,0.0055496937729737515,0.0
1184,2013-07-01,123,3,130397.5915,1,43579.4597,0,0.0,91.0,1.4142135623730951,1.3516483516483515,1,-0.6892181319439015,0.8878619932178732,0.08738390616670248,0.019568391337964244,0.005185709277460082
1186,2013-07-01,123,3,608.3678,1,123.2826,0,0.0,91.0,1.4142135623730951,1.3516483516483515,1,-1.3638259123695962,0.0,0.6411491535219319,0.35885084647806803,0.0
1188,2013-07-01,62,4,124532.3947,2,58087.7146,1,38777.8774,91.0,1.0,0.6813186813186813,1,-0.1344133692374463,0.809779519962929,0.13903494943392428,0.045828000720201365,0.0053575296741643725
1192,2013-07-01,93,3,1660.1045,1,527.4748,0,0.0,90.5,2.1213203435596424,1.0276243093922652,1,-0.7631847656967183,0.9275623914036737,0.0,0.060277831907569676,0.012159776688756641
1196,2013-07-01,32,1,1020.594,1,1020.594,1,1020.594,,,,0,,1.0,0.0,0.0,0.0
1198,2013-07-01,32,1,33802.11,1,33802.11,1,33802.11,,,,0,,0.9244663129017685,0.06877345822494513,0.006760228873286312,0.0
1200,2013-07-01,1,4,169262.2586,2,77507.0294,1,31666.098,91.0,1.7320508075688772,0.0109890109890109,1,-0.1687538416641043,0.8563264852948146,0.10806012782343907,0.025744441413237763,0.009868945468508595
1202,2013-07-01,1,4,140203.0494,2,58453.9405,1,35496.363,91.0,1.7320508075688772,0.0109890109890109,1,-0.3354109323053027,0.8562243803807025,0.1232447787259041,0.020530840536767955,0.0
1204,2013-07-01,62,4,12292.2845,2,5215.0624,1,4391.9964,91.0,1.0,0.6813186813186813,1,-0.3052799726085862,0.36379490728513486,0.60855228334489,0.024368391408448122,0.0032844179615270047
1210,2013-07-01,1,1,32904.684,1,32904.684,1,32904.684,,,,0,,0.8997088681963941,0.09750435530698304,0.0027867764966227906,0.0
1212,2013-07-01,62,2,758.9395,1,22.794,1,22.794,182.0,,0.3406593406593406,1,-3.4333518466308512,0.0,0.9699659854309863,0.030034014569013737,0.0
1214,2013-07-01,1,4,138750.9669,2,73044.9632,1,30516.5072,91.0,1.7320508075688772,0.0109890109890109,1,0.1058833548627724,0.861693909392137,0.11759118198980997,0.019525944406229578,0.00118896468749581
1218,2013-07-01,62,3,7649.6868,1,2817.8617,1,2817.8617,136.5,64.34671708797582,0.4542124542124542,1,-0.539098052527291,0.0,1.0,0.0,0.0
1220,2013-07-01,1,4,141731.5498,2,66932.50700000001,1,40093.4149,91.0,1.7320508075688772,0.0109890109890109,1,-0.1111187634051695,0.8000792311945777,0.1417465788552324,0.04586104900547697,0.01231314059898892
1230,2013-07-01,1,1,27185.7408,1,27185.7408,1,27185.7408,,,,0,,0.7774705692404749,0.11794263851732156,0.06778441089970225,0.03680238134250143
1232,2013-07-01,1,1,29.388,1,29.388,1,29.388,,,,0,,0.0,0.0,1.0,0.0
1234,2013-07-01,32,4,122774.8331,2,68629.69930000001,1,28963.5908,91.0,1.0,0.3516483516483517,1,0.2370533733607285,0.7941280092849908,0.1421054483192777,0.05456168035303972,0.009204862238171513
1236,2013-07-01,1,4,141431.1613,2,69422.4375,1,44160.5991,91.0,1.7320508075688772,0.0109890109890109,1,-0.0365766360371999,0.8774038992494647,0.07147823016567424,0.042095516958751016,0.009022353972568278
1238,2013-07-01,1,1,30005.918,1,30005.918,1,30005.918,,,,0,,0.8381564596690558,0.06136829408118758,0.0614343460513356,0.0390408985320829
1242,2013-07-01,1,4,317214.5319,2,200484.217,1,128873.2206,91.0,1.7320508075688772,0.0109890109890109,1,0.5408656732975015,0.8342996774196648,0.13389068528988157,0.02657322826766752,0.005236408906145702
1246,2013-07-01,154,3,3395.3658,1,209.256,0,0.0,90.5,0.7071067811865476,1.701657458563536,1,-2.718543930385713,0.36604356443715136,0.6099289802589165,0.0240274553039322,0.0
1252,2013-07-01,1,1,39731.712,1,39731.712,1,39731.712,,,,0,,0.8509217523775467,0.1416796739088414,0.007398573713611939,0.0
1254,2013-07-01,1,4,207298.8307,2,118331.1475,1,73437.9329,91.0,1.7320508075688772,0.0109890109890109,1,0.2852110459777357,0.9358094464157535,0.04845237653335206,0.01376330584386649,0.0019748712456196214
1256,2013-07-01,32,4,791.3406,2,542.3128,1,484.632,91.0,1.0,0.3516483516483517,1,0.7761131013275575,0.5834327216371813,0.0,0.40614951387556764,0.010417764487251128
1262,2013-07-01,1,1,94139.2728,1,94139.2728,1,94139.2728,,,,0,,0.7444164729621748,0.2555328573560003,0.0,5.0669607466948684e-05
1266,2013-07-01,1,4,320315.4207,2,159079.84029999998,1,66047.3337,91.0,1.7320508075688772,0.0109890109890109,1,-0.013460227313665,0.9331107423639564,0.0485783580634212,0.013907875603567531,0.004403024047102956
1272,2013-07-01,1,1,356.898,1,356.898,1,356.898,,,,0,,0.0,1.0,0.0,0.0
1274,2013-07-01,62,4,2342.5335,2,1523.5703,1,214.6328,91.0,1.0,0.6813186813186813,1,0.6202084176424769,0.759319557222981,0.240680442777019,0.0,0.0
1276,2013-07-01,1,1,21892.136,1,21892.136,1,21892.136,,,,0,,0.8363288968239554,0.16367110089211945,0.0,0.0
1278,2013-07-01,62,4,149807.9969,2,74287.5272,1,33977.5113,91.0,1.0,0.6813186813186813,1,-0.0164604547606952,0.8440191719832013,0.11545982696468456,0.03485071631045886,0.005670284748330414
1280,2013-07-01,93,2,262.332,1,45.0,0,0.0,181.0,,0.5138121546961326,1,-1.5573754435891711,0.0,0.7712821920314715,0.0,0.22871780796852845
1290,2013-07-01,1,4,142727.5996,2,74420.2322,1,37540.9762,91.0,1.7320508075688772,0.0109890109890109,1,0.0857090115685501,0.8808996168390687,0.10468730253906688,0.013467432874839718,0.0009456475158151544
1292,2013-07-01,1,1,1914.4429,1,1914.4429,1,1914.4429,,,,0,,0.8955037912073534,0.10449619573401744,0.0,0.0
1294,2013-07-01,123,3,81233.8939,1,37216.7222,0,0.0,91.0,1.4142135623730951,1.3516483516483515,1,-0.1678174907809495,0.5973090993241186,0.3185731147131432,0.06606125485756138,0.01805653040349947
1296,2013-07-01,62,4,126350.7516,2,49750.1053,1,34930.4656,91.0,1.0,0.6813186813186813,1,-0.4315858882394607,0.6993056074547324,0.29564312065398113,0.005051271891286477,0.0
1300,2013-07-01,1,1,122284.4578,1,122284.4578,1,122284.4578,,,,0,,0.843175097154497,0.15034520601194504,0.00647969712795341,0.0
1302,2013-07-01,32,1,56981.3473,1,56981.3473,1,56981.3473,,,,0,,0.6406794456402753,0.26196330391085715,0.06514029023318653,0.03221696021568096
1304,2013-07-01,1,1,49258.2807,1,49258.2807,1,49258.2807,,,,0,,0.7196524569319772,0.28034754367705733,0.0,0.0
1310,2013-07-01,1,3,1586.7657,2,1445.1507,1,700.878,90.5,2.1213203435596424,0.011049723756906,1,2.3165119240332244,0.20418515474590865,0.7958148452540914,0.0,0.0
1312,2013-07-01,93,3,64626.192,1,23863.0438,0,0.0,90.5,2.1213203435596424,1.0276243093922652,1,-0.5354300919092623,0.9140881300881847,0.08591186991181532,0.0,0.0
1316,2013-07-01,1,4,128994.0387,2,71543.6542,1,45822.421,91.0,1.7320508075688772,0.0109890109890109,1,0.2193826858042395,0.8062373870615154,0.0906948585989191,0.07495204130700654,0.028115713164347956
1320,2013-07-01,1,4,1622.2315,2,1526.8735,1,790.728,91.0,1.7320508075688772,0.0109890109890109,1,2.763561756310172,0.19972118652609078,0.8002788134739092,0.0,0.0
1322,2013-07-01,62,4,140093.0882,2,52231.0788,1,31643.6024,91.0,1.0,0.6813186813186813,1,-0.5200820476435872,0.6591265078557959,0.24564616290612973,0.08317665789024986,0.012050671347824568
1324,2013-07-01,154,3,5811.704199999999,1,22.794,0,0.0,90.5,0.7071067811865476,1.701657458563536,1,-5.494438612893296,0.8554129785201388,0.14066493611288752,0.0039220853669737704,0.0
1326,2013-07-01,1,2,2268.282,2,2268.282,1,858.9,92.0,,0.0108695652173913,0,,0.62134337793978,0.37865662206022,0.0,0.0
1328,2013-07-01,93,3,90549.5166,1,34098.5966,0,0.0,90.5,2.1213203435596424,1.0276243093922652,1,-0.5041037481101434,0.6388466385252906,0.2712130591318916,0.07337686655303469,0.016563435657258936
1330,2013-07-01,62,4,179831.3508,2,66291.371,1,43678.96,91.0,1.0,0.6813186813186813,1,-0.5380890045655118,0.7371813041399898,0.20051654919782766,0.05096875490966951,0.011333391735830749
1332,2013-07-01,1,4,117965.997,2,62206.5207,1,32164.548,91.0,1.7320508075688772,0.0109890109890109,1,0.1094105956301287,0.6335321126476811,0.3599662943551437,0.0065015929971752795,0.0
1334,2013-07-01,62,4,132529.046,2,42839.0595,1,25585.0564,91.0,1.0,0.6813186813186813,1,-0.7388966445984941,0.6715945355858066,0.3224259918086183,0.005888971690024842,9.050091555024096e-05
1336,2013-07-01,62,4,339897.5501,2,131635.9343,1,87340.1019,91.0,1.0,0.6813186813186813,1,-0.458752223994253,0.7596780710306155,0.1729125163823886,0.05616999153239852,0.011239421525327436
1338,2013-07-01,32,2,4053.8199,2,4053.8199,1,2783.988,91.0,,0.3516483516483517,0,,0.9900407514403884,0.0,0.0,0.009959248559611639
1340,2013-07-01,62,4,4036.0739,2,982.2367,1,784.2007,91.0,1.0,0.6813186813186813,1,-1.1336316958463293,0.5625718349706135,0.43742816502938664,0.0,0.0
1344,2013-07-01,93,3,4648.0837,1,3926.8125,0,0.0,90.5,2.1213203435596424,1.0276243093922652,1,1.6934372424863913,0.9458965852960005,0.05410341470399942,0.0,0.0
1346,2013-07-01,62,4,6167.3085,2,991.9609,1,573.9927,91.0,1.0,0.6813186813186813,1,-1.6511637023904395,0.5169375749567255,0.4772261676223915,0.005836257420883032,0.0
1350,2013-07-01,1,4,68871.4235,2,39272.4292,1,20403.594,91.0,1.7320508075688772,0.0109890109890109,1,0.2827740196717361,0.7132432510270388,0.2855063479267276,0.0012504010462336384,0.0
1356,2013-07-01,62,4,192566.2297,2,77036.5571,1,45716.9177,91.0,1.0,0.6813186813186813,1,-0.4052430008568741,0.7513261305390766,0.19047406991943616,0.04878417266950312,0.009415626856405134
1362,2013-07-01,1,4,53870.9791,2,53098.83960000001,1,53024.0016,91.0,1.7320508075688772,0.0109890109890109,1,4.229469688486425,0.6874145986331257,0.2956354565309915,0.01572501785103067,0.0012249266878462954
1366,2013-07-01,32,1,5527.9561,1,5527.9561,1,5527.9561,,,,0,,0.9878729093018664,0.012127086175666263,0.0,0.0
1368,2013-07-01,62,3,2578.023,1,94.367,1,94.367,136.5,64.34671708797582,0.4542124542124542,1,-3.260156891701614,0.0,0.9086243993944196,0.06005470083083045,0.031320899774749875
1372,2013-07-01,123,3,14833.77,1,2886.303,0,0.0,91.0,1.4142135623730951,1.3516483516483515,1,-1.420280137217281,0.9817877720903047,0.018212227909695244,0.0,0.0
1376,2013-07-01,62,4,24133.3375,2,7949.0687,1,3720.9227,91.0,1.0,0.6813186813186813,1,-0.710920925072303,0.7007975585639573,0.29346652529928774,0.0023900879851367425,0.0033458281516180674
1378,2013-07-01,62,4,17162.951699999998,2,2686.8578,1,1320.6349,91.0,1.0,0.6813186813186813,1,-1.6838231498254768,0.9351497621472653,0.038288373205641546,0.02656186464709331,0.0
1380,2013-07-01,1,1,2333.472,1,2333.472,1,2333.472,,,,0,,0.5901052166042703,0.24792755173406836,0.16196723166166124,0.0
1384,2013-07-01,1,1,10284.1936,1,10284.1936,1,10284.1936,,,,0,,0.5023506728811483,0.3159526285074991,0.07204240106876246,0.10965429511167506
1386,2013-07-01,62,4,1618.393,2,319.116,1,205.146,91.0,1.0,0.6813186813186813,1,-1.4016491675685208,0.0,0.5355837549964687,0.46441624500353124,0.0
1388,2013-07-01,32,4,41474.3188,2,21763.4974,1,14614.3177,91.0,1.0,0.3516483516483517,1,0.0990615557779737,0.8800189383701222,0.1101425468138129,0.009515816327283476,0.00032269788599879304
1392,2013-07-01,62,4,9775.746,2,3860.4327,1,2451.0507,91.0,1.0,0.6813186813186813,1,-0.4266752211112461,0.8650277942982562,0.0514492090936078,0.06906829412302652,0.014454702485109577
1394,2013-07-01,1,4,7129.5307,2,5085.6938,1,3495.654,91.0,1.7320508075688772,0.0109890109890109,1,0.9113100405681482,0.53803145836794,0.06856692544994582,0.32888432614505747,0.06451729003705671
1396,2013-07-01,1,1,4005.036,1,4005.036,1,4005.036,,,,0,,0.3438156361141323,0.1737452547243021,0.3795711199599704,0.10286798920159519
1398,2013-07-01,1,4,30900.5363,2,12236.1221,1,7107.954,91.0,1.7320508075688772,0.0109890109890109,1,-0.422198176497881,0.9355136596771624,0.028675230468410997,0.035811109854426704,0.0
1400,2013-07-01,1,4,22050.076,2,8326.2914,1,2006.046,91.0,1.7320508075688772,0.0109890109890109,1,-0.4996650520460921,0.9569993318843889,0.017101437654908763,0.025899230460702263,0.0
1404,2013-07-01,32,1,108651.1426,1,108651.1426,1,108651.1426,,,,0,,0.8342793681674544,0.1651243380481486,0.0005962937751931197,0.0
1406,2013-07-01,93,3,12031.6281,1,3218.1375,0,0.0,90.5,2.1213203435596424,1.0276243093922652,1,-1.0072835597851224,0.7548585631565523,0.24514143684344766,0.0,0.0
1408,2013-07-01,93,2,1344.252,1,202.332,0,0.0,181.0,,0.5138121546961326,1,-1.7265015589935162,0.6989671579435999,0.30103284205640013,0.0,0.0
1410,2013-07-01,93,3,3360.186,1,954.588,0,0.0,90.5,2.1213203435596424,1.0276243093922652,1,-0.9236425531384196,0.9955359614021365,0.0,0.0,0.004464038597863333
1412,2013-07-01,1,4,2571.4437,2,1261.0429,1,31.584,91.0,1.7320508075688772,0.0109890109890109,1,-0.0383641216801677,0.9614485045890758,0.03855149541092423,0.0,0.0
1414,2013-07-01,32,4,164310.2903,2,96906.9775,1,54253.0364,91.0,1.0,0.3516483516483517,1,0.3630528386477394,0.7846152906164028,0.13221653409737785,0.06269207956599905,0.02047609522116461
1416,2013-07-01,93,3,1588.4933999999998,1,324.4527,0,0.0,90.5,2.1213203435596424,1.0276243093922652,1,-1.3576424383678578,0.5914963197203086,0.4085036802796915,0.0,0.0
1418,2013-07-01,32,4,299522.7178,2,184057.9957,1,97972.1953,91.0,1.0,0.3516483516483517,1,0.4662826274634444,0.777133070301621,0.22151002897984523,0.0012221096372543665,0.00013479111132718227
1420,2013-07-01,1,1,101223.4606,1,101223.4606,1,101223.4606,,,,0,,0.7727685139525845,0.185230893005055,0.026788134172919198,0.015212458800287251
1422,2013-07-01,1,4,148913.4662,2,87484.31599999999,1,53853.9505,91.0,1.7320508075688772,0.0109890109890109,1,0.3535702019055744,0.6214819435853008,0.29405698300775973,0.06887408313513557,0.015586990271803908
1424,2013-07-01,1,4,297843.2735,2,161445.76559999998,1,101609.2864,91.0,1.7320508075688772,0.0109890109890109,1,0.1685946573567545,0.679037615009291,0.2828761041534819,0.03378806043105083,0.004298220285307198
1426,2013-07-01,62,4,354805.2477,2,135970.0537,1,78942.2843,91.0,1.0,0.6813186813186813,1,-0.4758814547015539,0.7955544952724779,0.1698867040178786,0.029287791731835763,0.005271008825611572
1428,2013-07-01,32,4,1145.4234,2,351.1767,1,26.724,91.0,1.0,0.3516483516483517,1,-0.8145193427018507,0.4101487711880166,0.5898512288119835,0.0,0.0
1430,2013-07-01,32,4,215978.8668,2,136475.9789,1,77253.4169,91.0,1.0,0.3516483516483517,1,0.5403500227872673,0.629887625764689,0.3626983881554471,0.007413986024303004,0.0
1434,2013-07-01,1,1,977.376,1,977.376,1,977.376,,,,0,,0.994481141341715,0.0,0.005518858658285041,0.0
1436,2013-07-01,62,2,2572.8878,2,2572.8878,1,1297.8409,92.0,,0.6739130434782609,0,,0.9557034706293839,0.0,0.044296529370616164,0.0
1440,2013-07-01,1,1,20455.5812,1,20455.5812,1,20455.5812,,,,0,,0.8653245807066093,0.13467542051555104,0.0,0.0
1444,2013-07-01,62,4,12521.5522,2,4729.059,1,1910.295,91.0,1.0,0.6813186813186813,1,-0.4993515044256291,0.787895449575333,0.1668347475323387,0.03076053941619155,0.014509263476136769
1448,2013-07-01,62,1,68.382,1,68.382,1,68.382,,,,0,,0.0,0.0,1.0,0.0
1450,2013-07-01,1,4,64267.8639,2,37375.0545,1,17235.8129,91.0,1.7320508075688772,0.0109890109890109,1,0.3291341190657206,0.9180282713581834,0.07288638855787458,0.008771240769369963,0.00031409943905106203
1456,2013-07-01,1,4,36569.177,2,18247.211,1,10595.429,91.0,1.7320508075688772,0.0109890109890109,1,-0.0040881978787439,0.8447832446434328,0.11357893014655485,0.024331282927149273,0.017306542064099498
1458,2013-07-01,93,3,3558.714,1,604.872,0,0.0,90.5,2.1213203435596424,1.0276243093922652,1,-1.5845317170766942,0.9240860603015584,0.07591393969844164,0.0,0.0
1462,2013-07-01,1,1,15681.3497,1,15681.3497,1,15681.3497,,,,0,,0.780941561745798,0.11111211938599902,0.0683635031747299,0.03958281728772364
1464,2013-07-01,1,1,14267.0691,1,14267.0691,1,14267.0691,,,,0,,0.7588435490229735,0.02945734663891128,0.11394588339100425,0.09775322389095319
1468,2013-07-01,93,3,4799.5462,1,453.1758,0,0.0,90.5,2.1213203435596424,1.0276243093922652,1,-2.258842087789509,0.7684844663022518,0.0,0.23151553369774835,0.0
1470,2013-07-01,32,4,1141.8665999999998,2,982.3086,1,700.3924,91.0,1.0,0.3516483516483517,1,1.812267759799143,0.0,0.26055758177005967,0.6808380173305709,0.05860437199932112
1472,2013-07-01,62,4,13961.1397,2,1685.3389000000002,1,1502.9869,91.0,1.0,0.6813186813186813,1,-1.9851515199209429,0.8835072182538221,0.06443395878346522,0.050612916651783094,0.0014459063109296154
1476,2013-07-01,1,1,756.366,1,756.366,1,756.366,,,,0,,0.0,0.738245769905046,0.16656221987767827,0.09519201021727576
1478,2013-07-01,1,4,13056.3328,2,7888.5988,1,5069.8348,91.0,1.7320508075688772,0.0109890109890109,1,0.422917500129671,0.7643091021699447,0.12242794546413523,0.052719456951955145,0.060543493499185315
1480,2013-07-01,1,3,3033.5419,2,2791.2927,1,2342.5409,136.5,62.932503525602726,0.0073260073260073,1,2.440531861367812,0.0,0.3666051225466838,0.43546980775179,0.19792507233870743
1482,2013-07-01,1,1,2666.2695,1,2666.2695,1,2666.2695,,,,0,,0.5164496687225354,0.2406733452863636,0.2428769769897604,0.0
1486,2013-07-01,1,4,44342.607,2,18973.731,1,6556.47,91.0,1.7320508075688772,0.0109890109890109,1,-0.290454339303535,0.9688621149406033,0.030651310149626517,0.0004865749097701901,0.0
1796,2013-07-01,93,3,7375.6075,1,1731.3963,0,0.0,90.5,2.1213203435596424,1.0276243093922652,1,-1.1813020159515002,0.8334628028945412,0.0,0.16653719710545878,0.0
1798,2013-07-01,62,4,45190.6918,2,12822.8428,1,7813.8312,91.0,1.0,0.6813186813186813,1,-0.925890352724524,0.9288574400624687,0.04289638911878751,0.028246170818743695,0.0
1802,2013-07-01,1,4,18752.0606,2,8720.7801,1,4213.104,91.0,1.7320508075688772,0.0109890109890109,1,-0.1399845870305629,0.8500716982537908,0.11378907873196613,0.031150251295582947,0.004988971718660081
1806,2013-07-01,93,2,2472.3107,1,1229.4589,0,0.0,89.0,,1.0449438202247192,1,-0.0108256661527645,1.0,0.0,0.0,0.0
1812,2013-07-01,1,1,1580.0004,1,1580.0004,1,1580.0004,,,,0,,0.9441848242570066,0.05581517574299349,0.0,0.0
1814,2013-07-01,1,1,762.9024,1,762.9024,1,762.9024,,,,0,,1.0,0.0,0.0,0.0
1816,2013-07-01,62,4,23936.8419,2,7907.216899999999,1,5311.5351,91.0,1.0,0.6813186813186813,1,-0.7065986224029537,0.8809976682847205,0.04431075345824965,0.06625834379597084,0.00843323446105896
1822,2013-07-01,32,4,22131.4284,2,10050.8744,1,5824.4177,91.0,1.0,0.3516483516483517,1,-0.1839207020396358,0.8366550800670416,0.06298561822606985,0.0727637173206588,0.02759558551584497
1824,2013-07-01,93,2,939.588,1,469.794,0,0.0,89.0,,1.0449438202247192,1,0.0,1.0,0.0,0.0,0.0
1828,2013-07-01,1,4,2564.4334,2,1459.1625,1,858.9,91.0,1.7320508075688772,0.0109890109890109,1,0.2775529210796641,0.23407217360372864,0.7659278263962714,0.0,0.0
1830,2013-07-01,62,4,180419.3497,2,72700.4115,1,41158.8457,91.0,1.0,0.6813186813186813,1,-0.3931738944768419,0.7881782008773086,0.2108006567102708,0.0009546636781830724,6.647845710531346e-05
1832,2013-07-01,93,3,88664.2223,1,30197.6692,0,0.0,90.5,2.1213203435596424,1.0276243093922652,1,-0.660674095315823,0.6294578732237975,0.28413087654184505,0.07047473289572856,0.01593651756419906
1834,2013-07-01,93,3,99242.3832,1,30242.8503,0,0.0,90.5,2.1213203435596424,1.0276243093922652,1,-0.8248213598141643,0.6578415370017031,0.25606074018585234,0.07342477543405064,0.01267294737839387
1836,2013-07-01,62,4,136591.7792,2,56775.5305,1,27105.9276,91.0,1.0,0.6813186813186813,1,-0.3406165853058933,0.7245377070247577,0.2656028255322704,0.009563893344468569,0.0002955741570719653
1838,2013-07-01,1,4,6997.518099999999,2,6311.1387,1,5986.686,91.0,1.7320508075688772,0.0109890109890109,1,2.2173434403306915,0.5869881922849189,0.400705029973413,0.01230677774166815,0.0
1840,2013-07-01,32,4,298188.5538,2,177036.0223,1,98630.2745,91.0,1.0,0.3516483516483517,1,0.3793002795865252,0.6293117636764232,0.3238044429725525,0.037373539456765026,0.009510253870784226
1842,2013-07-01,62,4,174832.7856,2,57478.4945,1,37815.8335,91.0,1.0,0.6813186813186813,1,-0.713777742669393,0.8527311624553787,0.14594916515475345,0.0010887488828067954,0.00023092350706102344
1844,2013-07-01,62,4,252486.2445,2,77802.4304,1,44597.1778,91.0,1.0,0.6813186813186813,1,-0.8087977650177578,0.7093045823492377,0.28343742148297507,0.0072579961598660475,0.0
1846,2013-07-01,32,1,49685.6585,1,49685.6585,1,49685.6585,,,,0,,0.7355017449351104,0.2644982555680529,0.0,0.0
1856,2013-07-01,1,1,1323.438,1,1323.438,1,1323.438,,,,0,,0.0,1.0,0.0,0.0
1858,2013-07-01,1,4,141105.639,2,78727.6485,1,51742.386,91.0,1.7320508075688772,0.0109890109890109,1,0.2327785828073736,0.7158100726222572,0.27721296453644917,0.0069769628412936786,0.0
1862,2013-07-01,123,2,4341.402,1,2932.02,0,0.0,182.0,,0.6758241758241759,1,0.7321720192456063,1.0,0.0,0.0,0.0
1864,2013-07-01,1,2,711.894,1,63.9,1,63.9,273.0,,0.0036630036630036,1,-2.302575847959014,0.9102394457601835,0.0897605542398166,0.0,0.0
1866,2013-07-01,1,1,38978.1074,1,38978.1074,1,38978.1074,,,,0,,0.6987319592125706,0.2996058756818962,0.0016621638227616972,0.0
1868,2013-07-01,1,4,90263.4419,2,30178.595,1,1886.442,91.0,1.7320508075688772,0.0109890109890109,1,-0.6886082875294086,0.7258333232249589,0.26759233186298426,0.006574344912056804,0.0
1870,2013-07-01,1,1,5270.5524,1,5270.5524,1,5270.5524,,,,0,,0.9589561048667309,0.04104389513326915,0.0,0.0
1872,2013-07-01,1,1,672.294,1,672.294,1,672.294,,,,0,,1.0,0.0,0.0,0.0
1874,2013-07-01,1,1,22147.2853,1,22147.2853,1,22147.2853,,,,0,,0.7488111093687857,0.2511888895024078,0.0,0.0
1878,2013-07-01,32,4,142194.521,2,70495.26699999999,1,36907.494,91.0,1.0,0.3516483516483517,1,-0.016934532075961,0.8430797590295339,0.1436887508485647,0.013231490121901392,0.0
1882,2013-07-01,32,4,136151.0152,2,73148.824,1,35151.162,91.0,1.0,0.3516483516483517,1,0.1493243423712833,0.8512144388329175,0.13569361692133752,0.013091943878505872,0.0
1888,2013-07-01,32,1,41100.9587,1,41100.9587,1,41100.9587,,,,0,,0.7402613859223677,0.25957394516931304,0.00013123781465467372,3.342987714785349e-05
1894,2013-07-01,1,1,29331.5099,1,29331.5099,1,29331.5099,,,,0,,0.8122628508121909,0.18773714748315767,0.0,0.0
1896,2013-07-01,93,3,281414.4448,1,97597.1168,0,0.0,90.5,2.1213203435596424,1.0276243093922652,1,-0.6330897238830282,0.9304762720552432,0.05689786255065753,0.010043920815823025,0.0025819445782763175
1898,2013-07-01,32,4,121876.2792,2,70045.5166,1,24474.4816,91.0,1.0,0.3516483516483517,1,0.3011564052539146,0.7782119237850837,0.14717745748181654,0.06139774667489192,0.013212871779236267
1900,2013-07-01,1,4,134991.1665,2,49452.4406,1,4464.564,91.0,1.7320508075688772,0.0109890109890109,1,-0.5479492654455971,0.8911852798901476,0.10836610186637657,0.0,0.00044861824347595367
1904,2013-07-01,1,1,1.374,1,1.374,1,1.374,,,,0,,0.0,0.0,0.0,1.0
1916,2013-07-01,62,4,200013.366,2,90018.8273,1,46260.7274,91.0,1.0,0.6813186813186813,1,-0.2004098582968385,0.8839558452308631,0.09262390144466645,0.018414182880158118,0.0050060704443122064
1918,2013-07-01,32,1,356.898,1,356.898,1,356.898,,,,0,,0.0,1.0,0.0,0.0
1924,2013-07-01,1,4,1296.4184,2,618.4618,1,20.394,91.0,1.7320508075688772,0.0109890109890109,1,-0.0917061714532856,0.0,0.8670858111856481,0.12973465973639375,0.003179529077958165
1926,2013-07-01,1,1,748.134,1,748.134,1,748.134,,,,0,,0.0,1.0,0.0,0.0
1936,2013-07-01,1,2,3022.6287,2,3022.6287,1,2698.176,92.0,,0.0108695652173913,0,,0.0,0.9999999999999999,0.0,0.0
1940,2013-07-01,1,1,24026.606,1,24026.606,1,24026.606,,,,0,,0.7328331746065174,0.15529009798554153,0.07063394638427084,0.04124277894264383
1944,2013-07-01,1,4,178853.3782,2,89037.5018,1,38335.386,91.0,1.7320508075688772,0.0109890109890109,1,-0.0087040101556059,0.8940406304274101,0.10555268449494681,0.00018095269055421173,0.00022573238708890094
1946,2013-07-01,1,4,39105.7597,2,37612.884,1,37414.848,91.0,1.7320508075688772,0.0109890109890109,1,3.2259993537721936,0.8706688160823532,0.12684837829656073,0.0024828056210860414,0.0
1948,2013-07-01,32,4,91135.8963,2,44276.838,1,4009.596,91.0,1.0,0.3516483516483517,1,-0.0566813962168293,0.8400406503710438,0.15061323866082393,0.009346110880351326,0.0
1954,2013-07-01,62,1,1295.988,1,1295.988,1,1295.988,,,,0,,1.0,0.0,0.0,0.0
1958,2013-07-01,1,1,57263.2706,1,57263.2706,1,57263.2706,,,,0,,0.705888182363094,0.2808656898476211,0.013246128225864904,0.0
1960,2013-07-01,154,2,4055.0323,1,2525.4469,0,0.0,90.0,,1.711111111111111,1,0.5011636517062534,0.622793288231021,0.377206711768979,0.0,0.0
1962,2013-07-01,1,4,320124.227,2,178211.9019,1,84756.2421,91.0,1.7320508075688772,0.0109890109890109,1,0.2277624290306423,0.7542259344557511,0.2063127783827495,0.030247255160103827,0.009214032020138232
1964,2013-07-01,123,3,4176.7284,1,968.4284,0,0.0,91.0,1.4142135623730951,1.3516483516483515,1,-1.1971015043536497,0.9882618893773414,0.0,0.00690502164325552,0.0048330889794031134
1966,2013-07-01,62,4,93190.6807,2,41988.0148,1,22994.9099,91.0,1.0,0.6813186813186813,1,-0.1984030974000799,0.8084698376926869,0.19099230916981597,0.0005378531374972562,0.0
1968,2013-07-01,62,4,21263.2098,2,12344.9068,1,5835.6552,91.0,1.0,0.6813186813186813,1,0.3251067704140311,0.725751222188477,0.27255599481504433,0.0016927829964787347,0.0
1970,2013-07-01,1,4,189221.8211,2,129885.9581,1,97526.0759,91.0,1.7320508075688772,0.0109890109890109,1,0.7834337704794425,0.693487027791849,0.2761056375648633,0.021090920226853268,0.009316414622541649
1972,2013-07-01,93,3,91186.6391,1,29654.2607,0,0.0,90.5,2.1213203435596424,1.0276243093922652,1,-0.7299402294450683,0.649429135501497,0.34622917580476986,0.004341688693733203,0.0
1976,2013-07-01,32,4,186607.6642,2,114767.1395,1,57950.2044,91.0,1.0,0.3516483516483517,1,0.4684512675578833,0.7725982722150165,0.15669521037818124,0.05338673440723556,0.017319782844160376
1978,2013-07-01,62,4,1625.2755,2,493.4088,1,425.8598,91.0,1.0,0.6813186813186813,1,-0.8291438965179507,0.0,0.915851804817091,0.084148195182909,0.0
1982,2013-07-01,1,4,299610.1838,2,142766.0582,1,39403.722,91.0,1.7320508075688772,0.0109890109890109,1,-0.0940445189091132,0.8983320212495395,0.08844107254274178,0.010491051272470133,0.0027358549352487
1984,2013-07-01,62,4,141788.93339999998,2,66704.99059999999,1,33974.7691,91.0,1.0,0.6813186813186813,1,-0.118325280347177,0.8690889968991051,0.114964047680748,0.01594695530025054,0.0
1986,2013-07-01,32,4,4621.5947,2,3394.5312,1,2935.758,91.0,1.0,0.3516483516483517,1,1.0170216756757569,0.14021004481418503,0.7651581390293702,0.08760177520542856,0.007030040951016324
1988,2013-07-01,1,4,5898.2427,2,1440.0597,1,672.294,91.0,1.7320508075688772,0.0109890109890109,1,-1.12958681967325,0.8455216669873555,0.10106806896908464,0.014668979287678345,0.03874128475588161
1990,2013-07-01,32,1,50161.4111,1,50161.4111,1,50161.4111,,,,0,,0.8543740718251046,0.1456259271781132,0.0,0.0
1992,2013-07-01,1,4,352260.6035,2,173463.9537,1,78790.812,91.0,1.7320508075688772,0.0109890109890109,1,-0.0302791353401623,0.8868822780518514,0.0978605099675871,0.011323828609746874,0.0039333833708145565
1994,2013-07-01,62,4,141834.5432,2,71094.8863,1,38382.5083,91.0,1.0,0.6813186813186813,1,0.0050090073364081,0.862739251942682,0.0916281824356029,0.03889033606024968,0.0067422292089420995
292,2013-10-01,154,3,94438.4801,1,37643.0609,0,0.0,91.0,1.4142135623730951,1.6923076923076923,1,-0.4112980847034109,0.8207089940237189,0.13369202984451672,0.03873079645211275,0.006868180209096779
294,2013-10-01,62,1,29133.471,1,29133.471,1,29133.471,,,,0,,0.6295399199086165,0.2926843835394691,0.05435026948900115,0.02342542706291331
296,2013-10-01,62,4,177339.8845,2,82083.79149999999,1,34891.325,91.33333333333331,1.1547005383792526,0.6788321167883212,1,-0.1488267227325597,0.8662528479316789,0.11744492311316465,0.013987808771805083,0.0023144201382402506
298,2013-10-01,62,3,6186.9892,1,1215.582,1,1215.582,137.0,66.46803743153546,0.4525547445255474,1,-1.4078587814635304,0.8558930731606901,0.1441069268393098,0.0,0.0
300,2013-10-01,62,1,57771.7641,1,57771.7641,1,57771.7641,,,,0,,0.7731083210941797,0.14211163754301906,0.05709488971620307,0.027685150781123543
302,2013-10-01,32,4,147142.95059999998,2,143617.0558,1,63981.9338,91.0,1.0,0.3516483516483517,1,3.7067395617181305,0.8666677165300776,0.0975218842729935,0.023313814640876177,0.012496584168674406
308,2013-10-01,62,3,50970.4281,2,50949.90809999999,1,48717.09,137.0,63.63961030678928,0.4525547445255474,1,7.769635126554496,0.7056750618109876,0.2852621538016864,0.009062784387325953,0.0
312,2013-10-01,62,4,3773.0321,2,2505.8858,1,46.968,91.33333333333331,1.1547005383792526,0.6788321167883212,1,0.6814850377771435,0.9811126706290149,0.01888732937098521,0.0,0.0
314,2013-10-01,93,1,762.9024,1,762.9024,0,0.0,,,,0,,1.0,0.0,0.0,0.0
316,2013-10-01,62,1,24213.5442,1,24213.5442,1,24213.5442,,,,0,,0.7940318873269283,0.2059681126730716,0.0,0.0
318,2013-10-01,32,4,249537.3335,2,128785.4354,1,57550.3179,91.0,1.0,0.3516483516483517,1,0.0644091998339995,0.8528649430647218,0.12402796473738868,0.021961680126713384,0.0011454117746273022
320,2013-10-01,154,1,324.4527,1,324.4527,0,0.0,,,,0,,0.0,1.0,0.0,0.0
324,2013-10-01,62,4,122042.3613,2,62869.0341,1,27975.6975,91.33333333333331,1.1547005383792526,0.6788321167883212,1,0.0605818591147109,0.8222535186231275,0.13336785872234674,0.03932758967357017,0.005051033046506615
326,2013-10-01,32,3,77949.054,2,77739.79800000001,1,31319.184,136.5,62.932503525602726,0.2344322344322344,1,5.912809633438126,0.8200645513927597,0.17077692822288773,0.00915852038435258,0.0
328,2013-10-01,62,1,1638.8018,1,1638.8018,1,1638.8018,,,,0,,0.34653229572972155,0.6302189807211587,0.023248693039024,0.0
330,2013-10-01,32,2,308.304,2,308.304,1,158.43,92.0,,0.3478260869565217,0,,0.0,1.0,0.0,0.0
332,2013-10-01,1,3,3561.5378,2,1057.032,1,595.338,92.0,0.0,0.0108695652173913,1,-0.8620800515967613,0.8200423423836749,0.1671575688456823,0.012800088770642839,0.0
338,2013-10-01,1,2,15923.2899,2,15923.2899,1,6037.44,92.0,,0.0108695652173913,0,,0.7480735435206766,0.25192645647932344,0.0,0.0
342,2013-10-01,62,3,2196.6625,2,1706.682,1,1182.894,137.0,63.63961030678928,0.4525547445255474,1,1.2464877622063335,0.5752281017224995,0.3910022591089892,0.024580016274689444,0.009189622893821877
344,2013-10-01,1,4,101097.0527,2,9976.578,1,2568.882,91.0,1.7320508075688772,0.0109890109890109,1,-2.2118531276609588,0.8541571113477179,0.12581066173850983,0.01689456867816286,0.0031376582356094735
348,2013-10-01,1,4,4563.5187,2,3641.184,1,2783.988,91.0,1.7320508075688772,0.0109890109890109,1,1.3723469900461716,0.6843364090959023,0.3156635909040978,0.0,0.0
350,2013-10-01,62,1,1075.344,1,1075.344,1,1075.344,,,,0,,0.0,1.0,0.0,0.0
354,2013-10-01,62,1,3405.1668,1,3405.1668,1,3405.1668,,,,0,,0.8681650484786825,0.13183495152131755,0.0,0.0
356,2013-10-01,1,3,11750.5808,1,323.994,1,323.994,136.5,67.17514421272202,0.0073260073260073,1,-3.5599788852682908,0.7263786654698804,0.26780187750379114,0.005819457026328435,0.0
358,2013-10-01,1,2,1772.5898,2,1772.5898,1,1204.692,92.0,,0.0108695652173913,0,,0.3203774217813958,0.6796225500112886,0.0,0.0
360,2013-10-01,1,2,9490.6755,2,9490.6755,1,2225.622,92.0,,0.0108695652173913,0,,0.11967488510169798,0.8763106482778809,0.004014466620421276,0.0
364,2013-10-01,1,2,12471.444,2,12471.444,1,7251.522,92.0,,0.0108695652173913,0,,0.7624890910787877,0.08490580561481094,0.08088429856237977,0.07172080474402162
366,2013-10-01,32,4,14681.4041,2,6354.355100000001,1,3844.1711,91.0,1.0,0.3516483516483517,1,-0.2703314347186278,0.8496376719172248,0.1164681108396165,0.03246424338936356,0.0014299722190740597
368,2013-10-01,1,4,21235.9517,2,6788.706,1,2245.602,91.0,1.7320508075688772,0.0109890109890109,1,-0.7551653606798805,0.8345279105150724,0.0049862611055006304,0.13077451574727397,0.02971131263215295
370,2013-10-01,1,4,138794.78699999998,2,77756.7555,1,31328.4204,91.0,1.7320508075688772,0.0109890109890109,1,0.2420847750753623,0.7963107785885359,0.12893037546143576,0.05983179023863484,0.014927055581705677
372,2013-10-01,1,4,210357.4803,2,77949.19039999999,1,33951.63,91.0,1.7320508075688772,0.0109890109890109,1,-0.5298277683570785,0.8354884786286347,0.11711446374460115,0.038344645769176386,0.009052411624650935
374,2013-10-01,1,2,116018.8428,2,116018.8428,1,63878.778,92.0,,0.0108695652173913,0,,0.8714793593855773,0.1285206406144227,0.0,0.0
378,2013-10-01,1,2,32268.8311,2,32268.8311,1,18144.66,92.0,,0.0108695652173913,0,,0.9489170828688618,0.018476095342666442,0.022812168117239302,0.009794652896491191
380,2013-10-01,62,1,4398.8328,1,4398.8328,1,4398.8328,,,,0,,0.997239267653001,0.0027607323469989583,0.0,0.0
382,2013-10-01,62,4,40035.8985,2,38965.842,1,38496.048,91.33333333333331,1.1547005383792526,0.6788321167883212,1,3.594065534862816,0.782557146806634,0.21673488856507114,0.000673645428489634,3.4319199805144877e-05
384,2013-10-01,62,1,1912.446,1,1912.446,1,1912.446,,,,0,,0.0,1.0,0.0,0.0
386,2013-10-01,154,3,6678.9658,1,1844.5036,0,0.0,91.0,1.4142135623730951,1.6923076923076923,1,-0.963224524782043,0.3919581381895982,0.6080418618104019,0.0,0.0
388,2013-10-01,62,4,35672.7777,2,18290.3997,1,10033.7457,91.33333333333331,1.1547005383792526,0.6788321167883212,1,0.0509165253457108,0.9009791239217124,0.09617753988358468,0.0028433354938883835,0.0
392,2013-10-01,32,4,26792.2336,2,18300.918,1,11532.702,91.0,1.0,0.3516483516483517,1,0.7678441555580466,0.9505046268333522,0.013239433684244975,0.03261712379217237,0.00363881569023047
394,2013-10-01,62,1,26776.3823,1,26776.3823,1,26776.3823,,,,0,,0.8009834939501891,0.1987086209177705,0.0,0.00030788326472318105
398,2013-10-01,62,4,5575.5236,2,576.942,1,158.43,91.33333333333331,1.1547005383792526,0.6788321167883212,1,-2.157635990298253,0.8820401370016621,0.1034776357147874,0.0,0.014482227283550551
406,2013-10-01,154,3,973.6662,1,482.6262,0,0.0,91.0,1.4142135623730951,1.6923076923076923,1,-0.017247719721678,0.0,0.5550023200969695,0.44499767990303046,0.0
408,2013-10-01,62,1,400.104,1,400.104,1,400.104,,,,0,,0.0,1.0,0.0,0.0
410,2013-10-01,1,2,36304.9316,2,36304.9316,1,18243.51,92.0,,0.0108695652173913,0,,0.984752650656419,0.01029909666597471,0.004948253366217607,0.0
412,2013-10-01,1,4,23039.5775,2,10773.618,1,4937.514,91.0,1.7320508075688772,0.0109890109890109,1,-0.1297162455792815,0.7962948105276669,0.07692678826250178,0.09560808135479047,0.03117031985504075
414,2013-10-01,1,4,20440.9873,2,7395.2715,1,2679.402,91.0,1.7320508075688772,0.0109890109890109,1,-0.5675604173780204,0.7368513897565017,0.04271916944050936,0.16710804335757304,0.05332139705404543
420,2013-10-01,1,2,3329.058,2,3329.058,1,158.43,92.0,,0.0108695652173913,0,,0.827257440393048,0.06678465800235382,0.10595790160459806,0.0
422,2013-10-01,1,4,171469.5658,2,114101.844,1,43072.692,91.0,1.7320508075688772,0.0109890109890109,1,0.6876009436330097,0.768562090801072,0.2300246321612835,0.001413277037644426,0.0
428,2013-10-01,1,4,22003.6941,2,16369.2686,1,6609.3206,91.0,1.7320508075688772,0.0109890109890109,1,1.0663941444668943,0.7879389397619375,0.03438104513550749,0.14684873868520104,0.030831277553526798
432,2013-10-01,62,4,229816.9514,2,131338.6408,1,81476.3709,91.33333333333331,1.1547005383792526,0.6788321167883212,1,0.2879401644270114,0.8798928680767454,0.09604441171783816,0.016338331237649512,0.007724388863336041
436,2013-10-01,1,2,1822.908,2,1822.908,1,1466.01,92.0,,0.0108695652173913,0,,0.8042150234679973,0.19578497653200275,0.0,0.0
442,2013-10-01,62,1,55103.4671,1,55103.4671,1,55103.4671,,,,0,,0.7390575800991658,0.20708333977046608,0.03151141101246604,0.022347668210518097
444,2013-10-01,62,1,28995.9788,1,28995.9788,1,28995.9788,,,,0,,0.7513505674448899,0.15053604605339274,0.05406355432291873,0.04404983217879853
446,2013-10-01,62,1,40683.5406,1,40683.5406,1,40683.5406,,,,0,,0.7332496031576956,0.17208870950627145,0.06813626675845415,0.02652541996307961
450,2013-10-01,62,1,1667.94,1,1667.94,1,1667.94,,,,0,,0.874024245476456,0.125975754523544,0.0,0.0
452,2013-10-01,93,3,3931.746,1,173.394,0,0.0,90.5,2.1213203435596424,1.0276243093922652,1,-3.070684773892755,0.9558989822842066,0.0,0.03876140523828345,0.005339612477509991
454,2013-10-01,1,1,323.994,1,323.994,1,323.994,,,,0,,1.0,0.0,0.0,0.0
456,2013-10-01,1,2,3729.738,2,3729.738,1,2860.884,92.0,,0.0108695652173913,0,,0.9624788658077323,0.03752113419226766,0.0,0.0
464,2013-10-01,62,1,61044.4562,1,61044.4562,1,61044.4562,,,,0,,0.6921328865077186,0.22222420911663393,0.04782817899850503,0.03781472527885341
466,2013-10-01,93,3,3970.6947,1,31.584,0,0.0,90.5,2.1213203435596424,1.0276243093922652,1,-4.79514272799787,0.9288995953277395,0.00795427560824558,0.06314612906401493,0.0
472,2013-10-01,62,4,198503.2313,2,119979.6858,1,87783.9431,91.33333333333331,1.1547005383792526,0.6788321167883212,1,0.4239195207189254,0.6026728255682556,0.34142620613350183,0.048902592650137876,0.0069983758294618744
474,2013-10-01,1,4,139775.1322,2,75316.6988,1,30687.702,91.0,1.7320508075688772,0.0109890109890109,1,0.1556790646106716,0.7468661045559004,0.24718215219116066,0.004535439988659156,0.0014163034359841585
476,2013-10-01,1,2,79609.1663,2,79609.1663,1,37420.698,92.0,,0.0108695652173913,0,,0.8250012819189642,0.1749987174529675,0.0,0.0
478,2013-10-01,154,3,156490.4276,1,52108.7806,0,0.0,91.0,1.4142135623730951,1.6923076923076923,1,-0.694710786570008,0.6179489492301701,0.3761710361637481,0.005880014606081886,0.0
480,2013-10-01,62,1,53584.4454,1,53584.4454,1,53584.4454,,,,0,,0.7605911747478868,0.16183819642556196,0.04517472633952091,0.032395901815193556
482,2013-10-01,1,2,178169.3848,2,178169.3848,1,93077.7178,92.0,,0.0108695652173913,0,,0.795518139320645,0.20384558979517786,0.0006362709290782712,0.0
484,2013-10-01,32,2,443.496,1,398.502,1,398.502,183.0,,0.174863387978142,1,2.161707818252491,0.7305454840629905,0.16800151523350831,0.10145300070350127,0.0
490,2013-10-01,1,2,1728.51,2,1728.51,1,221.946,92.0,,0.0108695652173913,0,,0.8275578388322891,0.0,0.12840307548119478,0.044039085686516134
492,2013-10-01,62,4,8339.4751,2,3110.6527,1,1101.282,91.33333333333331,1.1547005383792526,0.6788321167883212,1,-0.5192233197339533,0.121947962887976,0.7314575949750123,0.11627910490433624,0.03031533723267547
494,2013-10-01,1,4,11736.5588,2,8135.034,1,4465.518,91.0,1.7320508075688772,0.0109890109890109,1,0.8146679047191423,0.23643621160914732,0.7601238533393622,0.0,0.003439935051490561
496,2013-10-01,32,4,24419.4206,2,16688.7137,1,9679.596,91.0,1.0,0.3516483516483517,1,0.7694629303124376,0.9042148199044494,0.018041214294822375,0.04941767127758961,0.028326295546913998
498,2013-10-01,1,4,17978.909200000002,2,9131.364,1,5639.352,91.0,1.7320508075688772,0.0109890109890109,1,0.0315715263802314,0.938965151456463,0.020027800129275915,0.04100704841426086,0.0
502,2013-10-01,62,1,2614.5869,1,2614.5869,1,2614.5869,,,,0,,0.7620997412631418,0.19689534893638455,0.04100491286023043,0.0
504,2013-10-01,154,2,4958.0143,1,3715.1625,0,0.0,182.0,,0.8461538461538461,1,1.0944786944250495,1.0,0.0,0.0,0.0
506,2013-10-01,62,4,8941.9269,2,3168.9884,1,710.376,91.33333333333331,1.1547005383792526,0.6788321167883212,1,-0.5996265014125068,0.8080030267301782,0.08767499541961139,0.09754944429259424,0.006772533557616087
508,2013-10-01,1,2,381.192,2,381.192,1,24.294,92.0,,0.0108695652173913,0,,0.0,1.0,0.0,0.0
510,2013-10-01,62,4,2059.3295,2,1800.2516,1,1475.634,91.33333333333331,1.1547005383792526,0.6788321167883212,1,1.9352558340609545,0.5534238207144607,0.10161365628958359,0.2962219013518721,0.048740621644083666
512,2013-10-01,62,4,16497.3566,2,10308.6212,1,3676.914,91.33333333333331,1.1547005383792526,0.6788321167883212,1,0.5101852169080239,0.745310312319975,0.11331229877154987,0.09346738010136728,0.047910008807107926
514,2013-10-01,32,1,323.994,1,323.994,1,323.994,,,,0,,1.0,0.0,0.0,0.0
516,2013-10-01,62,4,137741.4013,2,69770.03839999999,1,40255.9142,91.33333333333331,1.1547005383792526,0.6788321167883212,1,0.0261178064072993,0.8297195180342629,0.12295551402960789,0.03683915530921784,0.010485812445411793
518,2013-10-01,32,4,272497.8741,2,134669.9048,1,60519.9533,91.0,1.0,0.3516483516483517,1,-0.0231795035407564,0.8503795564106383,0.12690324838024122,0.021503090449247652,0.0012141048846443091
520,2013-10-01,154,3,2325.7193,1,508.3909,0,0.0,91.0,1.4142135623730951,1.6923076923076923,1,-1.272457198256256,0.5628097509445786,0.4371902490554212,0.0,0.0
524,2013-10-01,1,2,806.424,1,158.43,1,158.43,273.0,,0.0036630036630036,1,-1.4038185172497846,0.8035400732121069,0.19645992678789323,0.0,0.0
526,2013-10-01,62,3,2429.8407,1,552.93,1,552.93,137.0,66.46803743153546,0.4525547445255474,1,-1.2208767830785563,0.26668167999655285,0.6235580381874415,0.10976028181600546,0.0
532,2013-10-01,1,4,23530.3207,4,23530.3207,2,10464.1404,92.0,,0.0108695652173913,0,,0.7384490768967716,0.11999690254965373,0.10043711388939973,0.041116906664174786
534,2013-10-01,32,4,171173.3212,2,97868.1996,1,38534.6325,91.0,1.0,0.3516483516483517,1,0.288987769478549,0.7504164660912123,0.16736602175596507,0.05726473566255721,0.024952776163111565
536,2013-10-01,1,4,8688.9829,2,6163.536,1,5649.528,91.0,1.7320508075688772,0.0109890109890109,1,0.8919989418876426,0.9634233369247395,0.03657666307526051,0.0,0.0
538,2013-10-01,32,2,110413.7135,2,110413.7135,1,47758.7523,92.0,,0.3478260869565217,0,,0.7655172968437475,0.15940775327695142,0.05366507010019186,0.021409879389664762
540,2013-10-01,1,4,5956.1455000000005,2,4936.77,1,805.788,91.0,1.7320508075688772,0.0109890109890109,1,1.576743115471264,0.8073963270373432,0.1926036729626568,0.0,0.0
542,2013-10-01,32,2,8410.7468,2,8410.7468,1,3605.214,92.0,,0.3478260869565217,0,,0.7742532922284617,0.016638712747838274,0.11844132556695201,0.09066667242913554
544,2013-10-01,62,4,45303.1893,2,22337.0449,1,12423.5249,91.33333333333331,1.1547005383792526,0.6788321167883212,1,-0.0277734161518949,0.9107729640570802,0.03641305889252261,0.038052598517605916,0.014761377958880259
546,2013-10-01,1,4,13016.9812,2,12586.464,1,5324.208,91.0,1.7320508075688772,0.0109890109890109,1,3.373149306363357,0.7402504353313502,0.21694292682853378,0.03660350988292124,0.006203127957194868
550,2013-10-01,32,2,53815.5193,2,53815.5193,1,27486.99,92.0,,0.3478260869565217,0,,0.8588888089573818,0.1405651027509457,0.0005460878271223892,0.0
554,2013-10-01,1,2,6546.040800000001,2,6546.040800000001,1,4291.326,92.0,,0.0108695652173913,0,,1.0,0.0,0.0,0.0
556,2013-10-01,1,4,20312.2513,2,10569.954,1,2936.898,91.0,1.7320508075688772,0.0109890109890109,1,0.0815304590563048,0.8182750279384343,0.09185640589233945,0.05599905609675083,0.03386951007247532
558,2013-10-01,32,2,3876.564,1,3406.77,1,3406.77,183.0,,0.174863387978142,1,1.979392766369028,0.9945843793627552,0.0,0.0,0.005415620637244736
560,2013-10-01,154,2,11158.880400000002,1,2458.9178,0,0.0,182.0,,0.8461538461538461,1,-1.2633057284662952,1.0,0.0,0.0,0.0
562,2013-10-01,1,4,138733.274,2,79625.03600000001,1,23983.704,91.0,1.7320508075688772,0.0109890109890109,1,0.2979539012632717,0.7923203702667609,0.1639002702408652,0.0368807226448069,0.006898637020560763
564,2013-10-01,32,2,3179.5272,2,3179.5272,1,890.82,92.0,,0.3478260869565217,0,,1.0,0.0,0.0,0.0
566,2013-10-01,62,1,242.4,1,242.4,1,242.4,,,,0,,0.0,0.9393811881188118,0.060618811881188124,0.0
568,2013-10-01,32,4,1726.356,2,864.81,1,677.682,91.0,1.0,0.3516483516483517,1,0.0037770041360527,0.7593926165866136,0.10839479226764351,0.13221259114574282,0.0
570,2013-10-01,32,4,135140.23619999998,2,72241.5201,1,41830.7841,91.0,1.0,0.3516483516483517,1,0.1384871434227683,0.8438026727379659,0.13415531384131177,0.022042013050736404,0.0
574,2013-10-01,32,4,1580.358,2,1020.576,1,696.582,91.0,1.0,0.3516483516483517,1,0.5997695736807049,0.912309742476072,0.030748729085435075,0.05694152843849305,0.0
578,2013-10-01,62,1,228.582,1,228.582,1,228.582,,,,0,,0.0,1.0,0.0,0.0
580,2013-10-01,1,2,107312.9778,2,107312.9778,1,40467.3232,92.0,,0.0108695652173913,0,,0.7240822079396254,0.1973138984127603,0.0502923054381965,0.02831158808827687
582,2013-10-01,1,2,108930.1998,2,108930.1998,1,40456.9125,92.0,,0.0108695652173913,0,,0.7325134869898586,0.18753438474827802,0.05334200658466065,0.02661012109885068
588,2013-10-01,62,1,1279.248,1,1279.248,1,1279.248,,,,0,,0.0,0.0,0.5071807812089602,0.4928192187910397
592,2013-10-01,32,4,291364.577,2,149046.5297,1,67815.5873,91.0,1.0,0.3516483516483517,1,0.0461938970882549,0.7668428716919834,0.21515617639751727,0.015124233087538297,0.0028767189499497737
596,2013-10-01,1,2,168403.36320000002,2,168403.36320000002,1,70336.8619,92.0,,0.0108695652173913,0,,0.8071744321612216,0.1918975101086342,0.000678727537431984,0.00024932993737265217
598,2013-10-01,1,4,306032.5022,2,126516.985,1,53900.4608,91.0,1.7320508075688772,0.0109890109890109,1,-0.3498827495473851,0.9070769379213998,0.0659010780064785,0.018854634336287174,0.008167349814257737
600,2013-10-01,1,4,294930.7176,2,198993.3507,1,86381.381,91.0,1.7320508075688772,0.0109890109890109,1,0.7295704620474268,0.9117364914179424,0.0731078423280519,0.010141091746355281,0.005014574310994048
602,2013-10-01,1,4,149155.6607,2,63234.018,1,28881.966,91.0,1.7320508075688772,0.0109890109890109,1,-0.3065891579847264,0.8981060951446679,0.06435039779888152,0.025365410754403905,0.012178096302046684
604,2013-10-01,1,3,3806.3563,2,3635.6277,1,583.68,92.0,0.0,0.0108695652173913,1,3.05289675153079,0.0,0.3599773358053738,0.3777860404187595,0.26223661720790564
608,2013-10-01,1,4,8335.002,2,7947.503999999999,1,5885.922,91.0,1.7320508075688772,0.0109890109890109,1,3.018450992051098,0.8260309955534503,0.041827944372418865,0.13214106007413073,0.0
612,2013-10-01,62,3,49532.2534,1,47000.9618,1,47000.9618,137.0,66.46803743153546,0.4525547445255474,1,2.9210646777368554,0.6779354276662082,0.31690514609214204,0.005159426080138724,0.0
614,2013-10-01,32,2,10055.274,2,10055.274,1,1946.022,92.0,,0.3478260869565217,0,,0.4510438999474306,0.5489561000525695,0.0,0.0
618,2013-10-01,62,1,47813.2429,1,47813.2429,1,47813.2429,,,,0,,0.7831482159307793,0.12373404607533953,0.06886383839068151,0.024253899414967313
620,2013-10-01,1,4,8543.8265,2,3941.208,1,2639.382,91.0,1.7320508075688772,0.0109890109890109,1,-0.1551016522659072,0.4887064244574723,0.44885672713508407,0.062436848407443665,0.0
622,2013-10-01,1,4,141202.7371,2,84656.216,1,34355.6,91.0,1.7320508075688772,0.0109890109890109,1,0.4035289840154217,0.6593174731242515,0.24677489130626773,0.06748889254357096,0.026418743854505638
624,2013-10-01,62,1,63669.48,1,63669.48,1,63669.48,,,,0,,0.7848452351110767,0.20526132771934055,0.009893437169582662,0.0
626,2013-10-01,62,1,96485.4353,1,96485.4353,1,96485.4353,,,,0,,0.6504786507917636,0.3487315929640626,0.0007897565032802418,0.0
628,2013-10-01,93,2,720.1560000000001,1,72.162,0,0.0,181.0,,0.5138121546961326,1,-2.1827473111772413,0.8997967107126789,0.10020328928732108,0.0,0.0
630,2013-10-01,32,2,9300.371,2,9300.371,1,4764.114,92.0,,0.3478260869565217,0,,0.9761480429114063,0.023851951712463945,0.0,0.0
634,2013-10-01,1,3,8462.4102,2,6113.4402,1,3148.446,136.5,62.932503525602726,0.0073260073260073,1,0.9562506574512531,0.8805930962788828,0.10340741931890751,0.015645687442568078,0.0003537999138826903
636,2013-10-01,32,2,14828.1099,2,14828.1099,1,9208.698,92.0,,0.3478260869565217,0,,0.888932439056174,0.10561103273182511,0.004207414189720836,0.0012491140222800749
638,2013-10-01,62,4,7724.9943,2,3409.5123,1,1915.542,91.33333333333331,1.1547005383792526,0.6788321167883212,1,-0.2355782040241276,0.6366134923879491,0.05970256832422517,0.22262213190241448,0.08106180738541127
642,2013-10-01,62,4,174240.6607,2,108137.1966,1,68906.6458,91.33333333333331,1.1547005383792526,0.6788321167883212,1,0.4921737271549702,0.8147010560778939,0.10994502272339007,0.053521981686333216,0.02183193971325431
644,2013-10-01,62,1,48.594,1,48.594,1,48.594,,,,0,,0.0,1.0,0.0,0.0
648,2013-10-01,62,4,333633.1644,2,159587.00199999998,1,64152.0919,91.33333333333331,1.1547005383792526,0.6788321167883212,1,-0.0867308040121468,0.8813897609035176,0.09881924466139794,0.015423218579765387,0.004367775831340585
650,2013-10-01,1,3,1306.014,2,699.018,1,672.294,92.0,0.0,0.0108695652173913,1,0.1409377460013559,0.5147678355668469,0.48523216443315315,0.0,0.0
652,2013-10-01,32,2,324308.7856,2,324308.7856,1,160378.3913,92.0,,0.3478260869565217,0,,0.7730915201268602,0.19983581189482275,0.015983385656389074,0.011089282402098452
654,2013-10-01,62,2,1349.2738000000002,1,31.584,1,31.584,184.0,,0.3369565217391304,1,-3.700572576547205,0.9211264607672659,0.07887353923273392,0.0,0.0
656,2013-10-01,1,2,114345.8458,2,114345.8458,1,53919.8993,92.0,,0.0108695652173913,0,,0.674595193732871,0.25017653743219764,0.05252966318956557,0.022698605706583524
658,2013-10-01,62,3,5554.9747,2,4484.9182,1,4098.648,137.0,63.63961030678928,0.4525547445255474,1,1.4322976569151562,0.927534827476352,0.07246517252364804,0.0,0.0
660,2013-10-01,62,1,49517.6753,1,49517.6753,1,49517.6753,,,,0,,0.8067739667294114,0.19284071681773798,0.0,0.0003853169577207514
662,2013-10-01,32,4,297219.9004,2,153166.41270000002,1,62744.624,91.0,1.0,0.3516483516483517,1,0.0613399090335029,0.8249223701677817,0.17272581768215947,0.0023013445569407104,5.046768395996677e-05
664,2013-10-01,32,4,180338.4814,2,64060.504400000005,1,29025.018,91.0,1.0,0.3516483516483517,1,-0.5961486497835633,0.8260122179336485,0.13652380683737975,0.035970798354521355,0.0014931764585658755
666,2013-10-01,32,2,2361.8233,2,2361.8233,1,1118.52,92.0,,0.3478260869565217,0,,0.443238609340504,0.24956227673763742,0.30719910333681605,0.0
668,2013-10-01,154,3,101698.7901,1,28916.5984,0,0.0,91.0,1.4142135623730951,1.6923076923076923,1,-0.9230346943378328,0.8752371381456583,0.09627761441775502,0.02372141438091701,0.004763832485358152
670,2013-10-01,32,2,1414.038,2,1414.038,1,595.338,92.0,,0.3478260869565217,0,,0.0,1.0,0.0,0.0
672,2013-10-01,62,4,168246.42969999998,2,78133.99919999999,1,33592.044,91.33333333333331,1.1547005383792526,0.6788321167883212,1,-0.1426311260322208,0.9346323353214075,0.04655691305882136,0.014576355672883562,0.004234395946887663
676,2013-10-01,62,1,3671.958,1,3671.958,1,3671.958,,,,0,,0.37500265525912874,0.04358546584683158,0.41725967453876106,0.16415220435527858
682,2013-10-01,62,1,13119.4132,1,13119.4132,1,13119.4132,,,,0,,0.9384464828808043,0.05748412589063053,0.0024691653129729914,0.0016002240100189845
684,2013-10-01,32,4,18292.4176,2,12713.556,1,7556.874,91.0,1.0,0.3516483516483517,1,0.8235835056595953,0.7957829259266419,0.07838428092741552,0.1256691187719222,0.0001636743740204138
688,2013-10-01,32,2,21039.3699,2,21039.3699,1,11888.988,92.0,,0.3478260869565217,0,,0.8132010597902933,0.18679894020970655,0.0,0.0
690,2013-10-01,93,1,316.86,1,316.86,0,0.0,,,,0,,0.0,1.0,0.0,0.0
692,2013-10-01,32,4,156713.65039999998,2,96989.3893,1,46412.8153,91.0,1.0,0.3516483516483517,1,0.4848568293072937,0.6658752204013494,0.2710454927926304,0.04619793435684018,0.016881352104602627
696,2013-10-01,62,1,56184.0389,1,56184.0389,1,56184.0389,,,,0,,0.6352347521423918,0.36476524801779603,0.0,0.0
702,2013-10-01,154,3,28885.479,1,10763.151,0,0.0,91.0,1.4142135623730951,1.6923076923076923,1,-0.5209786872011879,0.9758411830387165,0.02104348001291583,0.003115336948367725,0.0
706,2013-10-01,1,2,8639.364,2,8639.364,1,5078.61,92.0,,0.0108695652173913,0,,0.6375441525556742,0.03951054730417656,0.2181063328272776,0.10483896731287164
708,2013-10-01,1,2,33687.0881,2,33687.0881,1,17844.474,92.0,,0.0108695652173913,0,,0.9147080317102267,0.027088539006136298,0.03530420903313398,0.022899218766254836
716,2013-10-01,62,4,13798.2818,2,5530.74,1,2576.898,91.33333333333331,1.1547005383792526,0.6788321167883212,1,-0.40195575600473,0.95449884202249,0.03151718498748155,0.008420236786293204,0.005563736203735163
718,2013-10-01,32,2,12156.1552,2,12156.1552,1,7154.268,92.0,,0.3478260869565217,0,,0.9405925629347015,0.048009258716933796,0.010659291352252562,0.0007388849395407521
720,2013-10-01,32,2,20386.366,2,20386.366,1,9699.63,92.0,,0.3478260869565217,0,,0.8893130818410696,0.10436739927066942,0.004649283741889064,0.0016702339200620646
722,2013-10-01,32,3,887.3580000000001,2,842.364,1,518.37,91.5,0.7071067811865476,0.3497267759562841,1,2.9088877028295483,0.7302441630097436,0.21905025930909508,0.05070557768116138,0.0
728,2013-10-01,1,4,5489.541,2,1528.668,1,232.692,91.0,1.7320508075688772,0.0109890109890109,1,-0.951666174850878,0.920719601146981,0.030007426850441592,0.046444320208192266,0.002828651794384995
730,2013-10-01,62,2,2860.151,2,2860.151,2,2860.151,,,,0,,0.33983590376871714,0.6005976607528764,0.059566435478406565,0.0
732,2013-10-01,1,4,18580.3262,2,8277.138,1,3453.57,91.0,1.7320508075688772,0.0109890109890109,1,-0.2189323700657617,0.7227883867830049,0.17467634125820677,0.067416835771161,0.03511843618762732
734,2013-10-01,62,4,9822.4734,2,3515.6209,1,2263.368,91.33333333333331,1.1547005383792526,0.6788321167883212,1,-0.584294728870427,0.8911958366820316,0.06458760173379548,0.044216561584172885,0.0
736,2013-10-01,32,3,4768.968000000001,3,4768.968000000001,2,2132.28,92.0,,0.3478260869565217,0,,0.14097263810535107,0.8396558752333837,0.019371486661265078,0.0
742,2013-10-01,32,2,879.2819999999999,2,879.2819999999999,1,75.516,92.0,,0.3478260869565217,0,,0.0,0.8589053341248883,0.14109466587511177,0.0
744,2013-10-01,32,4,18705.3017,2,4589.154,1,3257.916,91.0,1.0,0.3516483516483517,1,-1.1234766327023156,0.8709524743992768,0.05320876487119157,0.07583876072953157,0.0
746,2013-10-01,1,4,37876.1402,2,20094.5008,1,5728.0108,91.0,1.7320508075688772,0.0109890109890109,1,0.1222732824503918,0.9204217170998854,0.06350826634652704,0.016070015893541338,0.0
752,2013-10-01,62,4,29729.1258,2,15731.8132,1,6770.298,91.33333333333331,1.1547005383792526,0.6788321167883212,1,0.1168117502752164,0.9314706388036474,0.014209701383146624,0.05431965981320581,0.0
758,2013-10-01,62,1,1373.556,1,1373.556,1,1373.556,,,,0,,0.7430304989385217,0.18621738028882695,0.07075212077265143,0.0
762,2013-10-01,32,4,255119.7386,2,142995.0446,1,49597.4077,91.0,1.0,0.3516483516483517,1,0.243196459857069,0.7974864502467783,0.1688611066960383,0.022478140752532114,0.011174302241935581
764,2013-10-01,62,4,73630.8832,2,40194.8763,1,23384.652,91.33333333333331,1.1547005383792526,0.6788321167883212,1,0.1841011331297366,0.5251861123947512,0.4579660590028072,0.01655500989563032,0.00029281870681132884
766,2013-10-01,1,4,15887.915,2,7081.68,1,2901.234,91.0,1.7320508075688772,0.0109890109890109,1,-0.2179211756331529,0.9073272987676483,0.06095500888568449,0.03171769234666726,0.0
768,2013-10-01,32,4,150766.1702,2,82075.8553,1,32649.4443,91.0,1.0,0.3516483516483517,1,0.17803329749972,0.6778985462880718,0.2317161671856277,0.06274020973970458,0.027645077005477987
770,2013-10-01,32,2,171088.0962,2,171088.0962,1,104153.3951,92.0,,0.3478260869565217,0,,0.7228852576360599,0.22668076190796962,0.03372738315618711,0.01670659738161257
772,2013-10-01,32,2,3062.0868,2,3062.0868,1,1336.23,92.0,,0.3478260869565217,0,,0.9346680832169747,0.06533191678302522,0.0,0.0
774,2013-10-01,62,1,66871.8419,1,66871.8419,1,66871.8419,,,,0,,0.8413937809899027,0.15860621898018934,0.0,0.0
776,2013-10-01,62,4,25484.4386,2,23326.0995,1,20607.78,91.33333333333331,1.1547005383792526,0.6788321167883212,1,2.3798135507459985,0.7814275139653263,0.21857248603467372,0.0,0.0
780,2013-10-01,1,4,122209.3176,2,72536.442,1,28746.594,91.0,1.7320508075688772,0.0109890109890109,1,0.3786237168766178,0.7442655419917016,0.24669918130694155,0.005557849543216826,0.0034774271581400275
784,2013-10-01,62,1,54.942,1,54.942,1,54.942,,,,0,,0.0,1.0,0.0,0.0
786,2013-10-01,62,4,391005.7993,2,209988.3624,1,105505.3991,91.33333333333331,1.1547005383792526,0.6788321167883212,1,0.1484579867920743,0.7683693089050304,0.21192248318655565,0.016985240505101633,0.0027229675209576873
788,2013-10-01,62,4,144093.07140000002,2,87599.52410000001,1,51395.322,91.33333333333331,1.1547005383792526,0.6788321167883212,1,0.4386428552705599,0.6167010178672615,0.32666743128358355,0.04825028068629259,0.008381270440460609
792,2013-10-01,32,4,168282.6805,2,88905.82449999999,1,31837.456,91.0,1.0,0.3516483516483517,1,0.1133694679348309,0.7546270437972968,0.16511744593942335,0.05875975652764814,0.021495753694035082
794,2013-10-01,1,4,136258.961,2,70472.8175,1,27643.136,91.0,1.7320508075688772,0.0109890109890109,1,0.068816826157116,0.7410656353089321,0.15956831565741939,0.07146673450709784,0.02789931512834594
796,2013-10-01,1,2,82703.7904,2,82703.7904,1,25600.722,92.0,,0.0108695652173913,0,,0.8048124121285739,0.19362083951112355,0.0015667480217448414,0.0
798,2013-10-01,62,4,227524.3985,2,133688.6032,1,75647.3619,91.33333333333331,1.1547005383792526,0.6788321167883212,1,0.3539636658501273,0.796264973868286,0.1448509329868638,0.0437846622238186,0.015099430784782406
802,2013-10-01,62,4,16685.9865,2,9430.4603,1,5696.538,91.33333333333331,1.1547005383792526,0.6788321167883212,1,0.262149712018342,0.7135845399371502,0.14616966158998151,0.0998383583733572,0.040407440099511055
806,2013-10-01,62,1,4949.682,1,4949.682,1,4949.682,,,,0,,0.8345954346157995,0.16540456538420045,0.0,0.0
808,2013-10-01,1,4,296124.9519,2,185335.4891,1,74298.5404,91.0,1.7320508075688772,0.0109890109890109,1,0.5145323381593183,0.6180133322159267,0.32688135021019143,0.03832316916621169,0.016782148411047155
810,2013-10-01,1,2,3643.5289,2,3643.5289,1,1512.762,92.0,,0.0108695652173913,0,,0.8706424354147431,0.12935755772377708,0.0,0.0
812,2013-10-01,62,4,159023.56089999998,2,69280.5792,1,26816.5751,91.33333333333331,1.1547005383792526,0.6788321167883212,1,-0.2587819104009412,0.9355945506311449,0.04405752871051449,0.016348091825429626,0.003999828681989979
814,2013-10-01,62,4,365163.7454,2,177442.80359999998,1,81431.7128,91.33333333333331,1.1547005383792526,0.6788321167883212,1,-0.0563078756516031,0.8994907000973048,0.0998006348085836,0.00043672825139119085,0.00027193690844425214
816,2013-10-01,1,4,237193.8359,2,62708.1488,1,26886.474,91.0,1.7320508075688772,0.0109890109890109,1,-1.0233410961714997,0.9103019569658218,0.0612908355937592,0.020131941902626817,0.008275265638975232
818,2013-10-01,93,3,1181.5320000000002,1,818.7,0,0.0,90.5,2.1213203435596424,1.0276243093922652,1,0.8122461970254413,0.0,0.8700196016696966,0.12998039833030334,0.0
822,2013-10-01,1,4,3379.1962,2,2997.222,1,2025.24,91.0,1.7320508075688772,0.0109890109890109,1,2.0578071012998898,0.7214709817677945,0.27852901823220566,0.0,0.0
824,2013-10-01,62,1,40271.493,1,40271.493,1,40271.493,,,,0,,0.6113793446893067,0.3875780319344008,0.0,0.0010426233762925053
826,2013-10-01,62,4,5832.3481,2,2662.6632,1,1130.952,91.33333333333331,1.1547005383792526,0.6788321167883212,1,-0.1742453030753958,0.35427797939564,0.64572202060436,0.0,0.0
828,2013-10-01,62,4,281013.0648,2,144180.1855,1,84713.7665,91.33333333333331,1.1547005383792526,0.6788321167883212,1,0.0523031110749734,0.6816581376254931,0.26499809887842624,0.04314309979014186,0.010200663880307959
830,2013-10-01,1,3,1278.7348,3,1278.7348,1,672.294,92.0,,0.0108695652173913,0,,0.5257493578809305,0.47425064211906964,0.0,0.0
832,2013-10-01,1,4,147124.18589999998,2,73278.9359,1,26696.46,91.0,1.7320508075688772,0.0109890109890109,1,-0.0076983834444135,0.8191085451980742,0.18070814011552674,0.00018331452327173084,0.0
834,2013-10-01,1,2,94034.2641,2,94034.2641,1,35714.1622,92.0,,0.0108695652173913,0,,0.5482795499433275,0.33976498147551304,0.07080983677310448,0.041145632350410445
838,2013-10-01,1,2,99965.8921,2,99965.8921,1,28682.652,92.0,,0.0108695652173913,0,,0.7701085693007086,0.2298914311394416,0.0,0.0
844,2013-10-01,62,4,4971.6583,2,2019.9883,1,16.272,91.33333333333331,1.1547005383792526,0.6788321167883212,1,-0.3791231965638015,0.47247213268860405,0.5275278673113959,0.0,0.0
846,2013-10-01,1,4,13975.4194,2,5005.89,1,4973.772,91.0,1.7320508075688772,0.0109890109890109,1,-0.5831297294177968,0.24869768845720647,0.7470528505212516,0.004249461021541865,0.0
848,2013-10-01,1,4,143693.679,2,78229.98000000001,1,44595.3,91.0,1.7320508075688772,0.0109890109890109,1,0.1781546819896,0.6588768027854587,0.33229112534588245,0.008832071868658885,0.0
852,2013-10-01,32,4,137171.2934,2,76704.4301,1,35791.9061,91.0,1.0,0.3516483516483517,1,0.2378604636933872,0.6288203461672688,0.32645611458526935,0.037738825228573664,0.0069847141574011
854,2013-10-01,62,1,109.788,1,109.788,1,109.788,,,,0,,0.0,1.0,0.0,0.0
856,2013-10-01,62,1,92278.0501,1,92278.0501,1,92278.0501,,,,0,,0.6400299744196698,0.30368933363493344,0.04103464912724679,0.015246043349153951
858,2013-10-01,32,2,80424.6043,2,80424.6043,1,47522.982,92.0,,0.3478260869565217,0,,0.8344846811388041,0.16551531855034565,0.0,0.0
860,2013-10-01,62,1,62895.5616,1,62895.5616,1,62895.5616,,,,0,,0.775769233293562,0.22423076670643802,0.0,0.0
862,2013-10-01,154,3,58692.5739,1,22106.9986,0,0.0,91.0,1.4142135623730951,1.6923076923076923,1,-0.5037419073940619,0.6476411899189175,0.34003312810924446,0.012325681971838006,0.0
864,2013-10-01,62,1,2042.562,1,2042.562,1,2042.562,,,,0,,0.9993273154009524,0.0,0.0,0.0006726845990476667
868,2013-10-01,62,1,790.5564,1,790.5564,1,790.5564,,,,0,,0.9650195735560422,0.0349804264439577,0.0,0.0
874,2013-10-01,32,4,216779.2305,2,128582.9851,1,51341.6887,91.0,1.0,0.3516483516483517,1,0.3770065401567528,0.6926757496724301,0.23094602460082075,0.05286165887095904,0.02351656657439791
876,2013-10-01,32,4,2812.8422,4,2812.8422,2,1496.1876000000002,92.0,,0.3478260869565217,0,,0.9168680703098098,0.02565447859108485,0.05747745109910538,0.0
878,2013-10-01,154,3,41073.5962,1,12263.9593,0,0.0,91.0,1.4142135623730951,1.6923076923076923,1,-0.8539982964401087,0.7145868079600977,0.2854131920399023,0.0,0.0
880,2013-10-01,32,3,3507.276,2,2859.282,1,105.294,136.5,62.932503525602726,0.2344322344322344,1,1.4832520286826425,0.9699784105955733,0.030021589404426684,0.0,0.0
886,2013-10-01,62,1,1249.65,1,1249.65,1,1249.65,,,,0,,0.8167038770855839,0.18329612291441602,0.0,0.0
888,2013-10-01,124,1,1344.588,1,1344.588,0,0.0,,,,0,,1.0,0.0,0.0,0.0
890,2013-10-01,1,1,818.7,1,818.7,1,818.7,,,,0,,0.0,1.0,0.0,0.0
892,2013-10-01,1,4,4387.4367,2,3359.07,1,2897.376,91.0,1.7320508075688772,0.0109890109890109,1,1.1830180483192878,0.33702503331842937,0.6629749666815705,0.0,0.0
898,2013-10-01,1,2,1222.926,2,1222.926,1,1020.594,92.0,,0.0108695652173913,0,,0.8345509049607255,0.16544909503927466,0.0,0.0
900,2013-10-01,1,4,2849.85,2,2530.734,1,900.204,91.0,1.7320508075688772,0.0109890109890109,1,2.067976292346593,0.0,0.0411705879256803,0.7565556081899046,0.202273803884415
906,2013-10-01,62,1,886.2949,1,886.2949,1,886.2949,,,,0,,0.3203774217813958,0.6796225500112886,0.0,0.0
908,2013-10-01,32,4,19371.4462,2,8645.1121,1,3344.214,91.0,1.0,0.3516483516483517,1,-0.2156853211427876,0.7986410431245965,0.07555032726467269,0.09550665091798878,0.03030197740218281
910,2013-10-01,62,1,7416.3412,1,7416.3412,1,7416.3412,,,,0,,0.7903073789269567,0.20564830539350049,0.004044312308608455,0.0
914,2013-10-01,93,1,323.994,1,323.994,0,0.0,,,,0,,1.0,0.0,0.0,0.0
922,2013-10-01,32,1,24.294,1,24.294,1,24.294,,,,0,,0.0,1.0,0.0,0.0
928,2013-10-01,62,4,173866.16710000002,2,100360.7255,1,73920.7391,91.33333333333331,1.1547005383792526,0.6788321167883212,1,0.3114078712603589,0.8532428900596611,0.11444153242623589,0.028955717400179576,0.003359860113923222
932,2013-10-01,32,4,280995.6599,2,121963.4735,1,61119.642,91.0,1.0,0.3516483516483517,1,-0.2653830984318102,0.9100279114310974,0.08888242939014873,0.0008334274631976264,0.0002562317155561163
938,2013-10-01,62,4,4020.531,2,2882.9355,1,1466.01,91.33333333333331,1.1547005383792526,0.6788321167883212,1,0.9293603690964494,0.956342333885748,0.016798527358699637,0.026859138755552438,0.0
940,2013-10-01,32,2,48335.6852,2,48335.6852,1,25645.236,92.0,,0.3478260869565217,0,,0.8874982747736034,0.10790971470494434,0.004592011038668384,0.0
942,2013-10-01,93,1,1717.8,1,1717.8,0,0.0,,,,0,,0.0,1.0,0.0,0.0
944,2013-10-01,32,4,19045.386,2,10346.028,1,5277.894,91.0,1.0,0.3516483516483517,1,0.1733351544783268,0.9735009833877875,0.014151459046301293,0.01234755756591124,0.0
946,2013-10-01,1,2,15534.9917,2,15534.9917,1,6917.442,92.0,,0.0108695652173913,0,,0.8763798470519942,0.11960418363145955,0.0040159660980057035,0.0
948,2013-10-01,1,4,21601.5869,2,18446.322,1,10319.886,91.0,1.7320508075688772,0.0109890109890109,1,1.7655298760774336,0.8787708925217899,0.0295608837885887,0.07097668829135882,0.020691535398262805
950,2013-10-01,62,4,18358.5929,2,9902.3009,1,3794.9789,91.33333333333331,1.1547005383792526,0.6788321167883212,1,0.1578390979951738,0.8488781294344188,0.14456532777084458,0.006556543230499981,0.0
954,2013-10-01,32,4,155558.2966,2,95707.515,1,30922.3537,91.0,1.0,0.3516483516483517,1,0.4694360711536962,0.7657180753932221,0.14888909113961074,0.058548902540502615,0.026843930553813993
958,2013-10-01,1,4,51063.1068,2,16733.316,1,5927.946,91.0,1.7320508075688772,0.0109890109890109,1,-0.7185811810455096,0.6803481745846298,0.3196518254153701,0.0,0.0
962,2013-10-01,1,4,126056.9642,2,97422.5502,1,50012.2575,91.0,1.7320508075688772,0.0109890109890109,1,1.2244237663507551,0.6829627616877038,0.23432085317504417,0.05750435424177857,0.025212031149327012
966,2013-10-01,154,3,3077.724,1,1466.01,0,0.0,91.0,1.4142135623730951,1.6923076923076923,1,-0.0946921582902753,0.9342592123270311,0.06574078767296872,0.0,0.0
970,2013-10-01,1,4,101016.9265,2,59700.456000000006,1,18136.95,91.0,1.7320508075688772,0.0109890109890109,1,0.3680709836614646,0.910113283599061,0.08576842812575573,0.003918455190774389,0.00019983284682493284
972,2013-10-01,93,1,200.052,1,200.052,0,0.0,,,,0,,0.0,1.0,0.0,0.0
976,2013-10-01,1,4,153452.6584,2,96763.71,1,40829.652,91.0,1.7320508075688772,0.0109890109890109,1,0.5346854435740909,0.6743804231155633,0.3169643993603177,0.008225233848408847,0.00042994367571021506
978,2013-10-01,154,3,164982.4008,1,58120.4322,0,0.0,91.0,1.4142135623730951,1.6923076923076923,1,-0.6090128658987943,0.6028972600573285,0.30869095762970616,0.07602041677890288,0.01239136558861374
982,2013-10-01,32,4,51720.6112,2,35114.0689,1,11548.0101,91.0,1.0,0.3516483516483517,1,0.7487734041374932,0.40436366691660447,0.33134642461456454,0.18949304214718948,0.07479686583827531
984,2013-10-01,62,1,92141.4113,1,92141.4113,1,92141.4113,,,,0,,0.6124186953928282,0.3346263953740851,0.02839210266144469,0.024562806322025586
986,2013-10-01,1,4,18626.4902,2,7975.218000000001,1,1117.332,91.0,1.7320508075688772,0.0109890109890109,1,-0.2893088572297717,0.749827425888319,0.030625093287837985,0.18670425628549175,0.0328432245383513
988,2013-10-01,1,4,27615.7759,2,13903.764,1,8436.516,91.0,1.7320508075688772,0.0109890109890109,1,0.0138863594227505,0.9039732973789086,0.07835714657577302,0.016420396864532782,0.0012491591807855015
990,2013-10-01,62,1,16674.9572,1,16674.9572,1,16674.9572,,,,0,,0.9611378882579681,0.03346587300385995,0.0053962357396635475,0.0
992,2013-10-01,1,2,9161.028,2,9161.028,1,5775.252,92.0,,0.0108695652173913,0,,0.9973481142072702,0.0026518857927298116,0.0,0.0
994,2013-10-01,62,1,3977.1649,1,3977.1649,1,3977.1649,,,,0,,0.980879841064674,0.01912015264944131,0.0,0.0
996,2013-10-01,32,1,144.0,1,144.0,1,144.0,,,,0,,0.0,0.0,0.0,1.0
998,2013-10-01,62,4,33224.0958,2,14345.1345,1,2901.9075,91.33333333333331,1.1547005383792526,0.6788321167883212,1,-0.274620577831163,0.9307758587669374,0.015319965457118624,0.05390417505357663,0.0
1000,2013-10-01,62,1,2183.64,1,2183.64,1,2183.64,,,,0,,0.9888772874649667,0.011122712535033248,0.0,0.0
1002,2013-10-01,32,4,27620.1742,2,18314.962,1,6683.5305,91.0,1.0,0.3516483516483517,1,0.6770907644484012,0.8234767758995524,0.08566662117576361,0.0664452518912788,0.02441134947657209
1004,2013-10-01,62,1,1135.7955,1,1135.7955,1,1135.7955,,,,0,,1.0,0.0,0.0,0.0
1014,2013-10-01,62,4,46424.4593,2,21533.3489,1,7557.3266,91.33333333333331,1.1547005383792526,0.6788321167883212,1,-0.1449016183099978,0.8863577222104555,0.021421768072159324,0.07789168478263785,0.01432882601176574
1016,2013-10-01,62,4,13505.8599,2,6667.299300000001,1,3864.702,91.33333333333331,1.1547005383792526,0.6788321167883212,1,-0.0253586399009186,0.8450977564190489,0.0035979937863860117,0.12110224836554094,0.030202001429024152
1018,2013-10-01,32,4,17936.377399999998,2,15145.160199999998,1,8257.5158,91.0,1.0,0.3516483516483517,1,1.6909110721151128,0.7512592704477774,0.04068078986785816,0.14637031399662678,0.06168962663553233
1020,2013-10-01,62,2,5013.9847,2,5013.9847,2,5013.9847,,,,0,,0.27463067448131623,0.2353286798023137,0.37461627914421036,0.11542436497662228
1024,2013-10-01,1,2,13962.809,2,13962.809,1,7405.398,92.0,,0.0108695652173913,0,,0.8985327397230743,0.09717099188279381,0.0042962701846025395,0.0
1026,2013-10-01,62,4,37991.3545,2,23022.6985,1,15368.3048,91.33333333333331,1.1547005383792526,0.6788321167883212,1,0.4304988361524078,0.9240264386993625,0.04884400739120791,0.027003999659975273,0.00012555488117697934
1028,2013-10-01,1,4,9422.9001,2,6617.808,1,3510.786,91.0,1.7320508075688772,0.0109890109890109,1,0.8581224896483448,0.6993494285267865,0.04609854666717733,0.1583014023463965,0.09625062245963957
1030,2013-10-01,1,2,67668.1713,2,67668.1713,1,29123.8334,92.0,,0.0108695652173913,0,,0.7855763940232267,0.14642922676410497,0.047664318955816076,0.020330060256852252
1032,2013-10-01,1,4,361627.8501,2,217320.9542,1,110050.8354,91.0,1.7320508075688772,0.0109890109890109,1,0.4094307309878235,0.8635534394893664,0.12214861766809483,0.014239888508520602,5.8054157040710734e-05
1034,2013-10-01,93,3,1416.985,1,326.742,0,0.0,90.5,2.1213203435596424,1.0276243093922652,1,-1.2028459789734516,0.983814578135972,0.0,0.0,0.0161854218640282
1036,2013-10-01,32,2,56778.4463,2,56778.4463,1,29503.14,92.0,,0.3478260869565217,0,,0.8714110291707647,0.12858897126954316,0.0,0.0
1038,2013-10-01,62,1,25283.1022,1,25283.1022,1,25283.1022,,,,0,,0.7276785115000641,0.17671984887993689,0.06926017172054148,0.026341466910654657
1040,2013-10-01,62,4,133902.1843,2,81561.5625,1,44411.3304,91.33333333333331,1.1547005383792526,0.6788321167883212,1,0.4435784813166208,0.840748347672772,0.1466079556702198,0.012643696836243471,0.0
1042,2013-10-01,62,1,31604.671,1,31604.671,1,31604.671,,,,0,,0.7812742292112455,0.14432518534997565,0.0439222417471139,0.03047834290064276
1044,2013-10-01,32,3,1229.3122,2,1045.374,1,373.08,91.5,0.7071067811865476,0.3497267759562841,1,1.7330644180836527,0.5468862995095957,0.4399502420947258,0.013163458395678493,0.0
1046,2013-10-01,32,4,153105.6999,2,84890.9818,1,48189.4814,91.0,1.0,0.3516483516483517,1,0.2187046370137064,0.8245917433672239,0.11704818378221593,0.048998491714546545,0.009361581253579443
1048,2013-10-01,32,4,3974.187,2,2806.032,1,1768.878,91.0,1.0,0.3516483516483517,1,0.8758464317266821,0.3502588076504704,0.6497411923495297,0.0,0.0
1050,2013-10-01,32,4,308893.7969,2,139199.46970000002,1,67686.0209,91.0,1.0,0.3516483516483517,1,-0.1980895140336827,0.9552983402756056,0.043294250108652794,0.0007098236811501344,0.0006975860381869649
1052,2013-10-01,1,4,74783.443,2,19815.7486,1,4667.6461,91.0,1.7320508075688772,0.0109890109890109,1,-1.0202363614265249,0.7306478373829352,0.23722830600350933,0.032123856720531044,0.0
1054,2013-10-01,32,2,1714.3909,2,1714.3909,1,1430.442,92.0,,0.3478260869565217,0,,0.9999999854175614,0.0,0.0,0.0
1056,2013-10-01,1,4,16935.326999999997,2,15976.428,1,6126.342,91.0,1.7320508075688772,0.0109890109890109,1,2.812104184583485,0.6111385980323852,0.36406471513659,0.02479668683102488,0.0
1064,2013-10-01,154,3,1042.4114,1,183.9382,0,0.0,91.0,1.4142135623730951,1.6923076923076923,1,-1.5362979282018436,0.0,1.0,0.0,0.0
1066,2013-10-01,62,4,138732.4709,2,67581.6992,1,36380.3386,91.33333333333331,1.1547005383792526,0.6788321167883212,1,-0.0514632038399796,0.8893732707243233,0.0971196196001725,0.013507109552966235,0.0
1068,2013-10-01,1,3,2969.4637999999995,2,2903.862,1,149.874,92.0,0.0,0.0108695652173913,1,3.775409559646581,0.9274361250000759,0.07256387499992424,0.0,0.0
1072,2013-10-01,32,4,10173.5464,4,10173.5464,2,2669.1496,92.0,,0.3478260869565217,0,,0.2655963509440523,0.7300706467510681,0.004333002304879644,0.0
1074,2013-10-01,62,3,1092.9781,2,674.1584,1,2.748,92.0,0.0,0.6739130434782609,1,0.4751219966156448,0.0,0.86174562875505,0.09880161368283591,0.039452757562114
1076,2013-10-01,62,1,437.8429,1,437.8429,1,437.8429,,,,0,,0.6485177103477069,0.3514822325541878,0.0,0.0
1078,2013-10-01,62,1,1574.442,1,1574.442,1,1574.442,,,,0,,0.9085390252546617,0.0,0.0,0.09146097474533835
1080,2013-10-01,62,1,26261.707,1,26261.707,1,26261.707,,,,0,,0.7864182238801157,0.21358177516792798,0.0,0.0
1082,2013-10-01,62,4,36384.4714,2,34607.673800000004,1,33869.946,91.33333333333331,1.1547005383792526,0.6788321167883212,1,2.968729043666599,0.7266374769979481,0.2679912068201711,0.002521735137809368,0.002849581044071455
1084,2013-10-01,62,1,52952.3583,1,52952.3583,1,52952.3583,,,,0,,0.7239447596047861,0.27585151009223324,0.0002037303029806701,0.0
1086,2013-10-01,32,4,162563.6353,2,74565.4713,1,39596.1202,91.0,1.0,0.3516483516483517,1,-0.1656363546353603,0.9197102366964601,0.04483152512276527,0.02685864488661567,0.008599593306461942
1088,2013-10-01,1,4,3566.118,4,3566.118,2,1716.486,92.0,,0.0108695652173913,0,,0.788139371720173,0.20765437374758772,0.0,0.004206254532239258
1090,2013-10-01,1,4,10385.3651,2,6527.652,1,1331.802,91.0,1.7320508075688772,0.0109890109890109,1,0.5258667560190737,0.15520706152160216,0.7968310618179422,0.04796187666045559,0.0
1092,2013-10-01,62,2,675.6294,1,26.724,1,26.724,184.0,,0.3369565217391304,1,-3.1545283497806564,0.0,1.0,0.0,0.0
1094,2013-10-01,1,2,2953.956,2,2953.956,1,202.332,92.0,,0.0108695652173913,0,,0.0,0.9999999999999999,0.0,0.0
1096,2013-10-01,124,3,1091.6325,1,21.576,0,0.0,90.5,0.7071067811865476,1.3701657458563536,1,-3.8595134283809314,0.9802351065949394,0.0,0.019764893405060772,0.0
1100,2013-10-01,32,2,4411.38,2,4411.38,1,2178.54,92.0,,0.3478260869565217,0,,0.6485235912571576,0.35147640874284236,0.0,0.0
1102,2013-10-01,1,2,98.886,2,98.886,1,72.162,92.0,,0.0108695652173913,0,,0.0,1.0000000000000002,0.0,0.0
1110,2013-10-01,62,1,1669.032,1,1669.032,1,1669.032,,,,0,,0.8570488762348476,0.12534331277051608,0.017607810994636413,0.0
1114,2013-10-01,62,4,24148.1913,2,10962.7605,1,3095.994,91.33333333333331,1.1547005383792526,0.6788321167883212,1,-0.1845929971876234,0.8151639621970364,0.0344835764159281,0.11351914377123558,0.03683331761580007
1116,2013-10-01,1,2,728.658,2,728.658,1,323.994,92.0,,0.0108695652173913,0,,0.44464481279283286,0.5553551872071671,0.0,0.0
1122,2013-10-01,93,1,200.052,1,200.052,0,0.0,,,,0,,0.0,1.0,0.0,0.0
1130,2013-10-01,1,2,9394.109,2,9394.109,1,5872.614,92.0,,0.0108695652173913,0,,0.6286998612641177,0.3631886749451172,0.008111466452007316,0.0
1132,2013-10-01,62,3,4196.9738,2,4126.6414,1,3944.9457,137.0,63.63961030678928,0.4525547445255474,1,4.0581107910769445,0.0,0.49056346265492534,0.2959098231683029,0.213526708220099
1134,2013-10-01,1,4,25119.1118,2,13286.687,1,5558.423,91.0,1.7320508075688772,0.0109890109890109,1,0.1159096795854193,0.9119173552943859,0.05273019645543359,0.03339951096519265,0.001952935294471678
1136,2013-10-01,1,1,323.994,1,323.994,1,323.994,,,,0,,1.0,0.0,0.0,0.0
1138,2013-10-01,32,3,5989.9143,2,4298.586,1,3650.598,91.5,0.7071067811865476,0.3497267759562841,1,0.9324134658992572,0.5530726875341104,0.3707159549845312,0.055586438022994754,0.020624919458363533
1140,2013-10-01,1,2,9184.794,2,9184.794,1,3990.18,92.0,,0.0108695652173913,0,,0.5996842171963791,0.019916396600729424,0.22501255880099216,0.15538682740189927
1142,2013-10-01,1,4,14887.4274,2,5852.406,1,2305.386,91.0,1.7320508075688772,0.0109890109890109,1,-0.4341952528671253,0.7639730421120307,0.01391926183297458,0.15937167223398183,0.06273602382101288
1146,2013-10-01,32,2,9087.2341,2,9087.2341,1,3589.794,92.0,,0.3478260869565217,0,,0.9929681546335424,0.007031842615345411,0.0,0.0
1150,2013-10-01,62,4,23188.1188,2,12314.7893,1,7798.806,91.33333333333331,1.1547005383792526,0.6788321167883212,1,0.124477202187121,0.8180906853038894,0.10655468523820051,0.058081818176643124,0.017272811281267026
1152,2013-10-01,32,2,15217.3687,2,15217.3687,1,6806.376,92.0,,0.3478260869565217,0,,0.8621371972146538,0.026611565243865057,0.07231762742266998,0.038933608475951564
1154,2013-10-01,32,2,1137.7519,1,468.66,1,468.66,183.0,,0.174863387978142,1,-0.3554058384923007,0.0,0.9822575554477211,0.0,0.017742444552278927
1158,2013-10-01,62,1,10268.513,1,10268.513,1,10268.513,,,,0,,0.7854522874928433,0.0435580107850085,0.08763372067601219,0.08335598348076298
1160,2013-10-01,62,1,3216.3494,1,3216.3494,1,3216.3494,,,,0,,0.9658656565732565,0.034134351199530746,0.0,0.0
1162,2013-10-01,32,4,13363.1172,2,5438.348400000001,1,1628.958,91.0,1.0,0.3516483516483517,1,-0.3764600502399915,0.8631609696575885,0.010052594614675683,0.12678643572773574,0.0
1164,2013-10-01,1,4,31400.0255,2,14635.4146,1,10780.338,91.0,1.7320508075688772,0.0109890109890109,1,-0.1358172440965415,0.8172637439418641,0.04736537554722686,0.10902707919775416,0.026343800262200425
1166,2013-10-01,62,1,370.794,1,370.794,1,370.794,,,,0,,0.0,1.0,0.0,0.0
1168,2013-10-01,154,3,1570.7453,1,777.2902,0,0.0,91.0,1.4142135623730951,1.6923076923076923,1,-0.0205570085089066,0.0,0.6648172049281318,0.2679793471290348,0.06720344794283326
1178,2013-10-01,62,1,2045.292,1,2045.292,1,2045.292,,,,0,,0.6993827776180614,0.2934329181358945,0.007184304246044086,0.0
1182,2013-10-01,1,4,145903.3591,2,61703.472,1,27729.582,91.0,1.7320508075688772,0.0109890109890109,1,-0.3108490487967419,0.8659046801890938,0.12875759486198146,0.005337724948924771,0.0
1188,2013-10-01,62,4,119841.2645,2,66973.7734,1,28195.896,91.33333333333331,1.1547005383792526,0.6788321167883212,1,0.236508502047501,0.7664280787023905,0.17473535336403265,0.047004399924368286,0.011832168209473456
1192,2013-10-01,1,3,1731.2513,1,713.796,1,713.796,136.5,67.17514421272202,0.0073260073260073,1,-0.3540451593343441,0.5427219029380657,0.41230062903057463,0.03331740458476479,0.011660063446594957
1196,2013-10-01,124,1,1020.594,1,1020.594,0,0.0,,,,0,,1.0,0.0,0.0,0.0
1198,2013-10-01,32,2,60319.95,2,60319.95,1,26517.84,92.0,,0.3478260869565217,0,,0.9445257166161445,0.04587914943563448,0.009247089893144806,0.0003480440550763056
1200,2013-10-01,1,4,161102.8785,2,70657.992,1,38991.894,91.0,1.7320508075688772,0.0109890109890109,1,-0.2468863563099077,0.8521206962791792,0.10552279796788361,0.02907298766855988,0.013283518084377369
1202,2013-10-01,1,4,123673.9971,2,61722.303,1,26225.94,91.0,1.7320508075688772,0.0109890109890109,1,-0.0037095534853808,0.8402464781337612,0.1386131191841296,0.02114040227782045,0.0
1204,2013-10-01,62,4,12162.0074,2,7875.3624,1,3483.366,91.33333333333331,1.1547005383792526,0.6788321167883212,1,0.6081285417607933,0.2904358124301092,0.6819444296670959,0.025959957893135304,0.0016598000096595894
1210,2013-10-01,1,2,66579.462,2,66579.462,1,33674.778,92.0,,0.0108695652173913,0,,0.9442916495780636,0.053611307342795886,0.002025399364146259,7.164371499427255e-05
1212,2013-10-01,154,2,758.9395,1,22.794,0,0.0,182.0,,0.8461538461538461,1,-3.4333518466308512,0.0,0.9699659854309863,0.030034014569013737,0.0
1214,2013-10-01,1,4,125154.0914,2,56044.1522,1,25527.645,91.0,1.7320508075688772,0.0109890109890109,1,-0.2095553727957835,0.8559747659995396,0.11170144454422527,0.031197322551134755,0.0011264673685290323
1216,2013-10-01,62,2,1183.3527,1,858.9,1,858.9,274.0,,0.2262773722627737,1,0.9715989672276136,0.0,1.0,0.0,0.0
1218,2013-10-01,62,3,8823.343499999999,2,7139.0857,1,4321.224,137.0,63.63961030678928,0.4525547445255474,1,1.4438062299464676,0.0,1.0,0.0,0.0
1220,2013-10-01,1,4,151893.7641,2,86769.1864,1,46675.7715,91.0,1.7320508075688772,0.0109890109890109,1,0.2869457173434124,0.8075728969310597,0.1313494712453439,0.04667560197752713,0.014402029688064068
1230,2013-10-01,1,2,57567.3108,2,57567.3108,1,30381.57,92.0,,0.0108695652173913,0,,0.7783684655806434,0.13629328677969096,0.050278558869211586,0.03505968877045408
1232,2013-10-01,1,2,77.982,2,77.982,1,48.594,92.0,,0.0108695652173913,0,,0.0,0.6231438024159421,0.37685619758405786,0.0
1234,2013-10-01,32,4,131432.1235,2,66778.4285,1,37814.8377,91.0,1.0,0.3516483516483517,1,0.0323343521366314,0.7925407489897247,0.1411265131084944,0.05525164654286364,0.01108109179260122
1236,2013-10-01,1,4,131748.8048,2,72798.1191,1,28637.52,91.0,1.7320508075688772,0.0109890109890109,1,0.2109856328603196,0.8285975638695129,0.10884583599653268,0.04676487090985739,0.015791729596016796
1238,2013-10-01,1,2,65701.658,2,65701.658,1,35695.74,92.0,,0.0108695652173913,0,,0.893780640969517,0.031009902368065053,0.047112630704083606,0.028096825197318463
1242,2013-10-01,1,4,368440.9861,2,240918.0261,1,112044.8055,91.0,1.7320508075688772,0.0109890109890109,1,0.6361566172345672,0.8204059611732757,0.14672049880283394,0.02755695169929956,0.005316588202454602
1246,2013-10-01,62,3,47200.3242,1,44050.2084,1,44050.2084,137.0,66.46803743153546,0.4525547445255474,1,2.6375961721311505,0.7859820123862623,0.19945468933876515,0.01456329827497244,0.0
1248,2013-10-01,62,1,53277.6924,1,53277.6924,1,53277.6924,,,,0,,0.7281159271830625,0.22336552999806725,0.031374782290683446,0.01714376052818684
1250,2013-10-01,62,1,46703.1548,1,46703.1548,1,46703.1548,,,,0,,0.7567954435060992,0.24257530457021717,0.0006292508530922627,0.0
1252,2013-10-01,1,2,68075.052,2,68075.052,1,28343.34,92.0,,0.0108695652173913,0,,0.8321667973165853,0.15611252122143074,0.011720681461984047,0.0
1254,2013-10-01,1,4,225740.561,2,136177.59889999998,1,62739.666,91.0,1.7320508075688772,0.0109890109890109,1,0.419014221045348,0.9540878987183876,0.03783163673452553,0.007072785683384564,0.0010076788991412137
1256,2013-10-01,32,4,1215.5788,2,959.922,1,475.29,91.0,1.0,0.3516483516483517,1,1.320153456341263,0.3798141264062848,0.3909989216659587,0.22240499752052273,0.006781954407233821
1260,2013-10-01,62,1,33631.8982,1,33631.8982,1,33631.8982,,,,0,,0.8046587748056396,0.16561848418059258,0.029722740270425766,0.0
1262,2013-10-01,1,2,216424.9968,2,216424.9968,1,122285.724,92.0,,0.0108695652173913,0,,0.8524114041941387,0.14756655580553532,0.0,2.2039967982108802e-05
1266,2013-10-01,1,4,292625.6567,2,117424.3639,1,51377.0302,91.0,1.7320508075688772,0.0109890109890109,1,-0.4001383342670337,0.9436549792457074,0.03354633052584278,0.015616411522264171,0.00718227862758693
1272,2013-10-01,1,2,1822.908,2,1822.908,1,1466.01,92.0,,0.0108695652173913,0,,0.8042150234679973,0.19578497653200275,0.0,0.0
1274,2013-10-01,62,4,3173.5185,2,1680.6428,1,1466.01,91.33333333333331,1.1547005383792526,0.6788321167883212,1,0.1183972889823445,0.8744072234020379,0.12559277659796217,0.0,0.0
1276,2013-10-01,1,2,46322.516,2,46322.516,1,24430.38,92.0,,0.0108695652173913,0,,0.9022006479527147,0.09779935096789646,0.0,0.0
1278,2013-10-01,62,4,159217.4904,2,80671.7476,1,46694.2363,91.33333333333331,1.1547005383792526,0.6788321167883212,1,0.0267069208583858,0.8377986097185713,0.11266675134078108,0.03994435164768807,0.009590287449977291
1282,2013-10-01,62,1,25690.4699,1,25690.4699,1,25690.4699,,,,0,,0.7851780058332058,0.21482199513991762,0.0,0.0
1284,2013-10-01,62,1,42858.2133,1,42858.2133,1,42858.2133,,,,0,,0.7484744423538533,0.25103570988107426,0.0,0.0004898477650723717
1286,2013-10-01,62,1,225.63,1,225.63,1,225.63,,,,0,,0.0,0.8046270442760272,0.1953729557239729,0.0
1290,2013-10-01,1,4,145328.2842,2,75432.8602,1,37891.884,91.0,1.7320508075688772,0.0109890109890109,1,0.0762417593479707,0.8729214213071953,0.11249785057326094,0.01412670758690482,0.0004540203606147027
1292,2013-10-01,1,2,2643.3529,2,2643.3529,1,728.91,92.0,,0.0108695652173913,0,,0.9243188357483407,0.07568115479397397,0.0,0.0
1296,2013-10-01,62,4,115792.0269,2,73714.0276,1,38783.562,91.33333333333331,1.1547005383792526,0.6788321167883212,1,0.5606578934635404,0.6718259061755832,0.31214946717544684,0.012293799824657874,0.0037308268243122014
1298,2013-10-01,62,1,3919.5255,1,3919.5255,1,3919.5255,,,,0,,0.6137625587587069,0.2745898706361267,0.1116475644819762,0.0
1300,2013-10-01,1,2,215682.1939,2,215682.1939,1,93397.7361,92.0,,0.0108695652173913,0,,0.7723071310153249,0.22371871527962978,0.003974153983232457,0.0
1302,2013-10-01,32,2,96811.3109,2,96811.3109,1,39829.9636,92.0,,0.3478260869565217,0,,0.6074809591282996,0.28442905838185484,0.07213078284016915,0.03595919922617224
1304,2013-10-01,1,2,98436.8067,2,98436.8067,1,49178.526,92.0,,0.0108695652173913,0,,0.8280497454414071,0.17180098143106465,0.00014927343229227287,0.0
1306,2013-10-01,62,1,1525.8048,1,1525.8048,1,1525.8048,,,,0,,1.0,0.0,0.0,0.0
1310,2013-10-01,1,4,1925.7597,2,1039.872,1,338.994,91.0,1.7320508075688772,0.0109890109890109,1,0.1600957346059646,0.3442734833427037,0.6557265166572963,0.0,0.0
1316,2013-10-01,1,4,107556.4429,2,64052.8851,1,18230.4641,91.0,1.7320508075688772,0.0109890109890109,1,0.3868589741847454,0.7762701931824485,0.08273695243225639,0.0975237266144286,0.04346912815206164
1318,2013-10-01,62,1,4441.4448,1,4441.4448,1,4441.4448,,,,0,,1.0,0.0,0.0,0.0
1320,2013-10-01,1,4,1940.7055,2,1129.722,1,338.994,91.0,1.7320508075688772,0.0109890109890109,1,0.3311316259672949,0.3416221575092151,0.6583778424907849,0.0,0.0
1322,2013-10-01,62,4,133133.9811,2,74897.3438,1,43253.7414,91.33333333333331,1.1547005383792526,0.6788321167883212,1,0.2515999434015636,0.6526436893277879,0.2446486759494943,0.08486567500384018,0.017841959320782304
1324,2013-10-01,62,3,44918.1854,1,39923.9842,1,39923.9842,137.0,66.46803743153546,0.4525547445255474,1,2.078524606789413,0.5964911307392217,0.382616836520738,0.01995726601636049,0.0009347661671123517
1326,2013-10-01,93,2,2268.282,1,858.9,0,0.0,92.0,,1.0108695652173914,1,-0.4947997652484446,0.62134337793978,0.37865662206022,0.0,0.0
1330,2013-10-01,154,3,117326.0739,1,43678.96,0,0.0,91.0,1.4142135623730951,1.6923076923076923,1,-0.5224091179341066,0.7709547672846827,0.16242650816256454,0.054783865191623024,0.011834859096908722
1332,2013-10-01,1,4,113074.4474,2,65772.612,1,33608.064,91.0,1.7320508075688772,0.0109890109890109,1,0.3296484857282387,0.6281778751368012,0.3632328633427396,0.00858926152045913,0.0
1334,2013-10-01,62,4,137189.9467,2,86836.5124,1,61251.456,91.33333333333331,1.1547005383792526,0.6788321167883212,1,0.5449520140143562,0.6212739916459199,0.3652779107027673,0.007394519965944414,0.006053577685368398
1336,2013-10-01,62,4,314909.3158,2,191613.1216,1,104273.0197,91.33333333333331,1.1547005383792526,0.6788321167883212,1,0.4408859123384374,0.7356181848908009,0.19436538720522664,0.05517171786380033,0.014844710373601466
1338,2013-10-01,32,3,4163.6079,2,2893.776,1,109.788,91.5,0.7071067811865476,0.3497267759562841,1,0.8232360078513326,0.9639348844544176,0.026368477204589798,0.0,0.009696638340992676
1340,2013-10-01,62,4,3504.0179,2,854.8447,1,70.644,91.33333333333331,1.1547005383792526,0.6788321167883212,1,-1.1302913408865125,0.6479936931829031,0.3411330746911996,0.010873232125897532,0.0
1342,2013-10-01,62,1,1254.048,1,1254.048,1,1254.048,,,,0,,0.2703197963714308,0.7296802036285692,0.0,0.0
1346,2013-10-01,62,4,4502.0093,2,1594.5867,1,1020.594,91.33333333333331,1.1547005383792526,0.6788321167883212,1,-0.6003693667671266,0.6217946950931443,0.37021020813973,0.007995096767125736,0.0
1350,2013-10-01,1,4,75694.8079,2,45995.952000000005,1,25592.358,91.0,1.7320508075688772,0.0109890109890109,1,0.4374329394791498,0.6679580066679844,0.3308771842460809,0.0011648090859346775,0.0
1352,2013-10-01,62,1,34771.9097,1,34771.9097,1,34771.9097,,,,0,,0.6264325978334173,0.37356740288555396,0.0,0.0
1354,2013-10-01,62,1,2186.73,1,2186.73,1,2186.73,,,,0,,1.0,0.0,0.0,0.0
1356,2013-10-01,62,4,191123.0941,2,109424.5278,1,63707.6101,91.33333333333331,1.1547005383792526,0.6788321167883212,1,0.2921955130540112,0.7616644084039033,0.16695653526467266,0.05216412885082107,0.019214927412584203
1362,2013-10-01,1,4,84054.67510000001,2,83243.6916,1,30219.69,91.0,1.7320508075688772,0.0109890109890109,1,4.6300596214869,0.6706655805751844,0.31472771108242614,0.013821647714631402,0.0007850604374057
1366,2013-10-01,32,2,10899.3901,2,10899.3901,1,5371.434,92.0,,0.3478260869565217,0,,0.9938493783243888,0.00615061938190468,0.0,0.0
1368,2013-10-01,154,2,134.74,1,94.367,0,0.0,182.0,,0.8461538461538461,1,0.835104112502906,0.0,0.0,0.4007273267032804,0.5992726732967195
1370,2013-10-01,62,1,17746.2521,1,17746.2521,1,17746.2521,,,,0,,0.747761835863923,0.1679299935111369,0.03958571060759359,0.044722457199850095
1376,2013-10-01,62,4,23344.7859,2,14408.7767,1,10687.854,91.33333333333331,1.1547005383792526,0.6788321167883212,1,0.4777059218812134,0.9243256328172195,0.07146282716604396,0.0016174061377877105,0.0025941338789489603
1378,2013-10-01,154,3,6443.6165,1,1320.6349,0,0.0,91.0,1.4142135623730951,1.6923076923076923,1,-1.35506226226257,0.9540130918716221,0.0,0.045986908128377905,0.0
1380,2013-10-01,1,2,6884.394,2,6884.394,1,4550.922,92.0,,0.0108695652173913,0,,0.8000669339959333,0.08403528327983553,0.11589778272423105,0.0
1384,2013-10-01,1,2,17601.8416,2,17601.8416,1,7317.648,92.0,,0.0108695652173913,0,,0.6707387694592138,0.1920399056426005,0.07227164230360987,0.06494968117426986
1386,2013-10-01,154,3,501.468,1,205.146,0,0.0,91.0,1.4142135623730951,1.6923076923076923,1,-0.3662310709759309,0.0,0.0,0.9999999999999999,0.0
1388,2013-10-01,32,4,41006.6403,2,23991.7866,1,9377.4689,91.0,1.0,0.3516483516483517,1,0.343607746767244,0.8782049379451357,0.1024158445870046,0.018484833247848397,0.0008943838054443099
1392,2013-10-01,62,4,8602.133399999999,2,5211.494699999999,1,2760.444,91.33333333333331,1.1547005383792526,0.6788321167883212,1,0.4297453734115262,0.6553639356488009,0.14564945017011713,0.0991483577783158,0.09983825640276633
1394,2013-10-01,1,4,11834.3033,2,8855.2466,1,5359.5926,91.0,1.7320508075688772,0.0109890109890109,1,1.0891807133651694,0.6732034491629093,0.041307881639301915,0.2222844436478149,0.06320422766247677
1396,2013-10-01,1,2,11915.028,2,11915.028,1,7909.992,92.0,,0.0108695652173913,0,,0.6934070150737371,0.05840154131404475,0.1773573675194049,0.07083407609281321
1398,2013-10-01,1,4,27199.7315,2,14580.84,1,7472.886,91.0,1.7320508075688772,0.0109890109890109,1,0.1445026592805103,0.9076389228327493,0.0325767921642903,0.059784285002960416,0.0
1400,2013-10-01,1,4,17918.817900000002,2,6598.962,1,4592.916,91.0,1.7320508075688772,0.0109890109890109,1,-0.539582788017368,0.9263943633246029,0.02104424533495594,0.052561391340441035,0.0
1404,2013-10-01,32,2,182972.5195,2,182972.5195,1,74321.3769,92.0,,0.3478260869565217,0,,0.7926156725354596,0.2070302414128369,0.0003540859587933914,0.0
1408,2013-10-01,1,2,559.23,1,356.898,1,356.898,184.0,,0.0054347826086956,1,0.5654079185025527,0.0,1.0,0.0,0.0
1412,2013-10-01,1,4,3505.8767,2,1033.566,1,1001.982,91.0,1.7320508075688772,0.0109890109890109,1,-0.8715756024208332,0.9909911264135445,0.009008873586455565,0.0,0.0
1414,2013-10-01,32,4,148871.0754,2,82200.62419999999,1,27947.5878,91.0,1.0,0.3516483516483517,1,0.2093982176862852,0.7790892513093245,0.12058291479232507,0.07039836844625898,0.029929464901279273
1418,2013-10-01,32,4,294128.3816,2,166376.8213,1,68404.626,91.0,1.0,0.3516483516483517,1,0.264165963676815,0.7937661001599854,0.2047760538182623,0.001320582862106225,0.0001372631902449498
1420,2013-10-01,1,2,180772.2168,2,180772.2168,1,79548.7562,92.0,,0.0108695652173913,0,,0.7707903244178173,0.18755075641690092,0.026381377605587897,0.015277541720116805
1422,2013-10-01,1,4,146647.1555,2,87892.1778,1,34038.2273,91.0,1.7320508075688772,0.0109890109890109,1,0.4027292925488677,0.6090698349754217,0.2923261910797854,0.07551226050886477,0.02309171290403925
1424,2013-10-01,1,4,273528.2951,2,164948.5444,1,63339.258,91.0,1.7320508075688772,0.0109890109890109,1,0.4181454933719877,0.64738208723621,0.32007841720357366,0.029552398668827883,0.0029870968182698987
1426,2013-10-01,154,3,214726.8518,1,78942.2843,0,0.0,91.0,1.4142135623730951,1.6923076923076923,1,-0.5423472574768873,0.785949370306001,0.1766598917741875,0.032220727691961625,0.005170010134708266
1428,2013-10-01,124,3,820.9707,1,26.724,0,0.0,90.5,0.7071067811865476,1.3701657458563536,1,-3.356353916926427,0.5722421031591017,0.4277578968408982,0.0,0.0
1430,2013-10-01,32,4,220116.3329,2,141907.69439999998,1,64654.2775,91.0,1.0,0.3516483516483517,1,0.595790959175055,0.6315655512358392,0.3591689753977361,0.009265473493630057,0.0
1432,2013-10-01,32,1,72.162,1,72.162,1,72.162,,,,0,,0.0,1.0,0.0,0.0
1434,2013-10-01,1,2,1179.708,2,1179.708,1,202.332,92.0,,0.0108695652173913,0,,0.8239174439776622,0.17151023812672286,0.004572317895614847,0.0
1436,2013-10-01,154,2,2572.8878,1,1297.8409,0,0.0,92.0,,1.673913043478261,1,0.0177053116244234,0.9557034706293839,0.0,0.044296529370616164,0.0
1438,2013-10-01,1,2,1271.4529,1,41.994,1,41.994,273.0,,0.0036630036630036,1,-3.354081897142858,0.9669716432279953,0.0,0.03302835677200469,0.0
1440,2013-10-01,1,2,49369.2512,2,49369.2512,1,28913.67,92.0,,0.0108695652173913,0,,0.9339630256535064,0.06603697485288171,0.0,0.0
1442,2013-10-01,62,1,283.9489,1,283.9489,1,283.9489,,,,0,,0.9999999119559893,0.0,0.0,0.0
1444,2013-10-01,62,4,11678.468,2,5560.773,1,3650.478,91.33333333333331,1.1547005383792526,0.6788321167883212,1,-0.095431896170643,0.8586473842288217,0.032026632260327294,0.059617066211081794,0.04970891729976911
1448,2013-10-01,62,2,2292.7200000000003,2,2292.7200000000003,1,2224.338,92.0,,0.6739130434782609,0,,0.600594054223804,0.1864178792002512,0.2129880665759447,0.0
1450,2013-10-01,1,4,63960.4305,2,32546.1329,1,15310.32,91.0,1.7320508075688772,0.0109890109890109,1,0.0353943228340973,0.9213021478959557,0.06382103854038318,0.013286353787127808,0.0015904599016105746
1456,2013-10-01,1,4,36673.3141,2,16337.0941,1,5741.6651,91.0,1.7320508075688772,0.0109890109890109,1,-0.218953262297834,0.8264826548631993,0.11524374340632607,0.03512636094156541,0.023147239916340146
1462,2013-10-01,1,2,35279.3777,2,35279.3777,1,19598.028,92.0,,0.0108695652173913,0,,0.873126844439776,0.05672225902102576,0.045453182696020174,0.024697714551807415
1464,2013-10-01,1,2,33054.947100000005,2,33054.947100000005,1,18787.878,92.0,,0.0108695652173913,0,,0.853380380995981,0.016308118671894647,0.07904450078517898,0.0512670008175569
1470,2013-10-01,32,4,1279.8606,2,952.3564,1,251.964,91.0,1.0,0.3516483516483517,1,1.06543918742621,0.0,0.23246437932381073,0.7152499201866204,0.0522856747055109
1472,2013-10-01,62,4,4833.9687,2,2055.9349,1,552.948,91.33333333333331,1.1547005383792526,0.6788321167883212,1,-0.3008863511959401,0.7630121188000245,0.0963940871193477,0.13997442722374268,0.0006193668568851097
1474,2013-10-01,62,1,23624.4279,1,23624.4279,1,23624.4279,,,,0,,0.9101946506818902,0.03234084665389929,0.03811724050257319,0.019347262161637364
1476,2013-10-01,1,2,6726.276,2,6726.276,1,5969.91,92.0,,0.0108695652173913,0,,0.8188745154079314,0.08301532675733199,0.08740586916147956,0.01070428867325694
1478,2013-10-01,1,4,11143.448799999998,2,5975.7148,1,905.88,91.0,1.7320508075688772,0.0109890109890109,1,0.1452432681989766,0.6425578049050668,0.14780415197851496,0.0870120904580277,0.12262595041492005
1480,2013-10-01,1,3,3209.0667,2,2760.3149,1,417.774,92.0,0.0,0.0108695652173913,1,1.8147663832599203,0.0,0.3465530959515426,0.44204525508927567,0.21140165145211848
1482,2013-10-01,1,2,7091.209499999999,2,7091.209499999999,1,4424.94,92.0,,0.0108695652173913,0,,0.7767329395641182,0.09049232010420791,0.13277473694720204,0.0
1484,2013-10-01,62,1,21.576,1,21.576,1,21.576,,,,0,,0.0,0.0,1.0,0.0
1486,2013-10-01,1,4,37298.385,2,14075.862,1,7519.392,91.0,1.7320508075688772,0.0109890109890109,1,-0.500633230841256,0.9603042598225098,0.03839418248269998,0.0013015576947902703,0.0
1490,2013-10-01,62,1,3741.6939,1,3741.6939,1,3741.6939,,,,0,,0.8970583884480768,0.09428403536697642,0.008657576184946609,0.0
1798,2013-10-01,62,4,29688.8411,2,12029.9376,1,4216.1064,91.33333333333331,1.1547005383792526,0.6788321167883212,1,-0.3838152653980664,0.922344681887903,0.023881902214094843,0.05377341589800216,0.0
1802,2013-10-01,1,4,23763.1461,2,13148.148,1,8935.044,91.0,1.7320508075688772,0.0109890109890109,1,0.2139948475954707,0.8876001481975485,0.08713492696996042,0.02194278475609759,0.003322140076393335
1804,2013-10-01,62,1,1741.7689,1,1741.7689,1,1741.7689,,,,0,,0.9999999856467755,0.0,0.0,0.0
1808,2013-10-01,62,1,1615.2769,1,1615.2769,1,1615.2769,,,,0,,0.17578959681773446,0.824210387705043,0.0,0.0
1810,2013-10-01,62,1,8785.932,1,8785.932,1,8785.932,,,,0,,0.9606418533628531,0.026731825377205285,0.01262632125994146,0.0
1812,2013-10-01,1,2,7301.7684,2,7301.7684,1,5721.768,92.0,,0.0108695652173913,0,,0.9879223778174065,0.012077622182593466,0.0,0.0
1814,2013-10-01,1,2,775.0464,2,775.0464,1,12.144,92.0,,0.0108695652173913,0,,0.9843312606832313,0.01566873931676865,0.0,0.0
1816,2013-10-01,62,4,21821.1882,2,11253.5406,1,5942.0055,91.33333333333331,1.1547005383792526,0.6788321167883212,1,0.062879811434799,0.8715573884285549,0.02873931493794641,0.09970329553365019,0.0
1818,2013-10-01,62,1,917.8789,1,917.8789,1,917.8789,,,,0,,0.30935330902584207,0.6906466637374493,0.0,0.0
1822,2013-10-01,32,4,24234.8204,2,12961.4537,1,7137.036,91.0,1.0,0.3516483516483517,1,0.1395252864105955,0.8208595595781678,0.0747852746620726,0.07710174736842695,0.02725341942290606
1828,2013-10-01,1,4,1832.2092,2,907.494,1,48.594,91.0,1.7320508075688772,0.0109890109890109,1,-0.0187783444232128,0.3276167917942995,0.6723832082057005,0.0,0.0
1830,2013-10-01,62,4,147683.7833,2,80725.2304,1,39566.3847,91.33333333333331,1.1547005383792526,0.6788321167883212,1,0.1869748093604712,0.7163445446484576,0.24861014174736407,0.019227312989617863,0.015818000275999156
1836,2013-10-01,62,4,195253.7233,2,134035.4737,1,106929.5461,91.33333333333331,1.1547005383792526,0.6788321167883212,1,0.7836502786945587,0.7074460802356438,0.27997504041450455,0.012578879206448401,0.0
1838,2013-10-01,1,4,13220.1492,2,12223.446,1,6236.76,91.0,1.7320508075688772,0.0109890109890109,1,2.5057371590515274,0.6850423821237963,0.3095122935526325,0.005445324323571174,0.0
1840,2013-10-01,32,4,308875.4876,2,176024.8336,1,77394.5591,91.0,1.0,0.3516483516483517,1,0.2813976438248886,0.6519690314849057,0.2980539153020183,0.03897379288507839,0.011003260162882542
1842,2013-10-01,62,4,190365.6452,2,127836.4481,1,90020.6146,91.33333333333331,1.1547005383792526,0.6788321167883212,1,0.7151099264866527,0.8174196720869255,0.18076970711730078,0.0015985394826902308,0.00021208133409567536
1844,2013-10-01,62,4,266071.61840000004,2,159907.6555,1,115310.4777,91.33333333333331,1.1547005383792526,0.6788321167883212,1,0.4096086109039252,0.6942107294033733,0.29632407819412876,0.009465192616725931,0.0
1846,2013-10-01,32,2,86803.3065,2,86803.3065,1,37117.648,92.0,,0.3478260869565217,0,,0.7568805523439364,0.24311944845096423,0.0,0.0
1852,2013-10-01,62,1,1878.2568,1,1878.2568,1,1878.2568,,,,0,,0.8123515378727764,0.10650939743702777,0.08113906469019572,0.0
1856,2013-10-01,1,2,7356.3,2,7356.3,1,6032.862,92.0,,0.0108695652173913,0,,0.4742408547775376,0.5257591452224624,0.0,0.0
1858,2013-10-01,1,4,141409.7478,2,92181.1515,1,40438.7655,91.0,1.7320508075688772,0.0109890109890109,1,0.6272715337718253,0.7027092597643398,0.28796222137099375,0.009328518694946716,0.0
1864,2013-10-01,1,2,96.294,2,96.294,1,32.394,92.0,,0.0108695652173913,0,,0.0,1.0,0.0,0.0
1866,2013-10-01,1,2,89960.9054,2,89960.9054,1,50982.798,92.0,,0.0108695652173913,0,,0.7635903734468195,0.234955927866862,0.0007201795014392996,0.0007335186290821834
1868,2013-10-01,1,4,55176.2223,2,2364.024,1,477.582,91.0,1.7320508075688772,0.0109890109890109,1,-3.105972957394552,0.7095153322955929,0.28202843455631066,0.008456233148096475,0.0
1870,2013-10-01,1,2,8859.2304,2,8859.2304,1,3588.678,92.0,,0.0108695652173913,0,,0.7716097326016038,0.22839026739839613,0.0,0.0
1872,2013-10-01,93,1,672.294,1,672.294,0,0.0,,,,0,,1.0,0.0,0.0,0.0
1874,2013-10-01,1,2,52554.8773,2,52554.8773,1,30407.592,92.0,,0.0108695652173913,0,,0.8573927214743968,0.14260727804990994,0.0,0.0
1878,2013-10-01,32,4,140599.4831,2,76677.91930000001,1,39770.4253,91.0,1.0,0.3516483516483517,1,0.181954414276694,0.8410086686869191,0.14267733321417878,0.01631399792109193,0.0
1880,2013-10-01,62,1,283.9489,1,283.9489,1,283.9489,,,,0,,0.9999999119559893,0.0,0.0,0.0
1882,2013-10-01,32,4,145919.7626,2,75762.5761,1,40611.4141,91.0,1.0,0.3516483516483517,1,0.0768651511050126,0.8751105520233351,0.11272844888797812,0.012160999143511491,0.0
1886,2013-10-01,62,1,802.398,1,802.398,1,802.398,,,,0,,0.0,1.0,0.0,0.0
1888,2013-10-01,32,2,95560.4627,2,95560.4627,1,54459.504,92.0,,0.3478260869565217,0,,0.8560519940847878,0.1425086653541287,0.0006715120269085931,0.0007678280109457862
1890,2013-10-01,62,1,43013.4036,1,43013.4036,1,43013.4036,,,,0,,0.7033872111436446,0.19974959619331312,0.06500028749178083,0.031862905171261544
1892,2013-10-01,62,1,200.052,1,200.052,1,200.052,,,,0,,0.0,1.0,0.0,0.0
1894,2013-10-01,1,2,50926.8779,2,50926.8779,1,21595.368,92.0,,0.0108695652173913,0,,0.8740772198407238,0.12563424784380903,0.00028853133366732464,0.0
1898,2013-10-01,32,4,128734.9993,2,60207.6488,1,35733.1672,91.0,1.0,0.3516483516483517,1,-0.1294315257879414,0.7772266007228696,0.1400952180686422,0.06615797902132742,0.01652020166671178
1900,2013-10-01,1,4,91751.5346,2,5250.522,1,785.958,91.0,1.7320508075688772,0.0109890109890109,1,-2.801649741368012,0.8829650626900796,0.11637489930331912,0.0,0.0006600380066013632
1904,2013-10-01,93,1,1.374,1,1.374,0,0.0,,,,0,,0.0,0.0,0.0,1.0
1910,2013-10-01,62,1,158.43,1,158.43,1,158.43,,,,0,,0.0,1.0,0.0,0.0
1914,2013-10-01,62,1,24518.1401,1,24518.1401,1,24518.1401,,,,0,,0.6048230224445124,0.2708148323208252,0.08533716193260515,0.039024982975768216
1916,2013-10-01,154,3,139732.056,1,46260.7274,0,0.0,91.0,1.4142135623730951,1.6923076923076923,1,-0.703350444468855,0.9087951586427668,0.06988909330869646,0.016636742967554987,0.004679005080981561
1918,2013-10-01,32,2,1029.192,2,1029.192,1,672.294,92.0,,0.3478260869565217,0,,0.6532250542172889,0.3467749457827111,0.0,0.0
1924,2013-10-01,1,4,2890.1848,2,1887.252,1,1866.858,91.0,1.7320508075688772,0.0109890109890109,1,0.631726446634084,0.22420296446095767,0.6340224334443942,0.14034839571504218,0.0014262063796058992
1926,2013-10-01,1,2,2907.486,2,2907.486,1,2159.352,92.0,,0.0108695652173913,0,,0.7426869811238987,0.25731301887610125,0.0,0.0
1928,2013-10-01,62,1,24830.4239,1,24830.4239,1,24830.4239,,,,0,,0.8612849275601774,0.13871507042616374,0.0,0.0
1932,2013-10-01,62,1,202.332,1,202.332,1,202.332,,,,0,,0.0,1.0,0.0,0.0
1936,2013-10-01,1,3,3224.9607,2,2900.508,1,202.332,92.0,0.0,0.0108695652173913,1,2.1877687446321783,0.0,0.9999999999999999,0.0,0.0
1938,2013-10-01,62,1,28920.1932,1,28920.1932,1,28920.1932,,,,0,,0.7237164463341137,0.19351530473178166,0.04890104925025189,0.03386720113612519
1940,2013-10-01,1,2,51115.964,2,51115.964,1,27089.358,92.0,,0.0108695652173913,0,,0.8157528233254095,0.08647185055533728,0.05055305227149781,0.04722227286958727
1944,2013-10-01,1,4,171620.73129999998,2,78324.162,1,39988.776,91.0,1.7320508075688772,0.0109890109890109,1,-0.1749251498539124,0.9131640321823988,0.0861292758050379,0.0004714465402117769,0.0002352454723516261
1946,2013-10-01,1,4,71554.7175,2,70047.744,1,32632.896,91.0,1.7320508075688772,0.0109890109890109,1,3.838424646085249,0.8825474504878033,0.11504029765752341,0.0024122518546733137,0.0
1948,2013-10-01,32,4,68261.052,2,7440.216,1,3430.62,91.0,1.0,0.3516483516483517,1,-2.100914592881717,0.8682503017972827,0.12261086746802555,0.009138830617494733,0.0
1950,2013-10-01,62,1,29423.4996,1,29423.4996,1,29423.4996,,,,0,,0.7690426387961002,0.14622618174216095,0.04801175289155611,0.03671942544863018
1954,2013-10-01,154,1,1295.988,1,1295.988,0,0.0,,,,0,,1.0,0.0,0.0,0.0
1958,2013-10-01,1,2,90450.1166,2,90450.1166,1,33186.846,92.0,,0.0108695652173913,0,,0.7051655917931675,0.28226988487928606,0.012564523603941934,0.0
1962,2013-10-01,1,4,307274.8373,2,159901.5387,1,75145.2966,91.0,1.7320508075688772,0.0109890109890109,1,0.0815888969531943,0.7661055578760858,0.18760664168448654,0.03236651173389133,0.013921288679500994
1966,2013-10-01,62,4,88061.2377,2,44388.4696,1,21393.5597,91.33333333333331,1.1547005383792526,0.6788321167883212,1,0.0162546205826998,0.7917714876269564,0.20765932977569312,0.0005691823248130432,0.0
1968,2013-10-01,154,3,16394.5533,1,5835.6552,0,0.0,91.0,1.4142135623730951,1.6923076923076923,1,-0.5929057355742859,0.7051239694344097,0.2926805453125704,0.002195485253019977,0.0
1970,2013-10-01,1,4,228187.626,2,170640.2269,1,73114.151,91.0,1.7320508075688772,0.0109890109890109,1,1.0869369468968504,0.6660937456266801,0.28597332291804467,0.03185926205744391,0.016073669573125757
1976,2013-10-01,32,4,171727.8292,2,92067.5934,1,34117.389,91.0,1.0,0.3516483516483517,1,0.1447507886115548,0.7502024019237996,0.1653143187813615,0.05882883692214051,0.025654442506631302
1978,2013-10-01,154,3,744.2388000000001,1,425.8598,0,0.0,91.0,1.4142135623730951,1.6923076923076923,1,0.2900771367362402,0.0,1.0,0.0,0.0
1982,2013-10-01,1,4,241675.5395,2,68148.68400000001,1,28744.962,91.0,1.7320508075688772,0.0109890109890109,1,-0.934631615631078,0.9141811411990247,0.07516130071574745,0.008546939025246284,0.0021106190599814506
1984,2013-10-01,62,4,134582.77479999998,2,65586.8395,1,31612.0704,91.33333333333331,1.1547005383792526,0.6788321167883212,1,-0.0506717823781652,0.8621053130493191,0.11926385842358188,0.018630828772301405,0.0
1986,2013-10-01,32,4,8275.7832,2,6938.652,1,4002.894,91.0,1.0,0.3516483516483517,1,1.645977615469259,0.450226390657503,0.5093695542918524,0.03829065990998894,0.0021133951406556908
1988,2013-10-01,1,4,4745.3607,2,2138.304,1,1466.01,91.0,1.7320508075688772,0.0109890109890109,1,-0.1981248421366563,0.9519398599141263,0.0,0.018232797350894735,0.029827342734979025
1990,2013-10-01,32,2,95794.6211,2,95794.6211,1,45633.21,92.0,,0.3478260869565217,0,,0.9001790085894499,0.09982099088860011,0.0,0.0
1992,2013-10-01,1,4,328615.6554,2,155362.398,1,76571.586,91.0,1.7320508075688772,0.0109890109890109,1,-0.1089933354199583,0.9011537844706105,0.07993151046935788,0.013442169073238865,0.005472535986792795
1994,2013-10-01,62,4,146378.4909,2,82404.2118,1,44021.7035,91.33333333333331,1.1547005383792526,0.6788321167883212,1,0.2531519402372364,0.8164702577897666,0.12947872452755285,0.04551810760606769,0.008532910076612901
