StoreID,snapshot,recency_days,n_orders_12m,revenue_12m,n_orders_6m,revenue_6m,n_orders_3m,revenue_3m
292,2012-07-01,62,3,9234.9728,2,5184.9848,1,1104.9968
296,2012-07-01,62,4,199095.4441,2,115058.9228,1,60079.0221
298,2012-07-01,62,4,54870.69899999999,2,17248.9207,1,9090.4447
302,2012-07-01,32,4,89074.3982,2,28312.5264,1,733.2159
306,2012-07-01,123,3,66728.7414,1,33406.7043,0,0.0
310,2012-07-01,93,4,5670.2261,2,3103.8052,0,0.0
312,2012-07-01,62,2,8852.570899999999,1,722.5949,1,722.5949
318,2012-07-01,32,4,186855.6782,2,121449.7088,1,80634.8808
320,2012-07-01,62,4,3302.3018,2,1651.1509,1,776.3569
326,2012-07-01,32,1,180.129,1,180.129,1,180.129
332,2012-07-01,1,1,1242.8518,1,1242.8518,1,1242.8518
334,2012-07-01,62,4,158899.14880000002,2,60428.0187,1,17671.8447
340,2012-07-01,1,5,353767.641,3,203048.7858,1,47413.7171
342,2012-07-01,62,3,3378.654,2,2503.86,1,356.898
344,2012-07-01,1,5,144609.1512,3,109267.50829999999,1,49220.1646
346,2012-07-01,93,4,125357.0395,2,62185.6294,0,0.0
348,2012-07-01,1,5,139250.0644,3,69163.7657,1,2458.9178
352,2012-07-01,1,1,63653.3932,1,63653.3932,1,63653.3932
356,2012-07-01,1,5,277738.6229,3,116564.1859,1,340.9898
362,2012-07-01,62,4,12306.5667,2,5899.4637999999995,1,1619.52
366,2012-07-01,32,1,7004.5001,1,7004.5001,1,7004.5001
368,2012-07-01,1,5,144667.1165,3,89556.5114,1,16239.5602
370,2012-07-01,1,5,219911.0349,3,147695.8738,1,39987.6526
372,2012-07-01,1,5,261442.0862,3,197876.8875,1,72019.6975
376,2012-07-01,62,4,261522.3269,2,95171.9063,1,29445.9841
388,2012-07-01,62,3,38049.3661,2,24375.547899999998,1,13673.8182
392,2012-07-01,32,4,32420.7671,2,22655.2108,1,15797.0264
412,2012-07-01,1,5,17911.2468,3,13612.7278,1,6821.1093
414,2012-07-01,1,1,15304.8859,1,15304.8859,1,15304.8859
418,2012-07-01,1,3,2262.8038,2,2205.123,1,180.129
422,2012-07-01,1,1,17146.5426,1,17146.5426,1,17146.5426
428,2012-07-01,1,1,19544.0309,1,19544.0309,1,19544.0309
438,2012-07-01,93,4,4537.6374,2,3014.7202,0,0.0
440,2012-07-01,32,4,102644.5621,2,60230.1989,1,28008.119
452,2012-07-01,1,4,9475.3046,3,6446.5939,1,4313.4232
454,2012-07-01,1,4,13333.5348,3,9906.111200000001,1,469.794
466,2012-07-01,1,5,40432.6621,3,32279.8861,1,5894.9641
474,2012-07-01,1,1,67745.1764,1,67745.1764,1,67745.1764
478,2012-07-01,62,4,316738.7525,2,121612.4516,1,42729.5227
484,2012-07-01,32,3,896.5986,1,57.6808,1,57.6808
488,2012-07-01,123,3,20436.84,1,10226.97,0,0.0
494,2012-07-01,1,3,4908.8755,1,2342.4546,1,2342.4546
496,2012-07-01,32,4,16677.2437,2,11982.919699999999,1,8526.6557
498,2012-07-01,1,5,61344.2542,3,47107.7097,1,6227.2278
512,2012-07-01,62,4,22516.3228,2,12880.8693,1,3914.9363
518,2012-07-01,32,4,239216.1014,2,118771.5279,1,78066.2178
520,2012-07-01,62,4,91512.5009,2,49378.4775,1,23913.8927
522,2012-07-01,93,4,153310.5787,2,77117.4077,0,0.0
524,2012-07-01,93,2,2254.9498000000003,1,1532.3549,0,0.0
534,2012-07-01,32,1,71274.5372,1,71274.5372,1,71274.5372
536,2012-07-01,1,3,1654.4458000000002,2,931.8509,1,209.256
540,2012-07-01,1,1,2554.0856,1,2554.0856,1,2554.0856
544,2012-07-01,62,4,21217.2448,2,13732.009399999999,1,4310.7413
546,2012-07-01,1,1,869.6877,1,869.6877,1,869.6877
548,2012-07-01,32,1,88689.6425,1,88689.6425,1,88689.6425
552,2012-07-01,123,3,34025.6088,1,11295.7189,0,0.0
556,2012-07-01,1,1,8453.3099,1,8453.3099,1,8453.3099
558,2012-07-01,32,1,1626.4708,1,1626.4708,1,1626.4708
562,2012-07-01,1,1,58234.6192,1,58234.6192,1,58234.6192
568,2012-07-01,32,1,647.994,1,647.994,1,647.994
570,2012-07-01,32,1,37650.2671,1,37650.2671,1,37650.2671
574,2012-07-01,123,3,8496.8066,1,4266.3414,0,0.0
584,2012-07-01,123,3,13965.8449,1,3524.0297,0,0.0
586,2012-07-01,93,3,9127.8241,2,6109.4864,0,0.0
590,2012-07-01,32,1,13094.2966,1,13094.2966,1,13094.2966
592,2012-07-01,32,4,303068.51170000003,2,219717.5209,1,150837.4387
598,2012-07-01,1,1,104881.9414,1,104881.9414,1,104881.9414
600,2012-07-01,1,5,214646.1726,3,147194.4069,1,42396.4051
602,2012-07-01,1,1,49484.6201,1,49484.6201,1,49484.6201
604,2012-07-01,1,1,1444.3375,1,1444.3375,1,1444.3375
608,2012-07-01,1,5,48401.4692,3,19966.6532,1,3661.1012
612,2012-07-01,62,4,102652.5776,2,32352.657399999996,1,13125.6019
616,2012-07-01,93,4,431991.55,2,184031.27419999999,0,0.0
622,2012-07-01,1,1,63095.428,1,63095.428,1,63095.428
628,2012-07-01,1,1,65.6018,1,65.6018,1,65.6018
632,2012-07-01,62,4,44945.4675,2,14418.4575,1,2238.4935
634,2012-07-01,1,1,6532.5325,1,6532.5325,1,6532.5325
640,2012-07-01,32,1,3781.8417,1,3781.8417,1,3781.8417
642,2012-07-01,62,4,55039.0293,2,25105.5993,1,9853.7837
648,2012-07-01,62,4,171109.149,2,104613.16690000001,1,50154.2683
650,2012-07-01,1,1,1308.9375,1,1308.9375,1,1308.9375
654,2012-07-01,62,4,119147.2687,2,43029.5395,1,14950.9625
662,2012-07-01,32,4,218911.9866,2,148731.7492,1,117274.3453
664,2012-07-01,32,1,65721.6787,1,65721.6787,1,65721.6787
668,2012-07-01,62,4,120363.9682,2,75463.7837,1,6223.3905
672,2012-07-01,62,4,79240.1807,2,47585.6555,1,25738.2617
684,2012-07-01,32,1,12140.2623,1,12140.2623,1,12140.2623
686,2012-07-01,62,4,51648.4807,2,37382.5823,1,8912.6663
692,2012-07-01,32,1,45064.2667,1,45064.2667,1,45064.2667
694,2012-07-01,62,4,43221.2852,2,25736.4333,1,19044.6091
698,2012-07-01,32,4,58448.184,2,23956.9512,1,1308.9375
700,2012-07-01,1,1,1485.8823,1,1485.8823,1,1485.8823
704,2012-07-01,93,4,42676.974,2,34514.898,0,0.0
710,2012-07-01,1,1,17944.6404,1,17944.6404,1,17944.6404
716,2012-07-01,62,3,10029.6092,2,7425.5439,1,3962.2441
724,2012-07-01,62,4,22340.7593,2,7280.9805,1,3014.6391
726,2012-07-01,62,2,1047.8364,1,903.6344,1,903.6344
728,2012-07-01,1,5,29042.0596,3,19232.894099999998,1,4254.45
732,2012-07-01,1,1,5496.001,1,5496.001,1,5496.001
738,2012-07-01,1,5,56412.6229,3,42205.5649,1,9625.0609
740,2012-07-01,62,4,12466.0865,2,6818.971,1,3427.4236
742,2012-07-01,32,4,10862.3258,2,6176.5255,1,4007.4786
744,2012-07-01,32,1,10473.061,1,10473.061,1,10473.061
746,2012-07-01,1,1,15853.6146,1,15853.6146,1,15853.6146
752,2012-07-01,62,4,62333.4663,2,9409.4223,1,3304.4403
754,2012-07-01,62,4,28783.5448,2,16231.634300000002,1,8573.7455
760,2012-07-01,93,3,9212.4174,1,2907.4796,0,0.0
762,2012-07-01,32,1,109253.4254,1,109253.4254,1,109253.4254
764,2012-07-01,62,4,255004.9871,2,81008.4097,1,24607.478
766,2012-07-01,1,1,209.256,1,209.256,1,209.256
768,2012-07-01,32,1,72131.9824,1,72131.9824,1,72131.9824
778,2012-07-01,62,1,722.5949,1,722.5949,1,722.5949
780,2012-07-01,1,5,95645.4468,3,58787.6445,1,21209.6683
782,2012-07-01,1,1,39885.5733,1,39885.5733,1,39885.5733
788,2012-07-01,62,4,119436.7986,2,46295.947700000004,1,11737.7891
790,2012-07-01,1,5,267442.3799,3,168491.7145,1,79628.9429
792,2012-07-01,32,1,63233.6717,1,63233.6717,1,63233.6717
794,2012-07-01,1,5,261442.4635,3,141535.3905,1,52063.3585
800,2012-07-01,62,4,61616.5168,2,36927.186,1,25670.3574
804,2012-07-01,62,4,243014.5498,2,91504.4377,1,28786.7176
806,2012-07-01,154,2,8129.976,1,4049.988,0,0.0
808,2012-07-01,1,1,89273.6793,1,89273.6793,1,89273.6793
812,2012-07-01,62,4,93863.6918,2,58007.0839,1,29220.8373
814,2012-07-01,62,4,180664.8196,2,106822.0929,1,48117.9107
816,2012-07-01,1,5,305256.7801,3,230907.2666,1,107356.7904
818,2012-07-01,93,4,77357.1599,2,48799.056,0,0.0
820,2012-07-01,32,4,75360.7097,2,24771.5553,1,684.03
826,2012-07-01,62,4,18178.8866,2,5028.0807,1,4292.3279
828,2012-07-01,62,4,300525.6618,2,137786.7568,1,40708.4413
832,2012-07-01,1,5,146105.2342,3,104966.9371,1,69729.7597
840,2012-07-01,182,2,1778.4284,1,28.8404,0,0.0
846,2012-07-01,1,5,17683.9545,3,14283.4959,1,6803.6883
848,2012-07-01,1,1,45845.4516,1,45845.4516,1,45845.4516
850,2012-07-01,154,2,1440.8086,1,1429.4086,0,0.0
852,2012-07-01,32,4,146062.3769,2,78597.6179,1,47404.3026
864,2012-07-01,62,4,62428.6039,2,29939.355000000003,1,18802.613
870,2012-07-01,93,4,138840.84360000002,2,67742.1696,0,0.0
874,2012-07-01,32,1,44991.4587,1,44991.4587,1,44991.4587
878,2012-07-01,62,4,132510.0051,2,56136.7506,1,33313.9702
880,2012-07-01,123,3,11869.5532,1,3064.7098,0,0.0
882,2012-07-01,62,4,131600.9354,2,51668.2083,1,14076.1511
884,2012-07-01,93,4,137715.85379999998,2,78663.7137,0,0.0
892,2012-07-01,1,1,2508.4976,1,2508.4976,1,2508.4976
896,2012-07-01,62,4,24236.3161,2,16053.5401,1,3847.1761
898,2012-07-01,1,4,7314.5188,3,5152.5077,1,2180.4192
900,2012-07-01,1,5,54221.0333,3,27785.2383,1,1256.6625
904,2012-07-01,123,3,28770.5997,1,9891.2909,0,0.0
908,2012-07-01,32,4,29546.3692,2,16254.6458,1,6386.6474
914,2012-07-01,1,5,7677.5342,3,1764.0469,1,469.794
916,2012-07-01,1,1,2371.295,1,2371.295,1,2371.295
926,2012-07-01,62,4,81372.22589999999,2,44661.1205,1,3894.2405
930,2012-07-01,32,1,2927.7262,1,2927.7262,1,2927.7262
932,2012-07-01,32,1,97801.7811,1,97801.7811,1,97801.7811
934,2012-07-01,93,4,85177.0812,2,54514.2759,0,0.0
936,2012-07-01,93,4,175502.1574,2,100469.2017,0,0.0
944,2012-07-01,32,1,7973.3042,1,7973.3042,1,7973.3042
948,2012-07-01,1,1,18202.7022,1,18202.7022,1,18202.7022
952,2012-07-01,32,1,30.2798,1,30.2798,1,30.2798
954,2012-07-01,32,1,62510.3099,1,62510.3099,1,62510.3099
958,2012-07-01,1,1,7804.4741,1,7804.4741,1,7804.4741
960,2012-07-01,93,2,1775.5745000000002,1,838.9178,0,0.0
962,2012-07-01,1,1,980.8863,1,980.8863,1,980.8863
964,2012-07-01,1,5,146200.3544,3,78673.2268,1,20.52
966,2012-07-01,62,3,2070.6098,2,1231.692,1,356.898
970,2012-07-01,1,5,117604.0714,3,85618.379,1,57381.4301
974,2012-07-01,93,4,55710.7042,2,23598.985800000002,0,0.0
976,2012-07-01,1,1,46321.888,1,46321.888,1,46321.888
980,2012-07-01,93,4,71252.8201,2,33229.1438,0,0.0
982,2012-07-01,32,1,42438.4645,1,42438.4645,1,42438.4645
986,2012-07-01,1,1,16812.1513,1,16812.1513,1,16812.1513
988,2012-07-01,1,1,8520.6631,1,8520.6631,1,8520.6631
992,2012-07-01,1,1,164.4279,1,164.4279,1,164.4279
998,2012-07-01,62,4,28024.8515,2,11694.6591,1,5593.2771
1002,2012-07-01,32,1,5519.611,1,5519.611,1,5519.611
1010,2012-07-01,93,4,69150.3094,2,20321.34,0,0.0
1012,2012-07-01,62,3,11250.2604,2,6438.7255000000005,1,2555.9668
1016,2012-07-01,62,4,84356.0342,2,35339.019,1,2909.115
1018,2012-07-01,32,4,115361.0905,2,66474.13459999999,1,7370.8413
1022,2012-07-01,93,4,48761.856,2,18330.546000000002,0,0.0
1028,2012-07-01,1,1,7759.3877,1,7759.3877,1,7759.3877
1032,2012-07-01,1,5,263338.4161,3,175334.759,1,77342.8571
1034,2012-07-01,1,1,794.2467,1,794.2467,1,794.2467
1044,2012-07-01,123,3,79207.5439,1,29308.0387,0,0.0
1046,2012-07-01,32,4,147314.5353,2,55172.7318,1,37141.1313
1050,2012-07-01,32,4,186245.846,2,134119.953,1,98996.5779
1052,2012-07-01,1,1,39027.0692,1,39027.0692,1,39027.0692
1056,2012-07-01,93,3,4248.2689,1,714.7043,0,0.0
1066,2012-07-01,62,4,158257.1368,2,79546.8168,1,22579.685
1068,2012-07-01,1,1,1316.1745,1,1316.1745,1,1316.1745
1070,2012-07-01,1,1,59518.7599,1,59518.7599,1,59518.7599
1082,2012-07-01,154,2,439.64540000000005,1,20.1865,0,0.0
1086,2012-07-01,32,4,120003.2263,2,76704.52769999999,1,50019.5321
1090,2012-07-01,1,5,86236.08630000001,3,46260.6586,1,3981.8541
1096,2012-07-01,32,2,2471.4147,1,324.4527,1,324.4527
1102,2012-07-01,1,1,4142.6215,1,4142.6215,1,4142.6215
1108,2012-07-01,1,5,157606.8592,3,109991.3315,1,54130.4516
1112,2012-07-01,1,2,2221.323,1,196.329,1,196.329
1116,2012-07-01,1,1,1628.6046,1,1628.6046,1,1628.6046
1118,2012-07-01,32,2,2790.7539,1,2371.295,1,2371.295
1120,2012-07-01,62,2,5146.3219,2,5146.3219,1,3887.9452
1126,2012-07-01,93,4,408483.4465,2,187828.30839999998,0,0.0
1134,2012-07-01,1,5,25977.2902,3,17354.749,1,10036.043
1136,2012-07-01,1,5,40257.1833,3,26055.5804,1,53.994
1138,2012-07-01,32,1,86.5212,1,86.5212,1,86.5212
1142,2012-07-01,1,1,3226.1066,1,3226.1066,1,3226.1066
1148,2012-07-01,62,4,8548.2423,2,3811.0063,1,1677.8356
1154,2012-07-01,32,1,2476.9638,1,2476.9638,1,2476.9638
1156,2012-07-01,1,1,10085.4859,1,10085.4859,1,10085.4859
1162,2012-07-01,32,1,4831.9452,1,4831.9452,1,4831.9452
1164,2012-07-01,1,5,140719.9074,3,57055.094300000004,1,22381.4965
1170,2012-07-01,62,4,85892.3768,2,56832.9533,1,24278.0209
1174,2012-07-01,1,5,251725.3331,3,171874.38319999998,1,57363.2615
1182,2012-07-01,1,5,144232.4617,3,102794.9808,1,47753.7712
1184,2012-07-01,32,4,146774.5707,2,91203.33290000001,1,61709.2825
1186,2012-07-01,32,3,4334.2257,2,2954.7028,1,71.988
1192,2012-07-01,1,5,99497.3261,3,59516.3703,1,379.467
1200,2012-07-01,1,1,52105.5079,1,52105.5079,1,52105.5079
1202,2012-07-01,1,1,41020.1875,1,41020.1875,1,41020.1875
1204,2012-07-01,62,4,18915.794,2,1213.7103000000002,1,1144.4969
1206,2012-07-01,123,3,124405.0861,1,26016.9703,0,0.0
1214,2012-07-01,1,5,233510.8221,3,169695.626,1,32885.3728
1220,2012-07-01,1,1,38604.0227,1,38604.0227,1,38604.0227
1224,2012-07-01,93,2,1258.3767,1,838.9178,0,0.0
1228,2012-07-01,93,4,87491.355,2,46875.785,0,0.0
1234,2012-07-01,32,1,37208.4123,1,37208.4123,1,37208.4123
1236,2012-07-01,1,1,33208.2292,1,33208.2292,1,33208.2292
1240,2012-07-01,123,3,76242.1332,1,24604.6637,0,0.0
1242,2012-07-01,1,1,55971.1308,1,55971.1308,1,55971.1308
1244,2012-07-01,62,3,5925.7862000000005,1,955.2013,1,955.2013
1246,2012-07-01,62,2,5479.3966,1,1429.4086,1,1429.4086
1254,2012-07-01,1,1,58378.5459,1,58378.5459,1,58378.5459
1256,2012-07-01,32,1,1524.5394,1,1524.5394,1,1524.5394
1258,2012-07-01,62,4,193258.6708,2,109739.89660000001,1,58977.1342
1266,2012-07-01,1,1,84380.7379,1,84380.7379,1,84380.7379
1270,2012-07-01,1,5,161840.7856,3,66817.7907,1,924.4017
1280,2012-07-01,1,3,1676.5882,2,1308.7118,1,469.794
1290,2012-07-01,1,1,40977.8088,1,40977.8088,1,40977.8088
1294,2012-07-01,32,1,57182.2539,1,57182.2539,1,57182.2539
1296,2012-07-01,62,4,126717.8954,2,38836.826,1,13319.4071
1308,2012-07-01,62,3,7719.6876,1,419.4589,1,419.4589
1310,2012-07-01,1,5,158877.6799,3,88632.5873,1,2485.7036
1312,2012-07-01,1,5,88776.1743,3,62350.3584,1,27892.4053
1316,2012-07-01,1,1,46021.1798,1,46021.1798,1,46021.1798
1320,2012-07-01,1,1,2458.9178,1,2458.9178,1,2458.9178
1322,2012-07-01,62,4,112884.2841,2,49175.3862,1,13129.4681
1326,2012-07-01,1,1,324.4527,1,324.4527,1,324.4527
1328,2012-07-01,1,1,40399.5779,1,40399.5779,1,40399.5779
1332,2012-07-01,1,5,175422.2139,3,100613.1523,1,48300.3569
1338,2012-07-01,32,4,110001.8397,2,53632.8261,1,209.256
1344,2012-07-01,1,5,65840.27639999999,3,34274.4818,1,324.4527
1350,2012-07-01,1,5,97350.7014,3,58701.488,1,26628.0859
1356,2012-07-01,62,4,191271.1949,2,75626.8455,1,46301.0029
1358,2012-07-01,62,4,146233.5598,2,80377.43359999999,1,48748.8054
1362,2012-07-01,1,4,6344.3573,2,249.18880000000001,1,180.108
1364,2012-07-01,62,4,24694.3737,2,12938.830399999999,1,5664.5243
1372,2012-07-01,32,4,15519.4439,2,9078.8691,1,5687.3217
1374,2012-07-01,123,3,71319.5168,1,40766.1068,0,0.0
1388,2012-07-01,32,1,14515.9921,1,14515.9921,1,14515.9921
1392,2012-07-01,62,3,7777.3783,2,7352.7329,1,6094.3562
1394,2012-07-01,1,1,5347.6038,1,5347.6038,1,5347.6038
1398,2012-07-01,1,1,20496.8188,1,20496.8188,1,20496.8188
1400,2012-07-01,1,1,7222.8289,1,7222.8289,1,7222.8289
1406,2012-07-01,1,5,9795.7926,3,6850.388800000001,1,4810.0342
1410,2012-07-01,1,1,324.4527,1,324.4527,1,324.4527
1414,2012-07-01,32,4,149434.36479999998,2,91484.71519999999,1,59238.9627
1416,2012-07-01,1,1,183.9382,1,183.9382,1,183.9382
1418,2012-07-01,32,4,237597.3775,2,166125.9498,1,120182.185
1422,2012-07-01,1,1,48693.9751,1,48693.9751,1,48693.9751
1424,2012-07-01,1,1,75351.5172,1,75351.5172,1,75351.5172
1428,2012-07-01,32,1,469.794,1,469.794,1,469.794
1430,2012-07-01,32,1,101336.8382,1,101336.8382,1,101336.8382
1436,2012-07-01,154,2,8144.976,1,4064.988,0,0.0
1438,2012-07-01,93,4,107761.3089,2,24441.5684,0,0.0
1450,2012-07-01,1,1,16742.0274,1,16742.0274,1,16742.0274
1454,2012-07-01,93,2,1294.2529,1,874.794,0,0.0
1456,2012-07-01,1,4,27279.5343,3,20803.4447,1,8920.6386
1458,2012-07-01,1,4,7788.1674,3,7368.708500000001,1,2647.032
1460,2012-07-01,62,3,15007.2845,2,12804.2107,1,5529.9046
1468,2012-07-01,1,1,9803.5732,1,9803.5732,1,9803.5732
1470,2012-07-01,32,1,1147.4382,1,1147.4382,1,1147.4382
1478,2012-07-01,1,4,11113.6235,3,9364.0355,1,5061.8179
1480,2012-07-01,1,1,5662.2907,1,5662.2907,1,5662.2907
1486,2012-07-01,1,1,14655.0936,1,14655.0936,1,14655.0936
1796,2012-07-01,1,1,4364.2719,1,4364.2719,1,4364.2719
1802,2012-07-01,1,1,14560.3533,1,14560.3533,1,14560.3533
1822,2012-07-01,32,1,5948.2999,1,5948.2999,1,5948.2999
1826,2012-07-01,32,1,2378.4486,1,2378.4486,1,2378.4486
1828,2012-07-01,1,5,7977.207,3,4152.4094000000005,1,149.031
1832,2012-07-01,1,1,53170.0479,1,53170.0479,1,53170.0479
1834,2012-07-01,1,1,48541.8313,1,48541.8313,1,48541.8313
1840,2012-07-01,32,1,92716.9059,1,92716.9059,1,92716.9059
1850,2012-07-01,123,3,14357.4993,1,3762.2367,0,0.0
1858,2012-07-01,1,1,39373.2236,1,39373.2236,1,39373.2236
1860,2012-07-01,93,4,140874.514,2,67422.0979,0,0.0
1862,2012-07-01,32,1,367.8764,1,367.8764,1,367.8764
1864,2012-07-01,1,3,10149.2645,2,6099.2765,1,24.2945
1868,2012-07-01,1,1,54859.4922,1,54859.4922,1,54859.4922
1876,2012-07-01,62,1,178.5808,1,178.5808,1,178.5808
1878,2012-07-01,32,1,36571.8493,1,36571.8493,1,36571.8493
1882,2012-07-01,32,4,164320.2648,2,73841.4761,1,42262.6609
1884,2012-07-01,62,3,1022.856,1,419.4589,1,419.4589
1896,2012-07-01,1,5,176958.7439,3,149786.4223,1,90172.6738
1898,2012-07-01,32,1,35699.5713,1,35699.5713,1,35699.5713
1900,2012-07-01,1,5,131324.2061,3,97023.46650000001,1,50312.409
1902,2012-07-01,1,1,165.231,1,165.231,1,165.231
1918,2012-07-01,123,3,3526.7160000000003,1,2923.3189,0,0.0
1924,2012-07-01,1,1,33.7745,1,33.7745,1,33.7745
1930,2012-07-01,62,4,72698.1611,2,20717.218800000002,1,12497.2834
1934,2012-07-01,62,4,83457.10889999999,2,50965.6786,1,29522.6946
1936,2012-07-01,93,4,84948.75,2,51664.2353,0,0.0
1944,2012-07-01,1,1,50912.9359,1,50912.9359,1,50912.9359
1946,2012-07-01,1,5,93840.7942,3,54356.5352,1,469.794
1948,2012-07-01,32,2,33299.5504,1,33293.8504,1,33293.8504
1952,2012-07-01,32,1,24.2945,1,24.2945,1,24.2945
1956,2012-07-01,93,4,88310.81790000001,2,50614.153900000005,0,0.0
1962,2012-07-01,1,1,147390.9328,1,147390.9328,1,147390.9328
1964,2012-07-01,32,1,1438.851,1,1438.851,1,1438.851
1968,2012-07-01,62,4,79940.3738,2,42158.7323,1,22996.4942
1970,2012-07-01,1,5,197305.3575,3,105547.7023,1,38189.0587
1972,2012-07-01,1,1,53415.9425,1,53415.9425,1,53415.9425
1976,2012-07-01,32,1,70717.297,1,70717.297,1,70717.297
1980,2012-07-01,93,4,276526.4031,2,128926.0103,0,0.0
1982,2012-07-01,1,1,93591.6217,1,93591.6217,1,93591.6217
1986,2012-07-01,32,1,2278.1544,1,2278.1544,1,2278.1544
1988,2012-07-01,1,1,688.7667,1,688.7667,1,688.7667
1992,2012-07-01,1,5,253508.2852,3,196696.8143,1,86402.2489
292,2012-10-01,62,3,32614.5142,2,28534.5262,1,27429.5294
296,2012-10-01,62,4,243920.6405,2,121571.5262,1,61492.5041
298,2012-10-01,62,4,36625.6782,2,11359.7098,1,2269.2651
302,2012-10-01,32,4,60407.4379,2,1545.6433000000002,1,812.4274
304,2012-10-01,62,1,2112.5395,1,2112.5395,1,2112.5395
312,2012-10-01,154,1,722.5949,1,722.5949,0,0.0
318,2012-10-01,32,4,247370.3118,2,153522.2917,1,72887.4109
320,2012-10-01,154,3,2427.5078,1,776.3569,0,0.0
324,2012-10-01,62,1,44017.9573,1,44017.9573,1,44017.9573
326,2012-10-01,32,2,389.385,2,389.385,1,209.256
332,2012-10-01,1,2,5281.7027,2,5281.7027,1,4038.8509
334,2012-10-01,154,3,142529.99430000002,1,17671.8447,0,0.0
340,2012-10-01,1,5,337365.3269,2,83814.85070000001,1,36401.1336
342,2012-10-01,62,4,3592.89,2,571.134,1,214.236
344,2012-10-01,1,5,187205.4537,2,98600.23499999999,1,49380.0704
348,2012-10-01,93,4,99799.276,1,2458.9178,0,0.0
352,2012-10-01,1,2,108237.3618,2,108237.3618,1,44583.9686
356,2012-10-01,93,4,202546.663,1,340.9898,0,0.0
362,2012-10-01,154,3,8241.5787,1,1619.52,0,0.0
366,2012-10-01,32,2,13190.0672,2,13190.067200000001,1,6185.5671
368,2012-10-01,1,5,143456.1764,2,23181.396099999998,1,6941.8359
370,2012-10-01,1,5,209681.0709,2,80992.6977,1,41005.0451
372,2012-10-01,1,5,294906.9774,2,138455.9117,1,66436.2142
376,2012-10-01,154,3,194673.9391,1,29445.9841,0,0.0
382,2012-10-01,62,1,183.9382,1,183.9382,1,183.9382
386,2012-10-01,62,1,4356.8575,1,4356.8575,1,4356.8575
388,2012-10-01,62,4,47070.0551,2,22694.5072,1,9020.689
390,2012-10-01,32,1,2485.7036,1,2485.7036,1,2485.7036
392,2012-10-01,32,4,32499.0915,2,19660.853900000002,1,3863.8275
398,2012-10-01,62,1,2521.6976,1,2521.6976,1,2521.6976
412,2012-10-01,1,5,21943.2229,2,11761.906299999999,1,4940.797
414,2012-10-01,1,2,24443.2258,2,24443.2258,1,9138.3399
418,2012-10-01,1,4,3766.016,2,1683.3411999999998,1,1503.2122
422,2012-10-01,1,2,50790.9013,2,50790.9013,1,33644.3587
428,2012-10-01,1,2,27762.6667,2,27762.6667,1,8218.6358
432,2012-10-01,62,1,56817.8354,1,56817.8354,1,56817.8354
440,2012-10-01,32,4,96965.0384,2,56578.9556,1,28570.8366
452,2012-10-01,1,5,11073.2885,2,5911.4071,1,1597.9839
454,2012-10-01,93,4,13333.5348,1,469.794,0,0.0
466,2012-10-01,1,5,39773.891,2,7261.187,1,1366.2229
472,2012-10-01,62,1,54801.3542,1,54801.3542,1,54801.3542
474,2012-10-01,1,2,127314.4076,2,127314.4076,1,59569.2312
478,2012-10-01,62,4,338011.2199,2,155016.77539999998,1,112287.2527
484,2012-10-01,32,3,946.9337,2,527.4748,1,469.794
492,2012-10-01,62,1,288.117,1,288.117,1,288.117
494,2012-10-01,1,3,6487.845,2,4340.883,1,1998.4284
496,2012-10-01,32,4,17864.8318,2,12311.273299999999,1,3784.6176
498,2012-10-01,1,5,68673.48879999999,2,17632.8504,1,11405.6226
504,2012-10-01,62,1,1263.0383,1,1263.0383,1,1263.0383
506,2012-10-01,62,1,4262.9036,1,4262.9036,1,4262.9036
510,2012-10-01,62,1,53.994,1,53.994,1,53.994
512,2012-10-01,62,4,26653.138700000003,2,11866.0957,1,7951.1594
516,2012-10-01,62,1,34982.3068,1,34982.3068,1,34982.3068
518,2012-10-01,32,4,226350.8861,2,153068.84509999998,1,75002.6273
520,2012-10-01,62,4,79074.5232,2,24383.686700000002,1,469.794
526,2012-10-01,62,1,491.406,1,491.406,1,491.406
534,2012-10-01,32,2,123993.9748,2,123993.9748,1,52719.4376
536,2012-10-01,1,4,1743.3778000000002,2,298.188,1,88.932
540,2012-10-01,93,1,2554.0856,1,2554.0856,0,0.0
544,2012-10-01,62,4,31429.7846,2,15367.3854,1,11056.6441
546,2012-10-01,1,2,2023.476,2,2023.4759999999999,1,1153.7883
548,2012-10-01,32,2,175183.0232,2,175183.0232,1,86493.3807
556,2012-10-01,1,2,15930.9072,2,15930.907200000001,1,7477.5973
558,2012-10-01,32,2,1666.8438,2,1666.8438,1,40.373
560,2012-10-01,62,1,6423.515,1,6423.515,1,6423.515
562,2012-10-01,1,2,105800.3638,2,105800.36379999999,1,47565.7446
568,2012-10-01,32,2,912.705,2,912.705,1,264.711
570,2012-10-01,32,2,67132.3274,2,67132.3274,1,29482.0603
584,2012-10-01,32,3,6799.823,1,183.9382,1,183.9382
590,2012-10-01,32,2,20013.5548,2,20013.554799999998,1,6919.2582
592,2012-10-01,32,4,336746.332,2,228318.4022,1,77480.9635
598,2012-10-01,1,2,200016.0329,2,200016.0329,1,95134.0915
600,2012-10-01,1,5,238355.4057,2,85840.5047,1,43444.0996
602,2012-10-01,1,2,101780.0974,2,101780.0974,1,52295.4773
604,2012-10-01,1,2,1770.2352,2,1770.2352,1,325.8977
608,2012-10-01,1,5,33183.334800000004,2,8692.9068,1,5031.8056
610,2012-10-01,1,1,6214.259,1,6214.259,1,6214.259
612,2012-10-01,154,3,74607.2418,1,13125.6019,0,0.0
620,2012-10-01,1,1,235.266,1,235.266,1,235.266
622,2012-10-01,1,2,85630.295,2,85630.295,1,22534.867
628,2012-10-01,1,2,713.5958,2,713.5958,1,647.994
632,2012-10-01,154,3,18498.4455,1,2238.4935,0,0.0
634,2012-10-01,1,2,14049.2365,2,14049.236499999999,1,7516.704
638,2012-10-01,62,1,8610.1714,1,8610.1714,1,8610.1714
640,2012-10-01,32,2,9956.7027,2,9956.7027,1,6174.861
642,2012-10-01,62,4,98892.4239,2,69146.214,1,59292.4303
648,2012-10-01,62,4,247042.0577,2,146731.4113,1,96577.143
650,2012-10-01,93,1,1308.9375,1,1308.9375,0,0.0
654,2012-10-01,154,3,83736.27040000001,1,14950.9625,0,0.0
658,2012-10-01,62,1,202.332,1,202.332,1,202.332
662,2012-10-01,32,4,276086.152,2,216537.3294,1,99262.9841
664,2012-10-01,32,2,116919.6668,2,116919.6668,1,51197.9881
668,2012-10-01,62,4,127286.0791,2,45590.4054,1,39367.0149
672,2012-10-01,62,4,117218.1063,2,69752.0119,1,44013.7502
684,2012-10-01,32,2,19676.5737,2,19676.5737,1,7536.3114
686,2012-10-01,154,3,43518.504700000005,1,8912.6663,0,0.0
692,2012-10-01,32,2,74795.75690000001,2,74795.75690000001,1,29731.4902
694,2012-10-01,62,4,36715.6139,2,19193.6401,1,149.031
698,2012-10-01,124,3,39799.577000000005,1,1308.9375,0,0.0
700,2012-10-01,93,1,1485.8823,1,1485.8823,0,0.0
702,2012-10-01,62,1,12931.2387,1,12931.2387,1,12931.2387
710,2012-10-01,1,2,25485.5508,2,25485.5508,1,7540.9104
716,2012-10-01,62,4,17229.8273,2,11162.4622,1,7200.2181
722,2012-10-01,32,1,469.794,1,469.794,1,469.794
724,2012-10-01,154,3,20243.4648,1,3014.6391,0,0.0
726,2012-10-01,62,3,2307.5795,2,2163.3775,1,1259.7431
728,2012-10-01,1,5,29335.8122,2,8865.188999999998,1,4610.739
732,2012-10-01,1,2,9050.6648,2,9050.6648,1,3554.6638
734,2012-10-01,62,1,4950.8203,1,4950.8203,1,4950.8203
738,2012-10-01,1,5,57085.8807,2,12334.7127,1,2709.6518
740,2012-10-01,154,3,8952.1417,1,3427.4236,0,0.0
742,2012-10-01,124,3,7015.4433,1,4007.4786,0,0.0
744,2012-10-01,32,2,16886.6921,2,16886.6921,1,6413.6311
746,2012-10-01,1,2,30349.579,2,30349.579,1,14495.9644
752,2012-10-01,62,4,54607.1878,2,15929.5018,1,12625.0615
754,2012-10-01,154,3,26614.4979,1,8573.7455,0,0.0
762,2012-10-01,32,2,181591.2542,2,181591.2542,1,72337.8288
764,2012-10-01,62,4,213812.8863,2,64579.610100000005,1,39972.1321
766,2012-10-01,93,1,209.256,1,209.256,0,0.0
768,2012-10-01,32,2,116298.0489,2,116298.0489,1,44166.0665
776,2012-10-01,62,1,784.056,1,784.056,1,784.056
778,2012-10-01,154,1,722.5949,1,722.5949,0,0.0
780,2012-10-01,1,5,99147.3479,2,42069.5795,1,20859.9112
782,2012-10-01,1,2,74603.9277,2,74603.9277,1,34718.3544
786,2012-10-01,62,1,146154.5653,1,146154.5653,1,146154.5653
788,2012-10-01,62,4,140340.8875,2,59609.007300000005,1,47871.2182
790,2012-10-01,1,5,277295.0671,2,130732.0692,1,51103.1263
792,2012-10-01,32,2,107040.673,2,107040.67300000001,1,43807.0013
794,2012-10-01,1,5,254735.4738,2,96305.2849,1,44241.9264
798,2012-10-01,62,1,103299.6849,1,103299.6849,1,103299.6849
800,2012-10-01,154,3,50935.7917,1,25670.3574,0,0.0
802,2012-10-01,62,1,6700.1106,1,6700.1106,1,6700.1106
804,2012-10-01,154,3,178300.5951,1,28786.7176,0,0.0
808,2012-10-01,1,2,155415.4504,2,155415.4504,1,66141.7711
812,2012-10-01,62,4,139469.0374,2,80931.5122,1,51710.6749
814,2012-10-01,62,4,267701.19550000003,2,160840.8052,1,112722.8945
816,2012-10-01,1,5,386167.9032,2,204812.4596,1,97455.6692
820,2012-10-01,32,4,49391.227300000006,2,751.569,1,67.539
822,2012-10-01,1,1,1409.382,1,1409.382,1,1409.382
826,2012-10-01,62,4,8708.697100000001,2,4616.7806,1,324.4527
828,2012-10-01,62,4,316097.4282,2,130041.73430000001,1,89333.293
832,2012-10-01,1,5,174065.4227,2,116010.63759999999,1,46280.8779
846,2012-10-01,1,5,25367.1533,2,17048.427900000002,1,10244.7396
848,2012-10-01,1,2,70489.6809,2,70489.6809,1,24644.2293
852,2012-10-01,32,4,140402.9765,2,82086.00779999999,1,34681.7052
862,2012-10-01,62,1,55601.855,1,55601.855,1,55601.855
864,2012-10-01,62,4,50989.615000000005,2,19004.945,1,202.332
872,2012-10-01,62,1,20.52,1,20.52,1,20.52
874,2012-10-01,32,2,86670.7369,2,86670.7369,1,41679.2782
878,2012-10-01,62,4,108177.7396,2,42460.6161,1,9146.6459
882,2012-10-01,154,3,89259.8604,1,14076.1511,0,0.0
886,2012-10-01,62,1,780.8182,1,780.8182,1,780.8182
892,2012-10-01,1,2,2529.0176,2,2529.0176,1,20.52
896,2012-10-01,154,3,20156.3281,1,3847.1761,0,0.0
898,2012-10-01,93,4,7314.5188,1,2180.4192,0,0.0
900,2012-10-01,1,5,54467.0945,2,1571.1236999999999,1,314.4612
902,2012-10-01,62,1,91.176,1,91.176,1,91.176
908,2012-10-01,32,4,24703.6388,2,9346.7985,1,2960.1511
912,2012-10-01,62,1,91.176,1,91.176,1,91.176
914,2012-10-01,93,4,5958.6359,1,469.794,0,0.0
916,2012-10-01,1,2,2391.4815,2,2391.4815,1,20.1865
926,2012-10-01,154,3,75270.8439,1,3894.2405,0,0.0
928,2012-10-01,62,1,37479.6554,1,37479.6554,1,37479.6554
930,2012-10-01,32,2,4952.2748,2,4952.2748,1,2024.5486
932,2012-10-01,32,2,197316.2835,2,197316.2835,1,99514.5024
938,2012-10-01,62,1,65.6018,1,65.6018,1,65.6018
944,2012-10-01,32,2,17277.7995,2,17277.7995,1,9304.4953
948,2012-10-01,1,2,21461.7328,2,21461.732799999998,1,3259.0306
950,2012-10-01,62,1,5717.1308,1,5717.1308,1,5717.1308
952,2012-10-01,32,2,300.2438,2,300.2438,1,269.964
954,2012-10-01,32,2,110944.5756,2,110944.57560000001,1,48434.2657
958,2012-10-01,1,2,17956.1581,2,17956.1581,1,10151.684
960,2012-10-01,1,3,1977.9065,1,202.332,1,202.332
962,2012-10-01,1,2,3124.7266,2,3124.7266,1,2143.8403
964,2012-10-01,1,5,123165.9507,2,2479.4378,1,2458.9178
966,2012-10-01,62,4,2284.8458,2,571.134,1,214.236
970,2012-10-01,1,5,133271.7067,2,88528.6154,1,31147.1853
976,2012-10-01,1,2,80593.3108,2,80593.3108,1,34271.4228
978,2012-10-01,62,1,103226.8852,1,103226.8852,1,103226.8852
982,2012-10-01,32,2,61153.7798,2,61153.779800000004,1,18715.3153
986,2012-10-01,1,2,28359.5083,2,28359.5083,1,11547.357
988,2012-10-01,1,2,16094.6428,2,16094.6428,1,7573.9797
992,2012-10-01,93,1,164.4279,1,164.4279,0,0.0
998,2012-10-01,62,4,42407.4011,2,22015.8207,1,16422.5436
1002,2012-10-01,32,2,9123.7378,2,9123.737799999999,1,3604.1268
1012,2012-10-01,154,3,11250.2604,1,2555.9668,0,0.0
1014,2012-10-01,62,1,28923.1085,1,28923.1085,1,28923.1085
1016,2012-10-01,62,4,77712.1627,2,10528.7015,1,7619.5865
1018,2012-10-01,32,4,106822.0343,2,9063.255000000001,1,1692.4137
1026,2012-10-01,62,1,17147.1425,1,17147.1425,1,17147.1425
1028,2012-10-01,1,2,11922.3433,2,11922.3433,1,4162.9556
1032,2012-10-01,1,5,315018.353,2,149567.4955,1,72224.6384
1034,2012-10-01,1,2,2103.1842,2,2103.1842,1,1308.9375
1040,2012-10-01,62,1,26509.1108,1,26509.1108,1,26509.1108
1044,2012-10-01,32,3,51606.6964,1,65.6018,1,65.6018
1046,2012-10-01,32,4,161563.0448,2,70270.293,1,33129.1617
1048,2012-10-01,32,1,383.052,1,383.052,1,383.052
1050,2012-10-01,32,4,236445.5584,2,181579.4001,1,82582.8222
1052,2012-10-01,1,2,79068.9464,2,79068.9464,1,40041.8772
1056,2012-10-01,1,3,3886.3961,1,1720.802,1,1720.802
1062,2012-10-01,62,1,469.794,1,469.794,1,469.794
1064,2012-10-01,62,1,4709.2037,1,4709.2037,1,4709.2037
1066,2012-10-01,62,4,143546.2446,2,56964.90030000001,1,34385.2153
1068,2012-10-01,1,2,1336.361,2,1336.361,1,20.1865
1070,2012-10-01,1,2,124044.2903,2,124044.2903,1,64525.5304
1074,2012-10-01,62,1,379.467,1,379.467,1,379.467
1082,2012-10-01,62,2,1694.8719,1,1674.6854,1,1674.6854
1086,2012-10-01,32,4,143968.2791,2,97968.2837,1,47948.7516
1090,2012-10-01,1,5,78882.3891,2,6508.4235,1,2526.5694
1092,2012-10-01,62,1,780.8182,1,780.8182,1,780.8182
1096,2012-10-01,32,2,1633.3902,2,1633.3902,1,1308.9375
1102,2012-10-01,1,2,6591.812400000001,2,6591.812400000001,1,2449.1909
1108,2012-10-01,1,5,194317.7501,2,103919.6124,1,49789.1608
1112,2012-10-01,93,1,196.329,1,196.329,0,0.0
1114,2012-10-01,62,1,15445.5784,1,15445.5784,1,15445.5784
1116,2012-10-01,1,2,1696.1436,2,1696.1435999999999,1,67.539
1118,2012-10-01,124,2,2790.7539,1,2371.295,0,0.0
1120,2012-10-01,154,2,5146.3219,1,3887.9452,0,0.0
1128,2012-10-01,32,1,183.9382,1,183.9382,1,183.9382
1132,2012-10-01,62,1,2779.8855,1,2779.8855,1,2779.8855
1134,2012-10-01,1,5,27953.0033,2,15923.3552,1,5887.3122
1136,2012-10-01,93,4,35911.356499999994,1,53.994,0,0.0
1138,2012-10-01,32,2,126.89419999999998,2,126.89419999999998,1,40.373
1142,2012-10-01,1,2,11207.0267,2,11207.0267,1,7980.9201
1148,2012-10-01,154,3,5944.177000000001,1,1677.8356,0,0.0
1150,2012-10-01,62,1,6066.4671,1,6066.4671,1,6066.4671
1154,2012-10-01,32,2,3125.8692,2,3125.8692,1,648.9054
1156,2012-10-01,1,2,14005.7944,2,14005.794399999999,1,3920.3085
1162,2012-10-01,32,2,10192.1017,2,10192.1017,1,5360.1565
1164,2012-10-01,1,5,120380.3175,2,36670.2046,1,14288.7081
1168,2012-10-01,62,1,684.03,1,684.03,1,684.03
1170,2012-10-01,62,4,83773.8907,2,25586.9584,1,1308.9375
1174,2012-10-01,1,5,278206.0667,2,105200.1544,1,47836.8929
1182,2012-10-01,1,5,185231.1459,2,97332.5293,1,49578.7581
1184,2012-10-01,32,4,162388.4724,2,108947.93460000001,1,47238.6521
1186,2012-10-01,32,4,4404.8702,2,142.6325,1,70.6445
1188,2012-10-01,62,1,32887.0262,1,32887.0262,1,32887.0262
1192,2012-10-01,1,5,89956.1801,2,1022.1161999999999,1,642.6492
1200,2012-10-01,1,2,99256.782,2,99256.782,1,47151.2741
1202,2012-10-01,1,2,83775.1798,2,83775.1798,1,42754.9923
1204,2012-10-01,62,4,10029.99,2,4758.139999999999,1,3613.6431
1214,2012-10-01,1,5,249917.7472,2,72009.8933,1,39124.5205
1216,2012-10-01,62,1,469.794,1,469.794,1,469.794
1218,2012-10-01,62,1,3147.5673,1,3147.5673,1,3147.5673
1220,2012-10-01,1,2,75117.57990000001,2,75117.57990000001,1,36513.5572
1234,2012-10-01,32,2,66365.9596,2,66365.9596,1,29157.5473
1236,2012-10-01,1,2,71528.1057,2,71528.1057,1,38319.8765
1242,2012-10-01,1,2,116789.4821,2,116789.4821,1,60818.3513
1244,2012-10-01,154,2,1433.0819,1,955.2013,0,0.0
1246,2012-10-01,62,3,5724.6466,2,1674.6586,1,245.25
1254,2012-10-01,1,2,102676.4816,2,102676.4816,1,44297.9357
1256,2012-10-01,32,2,1575.5911999999998,2,1575.5911999999998,1,51.0518
1258,2012-10-01,154,3,179421.5853,1,58977.1342,0,0.0
1266,2012-10-01,1,2,163447.5321,2,163447.5321,1,79066.7942
1270,2012-10-01,1,5,141421.4671,2,1133.6577,1,209.256
1274,2012-10-01,62,1,635.025,1,635.025,1,635.025
1278,2012-10-01,62,1,37284.7428,1,37284.7428,1,37284.7428
1280,2012-10-01,1,4,1893.9202,2,687.126,1,217.332
1290,2012-10-01,1,2,76269.0082,2,76269.0082,1,35291.1994
1294,2012-10-01,32,2,92325.0186,2,92325.01860000001,1,35142.7647
1296,2012-10-01,62,4,135549.8779,2,62661.693799999994,1,49342.2867
1308,2012-10-01,154,2,2711.9676,1,419.4589,0,0.0
1310,2012-10-01,93,4,127876.8995,1,2485.7036,0,0.0
1312,2012-10-01,1,5,101051.5637,2,51161.1463,1,23268.741
1316,2012-10-01,1,2,85689.2397,2,85689.2397,1,39668.0599
1320,2012-10-01,1,2,2479.4378,2,2479.4378,1,20.52
1322,2012-10-01,62,4,125560.1694,2,63342.3166,1,50212.8485
1324,2012-10-01,62,1,817.503,1,817.503,1,817.503
1326,2012-10-01,93,1,324.4527,1,324.4527,0,0.0
1328,2012-10-01,1,2,76796.5063,2,76796.5063,1,36396.9284
1330,2012-10-01,62,1,62505.2769,1,62505.2769,1,62505.2769
1332,2012-10-01,1,5,180981.6719,2,86799.9705,1,38499.6136
1334,2012-10-01,62,1,56590.5553,1,56590.5553,1,56590.5553
1336,2012-10-01,62,1,129261.254,1,129261.254,1,129261.254
1338,2012-10-01,124,3,72502.2876,1,209.256,0,0.0
1340,2012-10-01,62,1,602.7,1,602.7,1,602.7
1344,2012-10-01,1,5,52615.721,2,794.2466999999999,1,469.794
1346,2012-10-01,62,1,2685.8932,1,2685.8932,1,2685.8932
1350,2012-10-01,1,5,96707.7414,2,45397.0595,1,18768.9736
1356,2012-10-01,62,4,200722.1369,2,111451.74859999999,1,65150.7457
1358,2012-10-01,154,3,120527.0767,1,48748.8054,0,0.0
1362,2012-10-01,1,4,6360.1648,2,216.102,1,35.994
1364,2012-10-01,62,4,23563.2394,2,5895.6967,1,231.1724
1368,2012-10-01,62,1,2443.283,1,2443.283,1,2443.283
1372,2012-10-01,32,4,19806.1548,2,13406.6427,1,7719.321
1376,2012-10-01,62,1,11476.4056,1,11476.4056,1,11476.4056
1378,2012-10-01,62,1,10719.3352,1,10719.3352,1,10719.3352
1386,2012-10-01,62,1,1116.925,1,1116.925,1,1116.925
1388,2012-10-01,32,2,24361.1395,2,24361.139499999997,1,9845.1474
1392,2012-10-01,62,4,11711.4349,2,10028.4128,1,3934.0566
1394,2012-10-01,1,2,6002.4238,2,6002.4238,1,654.82
1398,2012-10-01,1,2,31670.5096,2,31670.5096,1,11173.6908
1400,2012-10-01,1,2,15947.003,2,15947.003,1,8724.1741
1406,2012-10-01,1,5,16252.6992,2,13016.5288,1,8206.4946
1408,2012-10-01,1,1,1141.92,1,1141.92,1,1141.92
1410,2012-10-01,1,2,1790.4627,2,1790.4627,1,1466.01
1412,2012-10-01,1,1,67.549,1,67.549,1,67.549
1414,2012-10-01,32,4,158902.09269999998,2,102625.7654,1,43386.8027
1416,2012-10-01,1,2,1123.5262,2,1123.5262,1,939.588
1418,2012-10-01,32,4,267647.0711,2,193981.1472,1,73798.9622
1422,2012-10-01,1,2,84998.51310000001,2,84998.51310000001,1,36304.538
1424,2012-10-01,1,2,163005.7536,2,163005.7536,1,87654.2364
1426,2012-10-01,62,1,140078.3959,1,140078.3959,1,140078.3959
1428,2012-10-01,32,2,794.2466999999999,2,794.2466999999999,1,324.4527
1430,2012-10-01,32,2,161853.6496,2,161853.6496,1,60516.8114
1444,2012-10-01,62,1,4493.5622,1,4493.5622,1,4493.5622
1450,2012-10-01,1,2,32359.7808,2,32359.7808,1,15617.7534
1456,2012-10-01,1,5,32917.0623,2,14558.1666,1,5637.528
1458,2012-10-01,1,5,9802.4214,2,4661.286,1,2014.254
1460,2012-10-01,154,3,15007.2845,1,5529.9046,0,0.0
1466,2012-10-01,1,1,1229.4589,1,1229.4589,1,1229.4589
1468,2012-10-01,1,2,12829.3087,2,12829.308700000001,1,3025.7355
1470,2012-10-01,32,2,1261.4082,2,1261.4082,1,113.97
1472,2012-10-01,62,1,9680.119,1,9680.119,1,9680.119
1478,2012-10-01,1,5,13932.3875,2,7880.5819,1,2818.764
1480,2012-10-01,1,2,5904.5399,2,5904.5399,1,242.2492
1486,2012-10-01,1,2,29218.7076,2,29218.7076,1,14563.614
1796,2012-10-01,1,2,7412.801299999999,2,7412.801299999999,1,3048.5294
1798,2012-10-01,62,1,19717.9571,1,19717.9571,1,19717.9571
1802,2012-10-01,1,2,18484.3118,2,18484.3118,1,3923.9585
1816,2012-10-01,62,1,8057.6592,1,8057.6592,1,8057.6592
1822,2012-10-01,32,2,10981.9439,2,10981.9439,1,5033.644
1826,2012-10-01,32,2,2418.8216,2,2418.8216,1,40.373
1828,2012-10-01,1,5,6611.0632000000005,2,929.8492000000001,1,780.8182
1830,2012-10-01,62,1,72301.9511,1,72301.9511,1,72301.9511
1832,2012-10-01,1,2,85925.97869999999,2,85925.97869999999,1,32755.9308
1834,2012-10-01,1,2,92038.2161,2,92038.21609999999,1,43496.3848
1836,2012-10-01,62,1,48267.602,1,48267.602,1,48267.602
1838,2012-10-01,1,1,14.1289,1,14.1289,1,14.1289
1840,2012-10-01,32,2,159424.5312,2,159424.5312,1,66707.6253
1842,2012-10-01,62,1,74487.755,1,74487.755,1,74487.755
1844,2012-10-01,62,1,101725.1038,1,101725.1038,1,101725.1038
1858,2012-10-01,1,2,79507.88029999999,2,79507.88029999999,1,40134.6567
1862,2012-10-01,32,2,1777.2584000000002,2,1777.2584000000002,1,1409.382
1864,2012-10-01,1,4,10797.2585,2,672.2885,1,647.994
1868,2012-10-01,1,2,90424.2938,2,90424.2938,1,35564.8016
1876,2012-10-01,62,2,1740.2172,2,1740.2172,1,1561.6364
1878,2012-10-01,32,2,77937.3125,2,77937.3125,1,41365.4632
1882,2012-10-01,32,4,133094.0588,2,73105.3276,1,30842.6667
1884,2012-10-01,154,2,603.3971,1,419.4589,0,0.0
1896,2012-10-01,1,5,265142.738,2,185543.20500000002,1,95370.5312
1898,2012-10-01,32,2,64574.0184,2,64574.0184,1,28874.4471
1900,2012-10-01,1,5,165950.8988,2,94337.9989,1,44025.5899
1902,2012-10-01,93,1,165.231,1,165.231,0,0.0
1916,2012-10-01,62,1,60281.31,1,60281.31,1,60281.31
1924,2012-10-01,1,2,306.8661,2,306.8661,1,273.0916
1930,2012-10-01,154,3,54155.9885,1,12497.2834,0,0.0
1934,2012-10-01,154,3,79382.0748,1,29522.6946,0,0.0
1944,2012-10-01,1,2,98134.3588,2,98134.35879999999,1,47221.4229
1946,2012-10-01,1,5,82663.4618,2,653.7321999999999,1,183.9382
1948,2012-10-01,32,2,59599.3147,2,59599.3147,1,26305.4643
1952,2012-10-01,124,1,24.2945,1,24.2945,0,0.0
1962,2012-10-01,1,2,235385.6191,2,235385.6191,1,87994.6863
1964,2012-10-01,32,2,2747.7885,2,2747.7885,1,1308.9375
1966,2012-10-01,62,1,26523.0027,1,26523.0027,1,26523.0027
1968,2012-10-01,62,4,68623.6011,2,27865.150700000002,1,4868.6565
1970,2012-10-01,1,5,182259.7172,2,72337.4048,1,34148.3461
1972,2012-10-01,1,2,91824.0894,2,91824.0894,1,38408.1469
1976,2012-10-01,32,2,119714.521,2,119714.52100000001,1,48997.224
1978,2012-10-01,62,1,881.0367,1,881.0367,1,881.0367
1982,2012-10-01,1,2,180271.228,2,180271.228,1,86679.6063
1984,2012-10-01,62,1,38818.229,1,38818.229,1,38818.229
1986,2012-10-01,32,2,2626.8599,2,2626.8599,1,348.7055
1988,2012-10-01,1,2,3307.6587,2,3307.6587,1,2618.892
1992,2012-10-01,1,5,340528.7645,2,186618.783,1,100216.5341
1994,2012-10-01,62,1,39477.7558,1,39477.7558,1,39477.7558
292,2013-01-01,63,4,65177.168,2,59992.1832,1,32562.6538
296,2013-01-01,63,4,230735.6775,2,115676.75469999999,1,54184.2506
298,2013-01-01,63,4,22003.8894,2,4754.968699999999,1,2485.7036
302,2013-01-01,32,4,30518.9743,2,2206.4479,1,1394.0205
304,2013-01-01,63,2,6181.7913,2,6181.7913,1,4069.2518
308,2013-01-01,63,1,20.52,1,20.52,1,20.52
312,2013-01-01,63,2,746.8894,1,24.2945,1,24.2945
318,2013-01-01,32,4,265936.5862,2,144486.8774,1,71599.4665
324,2013-01-01,63,2,76215.4196,2,76215.4196,1,32197.4623
326,2013-01-01,32,3,598.641,2,418.512,1,209.256
332,2013-01-01,93,2,5281.7027,1,4038.8509,0,0.0
340,2013-01-01,1,5,263035.94550000003,2,59987.159700000004,1,23586.0261
342,2013-01-01,63,4,3208.0765,2,704.2165,1,489.9805
344,2013-01-01,1,5,202777.6034,2,93510.0951,1,44130.0247
348,2013-01-01,1,4,69305.3807,1,141.615,1,141.615
352,2013-01-01,1,3,148670.6653,2,85017.2721,1,40433.3035
356,2013-01-01,1,4,127096.5327,1,10532.3468,1,10532.3468
366,2013-01-01,32,3,16948.4192,2,9943.9191,1,3758.352
368,2013-01-01,1,5,104234.3954,2,14677.884,1,7736.0481
370,2013-01-01,1,5,219829.2882,2,72133.41440000001,1,31128.3693
372,2013-01-01,1,5,327015.637,2,129138.7495,1,62702.5353
382,2013-01-01,63,2,784.2007000000001,2,784.2007000000001,1,600.2625
386,2013-01-01,63,2,7814.8432,2,7814.8432,1,3457.9857
388,2013-01-01,63,4,40443.1469,2,16067.599,1,7046.91
390,2013-01-01,124,1,2485.7036,1,2485.7036,0,0.0
392,2013-01-01,32,4,30747.1843,2,8091.9735,1,4228.146
398,2013-01-01,63,2,4980.615400000001,2,4980.615400000001,1,2458.9178
406,2013-01-01,63,1,383.052,1,383.052,1,383.052
412,2013-01-01,1,5,25600.4348,2,11987.706999999999,1,7046.91
414,2013-01-01,1,3,30818.4603,2,15513.574400000001,1,6375.2345
418,2013-01-01,1,4,3917.5912,2,1712.4682,1,209.256
422,2013-01-01,1,3,70829.2566,2,53682.71399999999,1,20038.3553
428,2013-01-01,1,3,30403.936500000003,2,10859.9056,1,2641.2698
432,2013-01-01,63,2,108212.0403,2,108212.0403,1,51394.2049
440,2013-01-01,32,4,110506.5218,2,50276.3229,1,21705.4863
452,2013-01-01,1,5,9923.7538,2,3477.1598999999997,1,1879.176
466,2013-01-01,1,5,33714.491,2,1434.6049,1,68.382
472,2013-01-01,63,2,99106.838,2,99106.838,1,44305.4838
474,2013-01-01,1,3,150135.2525,2,82390.0761,1,22820.8449
478,2013-01-01,63,4,301678.2118,2,180065.76020000002,1,67778.5075
484,2013-01-01,124,2,527.4748,1,469.794,0,0.0
492,2013-01-01,63,2,4713.909900000001,2,4713.909900000001,1,4425.7929
494,2013-01-01,1,3,5757.7325,2,3415.2779,1,1416.8495
496,2013-01-01,32,4,19995.6833,2,8012.7636,1,4228.146
498,2013-01-01,1,5,63567.9319,2,16460.2222,1,5054.5996
504,2013-01-01,63,2,2505.8901,2,2505.8900999999996,1,1242.8518
506,2013-01-01,63,2,7686.8721,2,7686.8721,1,3423.9685
510,2013-01-01,63,2,218.7049,2,218.7049,1,164.7109
512,2013-01-01,63,4,24671.7941,2,11790.9248,1,3839.7654
516,2013-01-01,63,2,70400.4406,2,70400.4406,1,35418.1338
518,2013-01-01,32,4,257638.862,2,138867.33409999998,1,63864.7068
520,2013-01-01,63,4,50032.2097,2,653.7321999999999,1,183.9382
524,2013-01-01,1,2,2180.3489,1,647.994,1,647.994
526,2013-01-01,63,2,766.794,2,766.794,1,275.388
534,2013-01-01,32,3,154657.3032,2,83382.766,1,30663.3284
536,2013-01-01,1,4,2898.2358,2,1966.3849,1,1877.4529
540,2013-01-01,1,2,3290.2311,1,736.1455,1,736.1455
544,2013-01-01,63,4,34130.7719,2,20398.762499999997,1,9342.1184
546,2013-01-01,1,3,2367.472,2,1497.7842999999998,1,343.996
548,2013-01-01,32,3,261102.8691,2,172413.2266,1,85919.8459
556,2013-01-01,1,3,20159.0532,2,11705.7433,1,4228.146
558,2013-01-01,124,2,1666.8438,1,40.373,0,0.0
560,2013-01-01,63,2,15123.477600000002,2,15123.477600000002,1,8699.9626
562,2013-01-01,1,3,128377.9664,2,70143.34719999999,1,22577.6026
568,2013-01-01,32,3,1560.699,2,912.705,1,647.994
570,2013-01-01,32,3,93824.9007,2,56174.6336,1,26692.5733
574,2013-01-01,32,2,4736.1354,1,469.794,1,469.794
584,2013-01-01,32,3,4111.8383,2,587.8086000000001,1,403.8704
590,2013-01-01,32,3,23861.4895,2,10767.1929,1,3847.9347
592,2013-01-01,32,4,351188.4604,2,131470.9395,1,53989.976
598,2013-01-01,1,3,274221.0413,2,169339.0999,1,74205.0084
600,2013-01-01,1,5,240901.4125,2,93707.0056,1,50262.906
602,2013-01-01,1,3,144520.7627,2,95036.14259999999,1,42740.6653
604,2013-01-01,93,2,1770.2352,1,325.8977,0,0.0
608,2013-01-01,1,5,25203.6048,2,5236.951599999999,1,205.146
610,2013-01-01,93,1,6214.259,1,6214.259,0,0.0
612,2013-01-01,63,3,34838.361,1,2485.7036,1,2485.7036
620,2013-01-01,1,2,4320.6758,2,4320.6758,1,4085.4098
622,2013-01-01,1,3,102691.2094,2,39595.7814,1,17060.9144
628,2013-01-01,1,3,1361.5898000000002,2,1295.988,1,647.994
634,2013-01-01,1,3,16398.2065,2,9865.673999999999,1,2348.97
638,2013-01-01,63,2,10398.3536,2,10398.353599999999,1,1788.1822
640,2013-01-01,32,3,13245.2607,2,9463.419,1,3288.558
642,2013-01-01,63,4,127118.3656,2,102012.7663,1,42720.336
648,2013-01-01,63,4,288884.0666,2,184270.8997,1,87693.7567
658,2013-01-01,63,2,1272.3885,2,1272.3885,1,1070.0565
662,2013-01-01,32,4,294256.6,2,145524.85080000001,1,46261.8667
664,2013-01-01,32,3,152685.42190000002,2,86963.7432,1,35765.7551
668,2013-01-01,63,4,151136.7341,2,75672.9504,1,36305.9355
672,2013-01-01,63,4,140109.3983,2,92523.7428,1,48509.9926
684,2013-01-01,32,3,21225.1486,2,9084.8863,1,1548.5749
692,2013-01-01,32,3,98060.251,2,52995.9843,1,23264.4941
694,2013-01-01,154,3,25885.4643,1,149.031,0,0.0
700,2013-01-01,1,2,2715.3412,1,1229.4589,1,1229.4589
702,2013-01-01,63,2,24006.6567,2,24006.6567,1,11075.418
710,2013-01-01,1,3,35821.018800000005,2,17876.3784,1,10335.468
716,2013-01-01,63,4,18665.1578,2,11239.6139,1,4039.3958
722,2013-01-01,124,1,469.794,1,469.794,0,0.0
726,2013-01-01,63,3,2270.6447,2,1367.0103,1,107.2672
728,2013-01-01,1,5,25253.0151,2,6020.120999999999,1,1409.382
732,2013-01-01,1,3,13748.6048,2,8252.603799999999,1,4697.94
734,2013-01-01,63,2,8661.991,2,8661.991,1,3711.1707
738,2013-01-01,1,5,45051.9807,2,2846.4158,1,136.764
744,2013-01-01,32,3,25629.6684,2,15156.6074,1,8742.9763
746,2013-01-01,1,3,38336.077000000005,2,22482.4624,1,7986.498
752,2013-01-01,63,4,32115.4797,2,22706.057399999998,1,10080.9959
762,2013-01-01,32,3,218611.2943,2,109357.8689,1,37020.0401
764,2013-01-01,63,4,151044.1625,2,70035.7528,1,30063.6207
766,2013-01-01,1,2,8367.497,1,8158.241,1,8158.241
768,2013-01-01,32,3,145705.0924,2,73573.11,1,29407.0435
776,2013-01-01,63,2,1108.5087,2,1108.5087,1,324.4527
780,2013-01-01,1,5,103270.9374,2,44483.2929,1,23623.3817
782,2013-01-01,1,3,80727.0523,2,40841.479,1,6123.1246
786,2013-01-01,63,2,246607.153,2,246607.153,1,100452.5877
788,2013-01-01,63,4,124199.6126,2,77903.6649,1,30032.4467
790,2013-01-01,1,5,257929.4928,2,89437.7783,1,38334.652
792,2013-01-01,32,3,143915.3599,2,80681.6882,1,36874.6869
794,2013-01-01,1,5,206764.5025,2,65229.111999999994,1,20987.1856
798,2013-01-01,63,2,183293.8592,2,183293.8592,1,79994.1743
802,2013-01-01,63,2,9727.4908,2,9727.4908,1,3027.3802
808,2013-01-01,1,3,198487.2377,2,109213.55840000001,1,43071.7873
812,2013-01-01,63,4,153798.7393,2,95791.65539999999,1,44080.9805
814,2013-01-01,63,4,317507.3898,2,210685.29690000002,1,97962.4024
816,2013-01-01,1,5,407433.5041,2,176526.2375,1,79070.5683
818,2013-01-01,1,3,49008.312,1,209.256,1,209.256
820,2013-01-01,32,4,26148.0318,2,1376.4765,1,1308.9375
822,2013-01-01,1,2,1607.418,2,1607.4180000000001,1,198.036
826,2013-01-01,63,4,6335.6836,2,1307.6029,1,983.1502
828,2013-01-01,63,4,316681.8038,2,178895.04700000002,1,89561.754
832,2013-01-01,1,5,186628.455,2,81661.5179,1,35380.64
836,2013-01-01,63,1,1409.382,1,1409.382,1,1409.382
844,2013-01-01,63,1,2283.84,1,2283.84,1,2283.84
846,2013-01-01,1,5,28523.6174,2,14240.121500000001,1,3995.3819
848,2013-01-01,1,3,94741.7741,2,48896.322499999995,1,24252.0932
852,2013-01-01,32,4,137631.3086,2,59033.69069999999,1,24351.9855
862,2013-01-01,63,2,86062.26150000001,2,86062.26150000001,1,30460.4065
864,2013-01-01,154,3,30141.687,1,202.332,0,0.0
872,2013-01-01,63,2,2479.4378,2,2479.4378,1,2458.9178
874,2013-01-01,32,3,126901.7169,2,81910.25820000001,1,40230.98
878,2013-01-01,63,4,76367.9387,2,20231.1881,1,11084.5422
880,2013-01-01,32,2,3712.7038,1,647.994,1,647.994
886,2013-01-01,154,1,780.8182,1,780.8182,0,0.0
892,2013-01-01,1,3,2738.2736,2,229.776,1,209.256
900,2013-01-01,1,5,28259.2575,2,474.0192,1,159.558
902,2013-01-01,63,2,159.558,2,159.558,1,68.382
908,2013-01-01,32,4,22033.5609,2,5778.9151,1,2818.764
912,2013-01-01,154,1,91.176,1,91.176,0,0.0
916,2013-01-01,93,2,2391.4815,1,20.1865,0,0.0
920,2013-01-01,1,1,22.794,1,22.794,1,22.794
928,2013-01-01,63,2,72730.6619,2,72730.6619,1,35251.0065
930,2013-01-01,32,3,6451.4426,2,3523.7164000000002,1,1499.1678
932,2013-01-01,32,3,278173.4175,2,180371.63640000002,1,80857.134
938,2013-01-01,63,2,665.8643000000001,2,665.8643000000001,1,600.2625
944,2013-01-01,32,3,21505.9455,2,13532.6413,1,4228.146
948,2013-01-01,1,3,22873.5437,2,4670.8415,1,1411.8109
950,2013-01-01,63,2,11354.6588,2,11354.658800000001,1,5637.528
952,2013-01-01,124,2,300.2438,1,269.964,0,0.0
954,2013-01-01,32,3,139007.8327,2,76497.5228,1,28063.2571
958,2013-01-01,1,3,38034.4132,2,30229.939099999996,1,20078.2551
960,2013-01-01,93,2,1041.2498,1,202.332,0,0.0
962,2013-01-01,1,3,27741.9719,2,26761.0856,1,24617.2453
964,2013-01-01,93,4,81132.1446,1,2458.9178,0,0.0
966,2013-01-01,63,4,2855.31,2,1623.618,1,1409.382
970,2013-01-01,1,5,131927.4759,2,46309.096900000004,1,15161.9116
976,2013-01-01,1,3,103690.329,2,57368.441,1,23097.0182
978,2013-01-01,63,2,173238.28519999998,2,173238.28519999998,1,70011.4
982,2013-01-01,32,3,65956.1138,2,23517.649299999997,1,4802.334
986,2013-01-01,1,3,33528.077900000004,2,16715.9266,1,5168.5696
988,2013-01-01,1,3,21732.1708,2,13211.5077,1,5637.528
998,2013-01-01,63,4,40803.2815,2,29108.6224,1,12686.0788
1002,2013-01-01,32,3,12412.2958,2,6892.6848,1,3288.558
1014,2013-01-01,63,2,42208.9617,2,42208.9617,1,13285.8532
1016,2013-01-01,63,4,46004.2205,2,10665.2015,1,3045.615
1018,2013-01-01,32,4,69441.5952,2,2967.4606000000003,1,1275.0469
1026,2013-01-01,63,2,25068.8885,2,25068.8885,1,7921.746
1028,2013-01-01,1,3,13242.9782,2,5483.5905,1,1320.6349
1032,2013-01-01,1,5,313824.7287,2,138489.96970000002,1,66265.3313
1034,2013-01-01,1,3,2593.1647000000003,2,1798.9180000000001,1,489.9805
1040,2013-01-01,63,2,53124.3208,2,53124.3208,1,26615.21
1044,2013-01-01,124,2,29373.6405,1,65.6018,0,0.0
1046,2013-01-01,32,4,124286.3434,2,69113.6116,1,35984.4499
1048,2013-01-01,32,2,1010.82,2,1010.82,1,627.768
1050,2013-01-01,32,4,296800.7702,2,162680.8172,1,80097.995
1052,2013-01-01,1,3,103784.3083,2,64757.239100000006,1,24715.3619
1056,2013-01-01,1,3,2854.0183,2,2139.314,1,418.512
1062,2013-01-01,63,2,667.8299999999999,2,667.8299999999999,1,198.036
1064,2013-01-01,63,2,5500.1379,2,5500.1379,1,790.9342
1066,2013-01-01,63,4,150166.369,2,70619.5522,1,36234.3369
1068,2013-01-01,93,2,1336.361,1,20.1865,0,0.0
1070,2013-01-01,1,3,190732.7335,2,131213.9736,1,66688.4432
1074,2013-01-01,154,1,379.467,1,379.467,0,0.0
1082,2013-01-01,63,3,2846.949,2,2826.7625,1,1152.0771
1086,2013-01-01,32,4,166732.7648,2,90028.2371,1,42079.4855
1090,2013-01-01,1,5,49365.01,2,3104.3514,1,577.782
1092,2013-01-01,154,1,780.8182,1,780.8182,0,0.0
1096,2013-01-01,32,3,2103.1842,2,1778.7314999999999,1,469.794
1102,2013-01-01,93,2,6591.812400000001,1,2449.1909,0,0.0
1106,2013-01-01,63,1,65.6018,1,65.6018,1,65.6018
1108,2013-01-01,1,5,210733.8143,2,100742.4828,1,50953.322
1112,2013-01-01,1,2,1439.1808,1,1242.8518,1,1242.8518
1114,2013-01-01,63,2,20002.0029,2,20002.0029,1,4556.4245
1116,2013-01-01,93,2,1696.1436,1,67.539,0,0.0
1128,2013-01-01,124,1,183.9382,1,183.9382,0,0.0
1132,2013-01-01,63,2,2850.2179,2,2850.2178999999996,1,70.3324
1134,2013-01-01,1,5,29819.1772,2,12464.4282,1,6577.116
1138,2013-01-01,124,2,126.89419999999998,1,40.373,0,0.0
1142,2013-01-01,1,3,16238.8323,2,13012.725699999999,1,5031.8056
1150,2013-01-01,63,2,10362.6806,2,10362.6806,1,4296.2135
1154,2013-01-01,124,2,3125.8692,1,648.9054,0,0.0
1156,2013-01-01,1,3,16533.0942,2,6447.6083,1,2527.2998
1162,2013-01-01,32,3,12823.9704,2,7992.0252,1,2631.8687
1164,2013-01-01,1,5,76398.402,2,19343.307699999998,1,5054.5996
1168,2013-01-01,63,2,930.4909,2,930.4909,1,246.4609
1170,2013-01-01,154,3,58141.8908,1,1308.9375,0,0.0
1174,2013-01-01,1,5,263105.6896,2,91231.3064,1,43394.4135
1182,2013-01-01,1,5,196055.5719,2,93260.59109999999,1,43681.833
1184,2013-01-01,32,4,178021.4647,2,86818.1318,1,39579.4797
1186,2013-01-01,32,4,3439.788,2,485.0852,1,414.4407
1188,2013-01-01,63,2,66444.6801,2,66444.6801,1,33557.6539
1192,2013-01-01,1,5,60649.0,2,1132.6297,1,489.9805
1200,2013-01-01,1,3,143860.7371,2,91755.2292,1,44603.9551
1202,2013-01-01,1,3,122769.2964,2,81749.10889999999,1,38994.1166
1204,2013-01-01,63,4,8290.9324,2,7077.2221,1,3463.579
1212,2013-01-01,63,1,736.1455,1,736.1455,1,736.1455
1214,2013-01-01,1,5,235401.6297,2,65706.0037,1,26581.4832
1216,2013-01-01,63,2,794.2466999999999,2,794.2466999999999,1,324.4527
1218,2013-01-01,63,2,4831.8251,2,4831.8251,1,1684.2578
1220,2013-01-01,1,3,113403.0655,2,74799.0428,1,38285.4856
1234,2013-01-01,32,3,91353.5461,2,54145.133799999996,1,24987.5865
1236,2013-01-01,1,3,105216.953,2,72008.7238,1,33688.8473
1242,2013-01-01,1,3,172701.4457,2,116730.3149,1,55911.9636
1246,2013-01-01,63,3,4615.5184,2,3186.1098,1,2940.8598
1254,2013-01-01,1,3,147346.2291,2,88967.6832,1,44669.7475
1256,2013-01-01,32,3,1773.5672,2,249.0278,1,197.976
1266,2013-01-01,1,3,245616.3183,2,161235.5804,1,82168.7862
1270,2013-01-01,1,5,67290.29669999999,2,472.506,1,263.25
1274,2013-01-01,63,2,818.9631999999999,2,818.9631999999999,1,183.9382
1278,2013-01-01,63,2,75520.4697,2,75520.4697,1,38235.7269
1280,2013-01-01,93,3,1526.0438,1,217.332,0,0.0
1288,2013-01-01,63,1,202.332,1,202.332,1,202.332
1290,2013-01-01,1,3,109285.1762,2,68307.36739999999,1,33016.168
1294,2013-01-01,32,3,101199.4256,2,44017.1717,1,8874.407
1296,2013-01-01,63,4,115437.4723,2,76600.6463,1,27258.3596
1310,2013-01-01,1,4,88774.2023,1,141.615,1,141.615
1312,2013-01-01,1,5,103113.5066,2,40763.1482,1,17494.4072
1316,2013-01-01,1,3,103471.5643,2,57450.3845,1,17782.3246
1320,2013-01-01,1,3,2554.2758000000003,2,95.35799999999999,1,74.838
1322,2013-01-01,63,4,137037.3956,2,87862.00940000001,1,37649.1609
1324,2013-01-01,63,2,5788.910199999999,2,5788.910199999999,1,4971.4072
1328,2013-01-01,1,3,96850.4979,2,56450.92,1,20053.9916
1330,2013-01-01,63,2,113539.9798,2,113539.9798,1,51034.7029
1332,2013-01-01,1,5,156372.6286,2,55759.476299999995,1,17259.8627
1334,2013-01-01,63,2,89689.9865,2,89689.9865,1,33099.4312
1336,2013-01-01,63,2,208261.6158,2,208261.6158,1,79000.3618
1340,2013-01-01,63,2,3053.8372,2,3053.8372,1,2451.1372
1344,2013-01-01,1,5,34995.753,2,721.2712,1,251.4772
1346,2013-01-01,63,2,5175.3476,2,5175.3476,1,2489.4544
1350,2013-01-01,1,5,88300.4823,2,29598.9943,1,10830.0207
1356,2013-01-01,63,4,191156.5181,2,115529.67259999999,1,50378.9269
1362,2013-01-01,1,4,1021.3283,2,772.1395,1,736.1455
1364,2013-01-01,63,4,13214.9968,2,276.1664,1,44.994
1368,2013-01-01,63,2,2483.656,2,2483.656,1,40.373
1372,2013-01-01,32,4,21026.3361,2,11947.467,1,4228.146
1376,2013-01-01,63,2,16184.2688,2,16184.2688,1,4707.8632
1378,2013-01-01,63,2,14476.0939,2,14476.0939,1,3756.7587
1386,2013-01-01,63,2,1299.277,2,1299.277,1,182.352
1388,2013-01-01,32,3,34226.813500000004,2,19710.8214,1,9865.674
1392,2013-01-01,63,4,13268.0462,2,5915.3133,1,1981.2567
1394,2013-01-01,1,3,7391.4407,2,2043.8369000000002,1,1389.0169
1398,2013-01-01,1,3,39161.233,2,18664.4142,1,7490.7234
1400,2013-01-01,1,3,20946.6135,2,13723.784599999999,1,4999.6105
1406,2013-01-01,1,5,15663.8794,2,8813.4906,1,606.996
1408,2013-01-01,93,1,1141.92,1,1141.92,0,0.0
1410,2013-01-01,1,3,2730.0507,2,2405.598,1,939.588
1412,2013-01-01,1,2,1310.4008,2,1310.4008,1,1242.8518
1414,2013-01-01,32,4,158888.028,2,67403.3128,1,24016.5101
1416,2013-01-01,1,3,1447.9789,2,1264.0407,1,324.4527
1418,2013-01-01,32,4,281590.6719,2,115464.72209999998,1,41665.7599
1422,2013-01-01,1,3,110123.1253,2,61429.150200000004,1,25124.6122
1424,2013-01-01,1,3,211749.0251,2,136397.5079,1,48743.2715
1426,2013-01-01,63,2,218835.194,2,218835.19400000002,1,78756.7981
1428,2013-01-01,32,3,1264.0407,2,794.2466999999999,1,469.794
1430,2013-01-01,32,3,180839.7261,2,79502.8879,1,18986.0765
1438,2013-01-01,1,3,25671.0273,1,1229.4589,1,1229.4589
1444,2013-01-01,63,2,7792.493200000001,2,7792.493200000001,1,3298.931
1450,2013-01-01,1,3,43634.8368,2,26892.8094,1,11275.056
1456,2013-01-01,1,5,39125.4107,2,18321.966,1,12684.438
1458,2013-01-01,1,5,10322.5505,2,2953.8419999999996,1,939.588
1466,2013-01-01,93,1,1229.4589,1,1229.4589,0,0.0
1468,2013-01-01,1,3,14149.9436,2,4346.3704,1,1320.6349
1470,2013-01-01,32,3,1306.9962,2,159.558,1,45.588
1472,2013-01-01,63,2,12275.8008,2,12275.8008,1,2595.6818
1478,2013-01-01,1,5,14531.7695,2,5167.734,1,2348.97
1480,2013-01-01,93,2,5904.5399,1,242.2492,0,0.0
1486,2013-01-01,1,3,40023.9696,2,25368.876,1,10805.262
1796,2013-01-01,1,3,10008.4831,2,5644.2112,1,2595.6818
1798,2013-01-01,63,2,32367.849,2,32367.849000000002,1,12649.8919
1802,2013-01-01,1,3,24591.633800000003,2,10031.2805,1,6107.322
1806,2013-01-01,1,1,1242.8518,1,1242.8518,1,1242.8518
1816,2013-01-01,63,2,16029.625,2,16029.625,1,7971.9658
1822,2013-01-01,32,3,18028.8539,2,12080.554,1,7046.91
1824,2013-01-01,1,1,469.794,1,469.794,1,469.794
1826,2013-01-01,124,2,2418.8216,1,40.373,0,0.0
1828,2013-01-01,1,5,5257.680300000001,2,1105.2709,1,324.4527
1830,2013-01-01,63,2,107718.9382,2,107718.9382,1,35416.9871
1832,2013-01-01,1,3,111636.601,2,58466.5531,1,25710.6223
1834,2013-01-01,1,3,117541.3642,2,68999.53289999999,1,25503.1481
1836,2013-01-01,63,2,79816.2487,2,79816.2487,1,31548.6467
1838,2013-01-01,1,2,686.3794,2,686.3794,1,672.2505
1840,2013-01-01,32,3,213869.4374,2,121152.5315,1,54444.9062
1842,2013-01-01,63,2,117354.2911,2,117354.2911,1,42866.5361
1844,2013-01-01,63,2,174683.81410000002,2,174683.81410000002,1,72958.7103
1858,2013-01-01,1,3,101751.2141,2,62377.9905,1,22243.3338
1862,2013-01-01,124,2,1777.2584000000002,1,1409.382,0,0.0
1864,2013-01-01,93,3,6747.2705,1,647.994,0,0.0
1868,2013-01-01,1,3,114944.3391,2,60084.846900000004,1,24520.0453
1876,2013-01-01,63,3,2376.0274,2,2197.4466,1,635.8102
1878,2013-01-01,32,3,108271.1033,2,71699.254,1,30333.7908
1882,2013-01-01,32,4,136843.6673,2,63002.1912,1,32159.5245
1896,2013-01-01,1,5,333603.7503,2,183817.32799999998,1,88446.7968
1898,2013-01-01,32,3,87530.3339,2,51830.7626,1,22956.3155
1900,2013-01-01,1,5,182562.1924,2,85538.72589999999,1,41513.136
1916,2013-01-01,63,2,109994.5387,2,109994.5387,1,49713.2287
1924,2013-01-01,1,3,711.7311,2,677.9566,1,404.865
1944,2013-01-01,1,3,140728.8123,2,89815.87640000001,1,42594.4535
1946,2013-01-01,1,5,55849.4109,2,1492.8757,1,1308.9375
1948,2013-01-01,32,3,80152.9087,2,46859.058300000004,1,20553.594
1952,2013-01-01,32,2,58.069,1,33.7745,1,33.7745
1960,2013-01-01,63,1,1529.5854,1,1529.5854,1,1529.5854
1962,2013-01-01,1,3,289303.2579,2,141912.32510000002,1,53917.6388
1964,2013-01-01,32,3,4647.151,2,3208.3,1,1899.3625
1966,2013-01-01,63,2,51202.6659,2,51202.6659,1,24679.6632
1968,2013-01-01,63,4,51077.0353,2,8918.303,1,4049.6465
1970,2013-01-01,1,5,164883.5653,2,59335.863,1,25187.5169
1972,2013-01-01,1,3,114948.3209,2,61532.3784,1,23124.2315
1976,2013-01-01,32,3,142557.8217,2,71840.52470000001,1,22843.3007
1978,2013-01-01,63,2,1131.8667,2,1131.8667,1,250.83
1982,2013-01-01,1,3,250435.7473,2,156844.1256,1,70164.5193
1984,2013-01-01,63,2,75083.94279999999,2,75083.94279999999,1,36265.7138
1986,2013-01-01,32,3,3505.2179,2,1227.0635,1,878.358
1988,2013-01-01,1,3,5146.9497,2,4458.183,1,1839.291
1992,2013-01-01,1,5,375493.4641,2,178796.6498,1,78580.1157
1994,2013-01-01,63,2,70739.6569,2,70739.6569,1,31261.9011
292,2013-04-01,63,4,85329.9454,2,56795.419200000004,1,24232.7654
296,2013-04-01,63,4,216827.6192,2,95256.093,1,41071.8424
298,2013-04-01,63,4,16331.117,2,4971.4072,1,2485.7036
302,2013-04-01,32,4,5071.5381,2,3525.8948,1,2131.8743
304,2013-04-01,63,3,6587.3763,2,4474.8368,1,405.585
308,2013-04-01,153,1,20.52,1,20.52,0,0.0
312,2013-04-01,63,3,1989.7412,2,1267.1462999999999,1,1242.8518
318,2013-04-01,32,4,274274.1898,2,120751.89809999999,1,49152.4316
324,2013-04-01,63,3,103191.2845,2,59173.3272,1,26975.8649
326,2013-04-01,122,3,598.641,1,209.256,0,0.0
332,2013-04-01,2,3,7786.2085,1,2504.5058,1,2504.5058
336,2013-04-01,2,1,149.031,1,149.031,1,149.031
340,2013-04-01,2,4,139659.6112,2,55844.760500000004,1,32258.7344
342,2013-04-01,153,3,1061.1145,1,489.9805,0,0.0
344,2013-04-01,2,4,189720.7097,2,91120.47469999999,1,46990.45
348,2013-04-01,2,3,3381.2525,2,922.3347,1,780.7197
352,2013-04-01,2,4,194423.137,2,86185.7752,1,45752.4717
356,2013-04-01,2,3,11767.5766,2,11426.5868,1,894.24
366,2013-04-01,32,4,21517.1162,2,8327.048999999999,1,4568.697
368,2013-04-01,2,4,37628.6418,2,14447.2457,1,6711.1976
370,2013-04-01,2,4,142030.7292,2,61038.0315,1,29909.6622
372,2013-04-01,2,4,270864.20160000003,2,132408.2899,1,69705.7546
382,2013-04-01,63,3,1253.9947000000002,2,1070.0565000000001,1,469.794
386,2013-04-01,63,3,9191.3197,2,4834.4622,1,1376.4765
388,2013-04-01,63,4,40076.8852,2,17382.378,1,10335.468
392,2013-04-01,32,4,28152.1695,2,8491.3156,1,4263.1696
398,2013-04-01,63,3,7520.2792,2,4998.5815999999995,1,2539.6638
406,2013-04-01,63,2,491.04,2,491.04,1,107.988
412,2013-04-01,2,4,24027.8658,2,12265.9595,1,5219.0495
414,2013-04-01,2,4,37488.9416,2,13045.7158,1,6670.4813
418,2013-04-01,91,3,1892.5972,1,209.256,0,0.0
422,2013-04-01,2,4,108158.6231,2,57367.7218,1,37329.3665
428,2013-04-01,2,4,33397.0922,2,5634.425499999999,1,2993.1557
430,2013-04-01,32,1,249.54,1,249.54,1,249.54
432,2013-04-01,63,3,155296.146,2,98478.3106,1,47084.1057
440,2013-04-01,32,4,116926.7595,2,60347.8039,1,38642.3176
452,2013-04-01,2,4,9669.7591,2,3758.352,1,1879.176
466,2013-04-01,2,4,11200.2977,2,3939.1107,1,3870.7287
472,2013-04-01,63,3,133324.8997,2,78523.54550000001,1,34218.0617
474,2013-04-01,2,4,191772.841,2,64458.433399999994,1,41637.5885
478,2013-04-01,63,4,259398.4224,2,104381.647,1,36603.1395
484,2013-04-01,32,3,572.4688,1,44.994,1,44.994
492,2013-04-01,63,3,5516.9394,2,5228.8224,1,803.0295
494,2013-04-01,2,4,7942.4078,2,3601.5248,1,2184.6753
496,2013-04-01,32,4,20041.9802,2,7730.706899999999,1,3502.5609
498,2013-04-01,2,4,26480.3956,2,8847.5452,1,3792.9456
504,2013-04-01,153,2,2505.8901,1,1242.8518,0,0.0
506,2013-04-01,63,3,10035.8421,2,5772.9385,1,2348.97
510,2013-04-01,63,3,313.0719,2,259.0779,1,94.367
512,2013-04-01,63,4,18054.8311,2,6188.7354,1,2348.97
516,2013-04-01,63,3,102953.6697,2,67971.36290000001,1,32553.2291
518,2013-04-01,32,4,290896.8144,2,137827.9693,1,73963.2625
520,2013-04-01,63,4,26201.0151,2,1817.3284,1,1633.3902
524,2013-04-01,91,1,647.994,1,647.994,0,0.0
526,2013-04-01,63,3,2368.3167,2,1876.9107,1,1601.5227
534,2013-04-01,32,4,197299.0964,2,73305.1216,1,42641.7932
536,2013-04-01,2,4,2823.6349,2,2525.4469,1,647.994
540,2013-04-01,2,3,3573.4611,2,1019.3755,1,283.23
544,2013-04-01,63,4,38333.5298,2,22966.144399999997,1,13624.026
546,2013-04-01,2,4,2453.9932,2,430.5172,1,86.5212
548,2013-04-01,32,4,357708.7747,2,182525.7515,1,96605.9056
556,2013-04-01,2,4,25673.2045,2,9742.2973,1,5514.1513
558,2013-04-01,32,3,2136.6378,1,469.794,1,469.794
560,2013-04-01,153,2,15123.477600000002,1,8699.9626,0,0.0
562,2013-04-01,2,4,164908.6018,2,59108.238,1,36530.6354
568,2013-04-01,32,4,1774.251,2,861.546,1,213.552
570,2013-04-01,32,4,130031.0435,2,62898.716100000005,1,36206.1428
574,2013-04-01,32,2,559.7819999999999,2,559.7819999999999,1,89.988
584,2013-04-01,32,3,1096.1995,2,912.2613,1,508.3909
590,2013-04-01,32,4,28198.3467,2,8184.7919,1,4336.8572
592,2013-04-01,32,4,370636.4495,2,142318.0473,1,88328.0713
598,2013-04-01,2,4,379531.5501,2,179515.5172,1,105310.5088
600,2013-04-01,2,4,181777.8716,2,95937.3669,1,45674.4609
602,2013-04-01,2,4,187701.7401,2,85921.6427,1,43180.9774
604,2013-04-01,2,3,1940.9638,1,170.7286,1,170.7286
608,2013-04-01,2,4,9080.4048,2,387.498,1,182.352
612,2013-04-01,63,3,15656.8935,2,2531.2916,1,45.588
620,2013-04-01,2,3,4837.8845,2,4602.6185,1,517.2087
622,2013-04-01,2,4,142176.8161,2,56546.5211,1,39485.6067
628,2013-04-01,91,3,1361.5898000000002,1,647.994,0,0.0
634,2013-04-01,91,3,16398.2065,1,2348.97,0,0.0
638,2013-04-01,63,3,12925.6534,2,4315.482,1,2527.2998
640,2013-04-01,32,4,19957.4547,2,10000.752,1,6712.194
642,2013-04-01,63,4,135249.67810000002,2,66103.46410000001,1,23383.1281
648,2013-04-01,63,4,320777.5737,2,174046.1624,1,86352.4057
650,2013-04-01,2,2,1915.9335,1,606.996,1,606.996
654,2013-04-01,63,2,16268.6523,1,1317.6898,1,1317.6898
658,2013-04-01,153,2,1272.3885,1,1070.0565,0,0.0
662,2013-04-01,32,4,360590.8171,2,144053.4877,1,97791.621
664,2013-04-01,32,4,233197.6438,2,116277.97700000001,1,80512.2219
668,2013-04-01,63,4,118372.5971,2,72782.1917,1,36476.2562
672,2013-04-01,63,4,159864.4424,2,90112.43049999999,1,41602.4379
684,2013-04-01,32,4,25255.4353,2,5578.8616,1,4030.2867
692,2013-04-01,32,4,134520.01799999998,2,59724.2611,1,36459.767
694,2013-04-01,63,3,19377.5783,1,183.9382,1,183.9382
698,2013-04-01,32,2,5537.0835,1,4228.146,1,4228.146
700,2013-04-01,2,3,6417.1108,2,4931.2285,1,3701.7696
702,2013-04-01,63,3,31053.5667,2,18122.328,1,7046.91
710,2013-04-01,2,4,47318.0679,2,21832.5171,1,11497.0491
716,2013-04-01,63,4,19430.004,2,8267.541799999999,1,4228.146
722,2013-04-01,32,2,514.788,1,44.994,1,44.994
726,2013-04-01,153,3,2270.6447,1,107.2672,0,0.0
728,2013-04-01,2,4,12826.062,2,3960.873,1,2551.491
732,2013-04-01,2,4,19353.853,2,10303.1882,1,5605.2482
734,2013-04-01,63,3,11257.6728,2,6306.8525,1,2595.6818
738,2013-04-01,2,4,15021.570500000002,2,2686.8578,1,2550.0938
744,2013-04-01,32,4,31002.8398,2,14116.147700000001,1,5373.1714
746,2013-04-01,2,4,48131.2184,2,17781.6394,1,9795.1414
752,2013-04-01,63,4,29926.8144,2,13997.3126,1,3916.3167
762,2013-04-01,32,4,293715.9482,2,112124.694,1,75104.6539
764,2013-04-01,63,4,98015.617,2,33436.0069,1,3372.3862
766,2013-04-01,2,3,9015.491,2,8806.235,1,647.994
768,2013-04-01,32,4,184988.3638,2,68690.3149,1,39283.2714
776,2013-04-01,63,3,2942.3951,2,2158.3391,1,1833.8864
780,2013-04-01,2,4,91742.4551,2,49672.8756,1,26049.4939
782,2013-04-01,2,4,112263.7268,2,37659.799100000004,1,31536.6745
786,2013-04-01,63,3,327172.0022,2,181017.4369,1,80564.8492
788,2013-04-01,63,4,116102.5546,2,56493.547300000006,1,26461.1006
790,2013-04-01,2,4,225241.3797,2,94509.31049999999,1,56174.6585
792,2013-04-01,32,4,186417.529,2,79376.856,1,42502.1691
794,2013-04-01,2,4,162091.4284,2,65786.1435,1,44798.9579
798,2013-04-01,63,3,197135.4802,2,93835.7953,1,13841.621
802,2013-04-01,63,3,13955.6368,2,7255.5262,1,4228.146
808,2013-04-01,2,4,266204.9132,2,110789.46280000001,1,67717.6755
812,2013-04-01,63,4,170674.4939,2,89742.9817,1,45662.0012
814,2013-04-01,63,4,348561.747,2,187720.9418,1,89758.5394
816,2013-04-01,2,4,379298.1467,2,174485.68709999998,1,95415.1188
818,2013-04-01,2,2,362.832,2,362.832,1,153.576
820,2013-04-01,32,4,3369.444,2,2617.875,1,1308.9375
822,2013-04-01,2,3,1791.3562000000002,2,381.9742,1,183.9382
826,2013-04-01,63,4,7786.4655,2,3169.6849,1,2186.5347
828,2013-04-01,63,4,266874.61360000004,2,136832.8793,1,47271.1253
832,2013-04-01,2,4,189855.8876,2,73845.25,1,38464.61
836,2013-04-01,63,2,1805.454,2,1805.4540000000002,1,396.072
844,2013-04-01,63,2,2951.67,2,2951.67,1,667.83
846,2013-04-01,2,4,26017.9573,2,8969.5294,1,4974.1475
848,2013-04-01,2,4,135953.3799,2,65463.69899999999,1,41211.6058
852,2013-04-01,32,4,142552.8711,2,60466.8633,1,36114.8778
862,2013-04-01,63,3,92187.4303,2,36585.575300000004,1,6125.1688
872,2013-04-01,63,3,2502.2318,2,2481.7118,1,22.794
874,2013-04-01,32,4,174866.9823,2,88196.2454,1,47965.2654
878,2013-04-01,63,4,71270.253,2,28809.6369,1,17725.0947
880,2013-04-01,122,1,647.994,1,647.994,0,0.0
892,2013-04-01,2,4,3557.3843,2,1028.3667,1,819.1107
900,2013-04-01,2,4,1890.2397,2,319.116,1,159.558
902,2013-04-01,63,3,2631.8687,2,2540.6927,1,2472.3107
908,2013-04-01,32,4,20073.1326,2,10726.3341,1,7907.5701
920,2013-04-01,91,1,22.794,1,22.794,0,0.0
928,2013-04-01,63,3,110985.097,2,73505.4416,1,38254.4351
930,2013-04-01,32,4,7780.338799999999,2,2828.064,1,1328.8962
932,2013-04-01,32,4,356348.4699,2,159032.1864,1,78175.0524
938,2013-04-01,63,3,1203.1973,2,1137.5955,1,537.333
944,2013-04-01,32,4,25977.1575,2,8699.358,1,4471.212
948,2013-04-01,2,4,24616.9977,2,3155.2649,1,1743.454
950,2013-04-01,63,3,14173.4228,2,8456.292000000001,1,2818.764
952,2013-04-01,32,3,639.9813,1,339.7375,1,339.7375
954,2013-04-01,32,4,170795.3572,2,59850.7816,1,31787.5245
958,2013-04-01,2,4,52285.9489,2,34329.7908,1,14251.5357
962,2013-04-01,2,4,31759.1406,2,28634.413999999997,1,4017.1687
966,2013-04-01,63,4,2182.848,2,1611.714,1,202.332
970,2013-04-01,2,4,129845.0859,2,41316.470499999996,1,26154.5589
976,2013-04-01,2,4,137282.2592,2,56688.9484,1,33591.9302
978,2013-04-01,63,3,210088.8538,2,106861.9686,1,36850.5686
982,2013-04-01,32,4,77760.3221,2,16606.5423,1,11804.2083
986,2013-04-01,2,4,39010.7805,2,10651.2722,1,5482.7026
988,2013-04-01,2,4,29806.6547,2,13712.011900000001,1,8074.4839
998,2013-04-01,63,4,40894.782,2,18878.9613,1,6192.8825
1002,2013-04-01,32,4,18428.95,2,9305.2122,1,6016.6542
1014,2013-04-01,63,3,53814.2189,2,24891.110399999998,1,11605.2572
1016,2013-04-01,63,4,17367.2621,2,6838.5606,1,3792.9456
1018,2013-04-01,32,4,11854.4722,2,2791.2172,1,1516.1703
1026,2013-04-01,63,3,32115.7985,2,14968.655999999999,1,7046.91
1028,2013-04-01,2,4,14727.4354,2,2805.0921,1,1484.4572
1032,2013-04-01,2,4,293874.3914,2,144306.8959,1,78041.5646
1034,2013-04-01,2,4,3193.4272,2,1090.243,1,600.2625
1040,2013-04-01,63,3,78849.7326,2,52340.6218,1,25725.4118
1044,2013-04-01,32,2,249.54,1,183.9382,1,183.9382
1046,2013-04-01,32,4,138485.0111,2,68214.7181,1,32230.2682
1048,2013-04-01,32,3,1551.207,2,1168.155,1,540.387
1050,2013-04-01,32,4,351273.7273,2,169694.3272,1,89596.3322
1052,2013-04-01,2,4,134036.6408,2,54967.6944,1,30252.3325
1056,2013-04-01,2,3,2679.701,2,958.8989999999999,1,540.387
1062,2013-04-01,153,2,667.8299999999999,1,198.036,0,0.0
1064,2013-04-01,63,3,5567.6769,2,858.4732,1,67.539
1066,2013-04-01,63,4,128115.672,2,71150.77170000001,1,34916.4348
1068,2013-04-01,2,3,1401.9628,1,65.6018,1,65.6018
1070,2013-04-01,2,4,258976.6809,2,134932.39059999998,1,68243.9474
1074,2013-04-01,63,2,798.2867,1,418.8197,1,418.8197
1082,2013-04-01,63,3,3451.483,2,1776.7975999999999,1,624.7205
1086,2013-04-01,32,4,185966.4477,2,87998.164,1,45918.6785
1090,2013-04-01,2,4,10366.1366,2,3857.7131,1,3279.9311
1092,2013-04-01,63,2,1429.7236,1,648.9054,1,648.9054
1096,2013-04-01,32,4,2703.4467,2,1070.0565000000001,1,600.2625
1106,2013-04-01,63,2,714.5072,2,714.5072,1,648.9054
1108,2013-04-01,2,4,207970.0234,2,104050.411,1,53097.089
1112,2013-04-01,91,2,1439.1808,1,1242.8518,0,0.0
1114,2013-04-01,63,3,28631.0092,2,13185.430799999998,1,8629.0063
1118,2013-04-01,32,2,2479.283,1,107.988,1,107.988
1132,2013-04-01,153,2,2850.2179,1,70.3324,0,0.0
1134,2013-04-01,2,4,27755.78,2,11832.4248,1,5255.3088
1138,2013-04-01,32,3,1818.2225,1,1691.3283,1,1691.3283
1142,2013-04-01,2,4,20242.0481,2,9035.0214,1,4003.2158
1148,2013-04-01,63,2,2147.6296,1,469.794,1,469.794
1150,2013-04-01,63,3,16939.7966,2,10873.3295,1,6577.116
1154,2013-04-01,32,3,3794.9611,1,669.0919,1,669.0919
1156,2013-04-01,2,4,19151.57,2,5145.7756,1,2618.4758
1162,2013-04-01,32,4,18116.8705,2,7924.7688,1,5292.9001
1164,2013-04-01,2,4,53434.8155,2,16764.6109,1,11710.0113
1168,2013-04-01,63,3,1477.4851,2,793.4551,1,546.9942
1172,2013-04-01,63,1,67.539,1,67.539,1,67.539
1174,2013-04-01,2,4,192756.2792,2,87556.1248,1,44161.7113
1182,2013-04-01,2,4,181532.4164,2,84199.88709999999,1,40518.0541
1184,2013-04-01,32,4,192106.874,2,83158.9394,1,43579.4597
1186,2013-04-01,32,4,680.3558,2,537.7233,1,123.2826
1188,2013-04-01,63,3,85754.5173,2,52867.4911,1,19309.8372
1192,2013-04-01,2,4,2039.5715,2,1017.4553,1,527.4748
1200,2013-04-01,2,4,189701.6685,2,90444.8865,1,45840.9314
1202,2013-04-01,2,4,145726.8739,2,61951.6941,1,22957.5775
1204,2013-04-01,63,4,9044.785,2,4286.645,1,823.066
1212,2013-04-01,153,1,736.1455,1,736.1455,0,0.0
1214,2013-04-01,2,4,141119.8325,2,69109.9392,1,42528.456
1216,2013-04-01,153,2,794.2466999999999,1,324.4527,0,0.0
1218,2013-04-01,153,2,4831.8251,1,1684.2578,0,0.0
1220,2013-04-01,2,4,140242.1576,2,65124.5777,1,26839.0921
1234,2013-04-01,32,4,131019.6546,2,64653.69500000001,1,39666.1085
1236,2013-04-01,2,4,130478.7914,2,58950.6857,1,25261.8384
1242,2013-04-01,2,4,244312.4421,2,127522.96,1,71610.9964
1246,2013-04-01,63,4,4824.7744,2,3150.1158,1,209.256
1254,2013-04-01,2,4,192239.4437,2,89562.9621,1,44893.2146
1256,2013-04-01,32,4,1831.248,2,255.6568,1,57.6808
1266,2013-04-01,2,4,338648.8249,2,175201.2928,1,93032.5066
1270,2013-04-01,91,3,1396.9077,1,263.25,0,0.0
1274,2013-04-01,63,3,2127.9007,2,1492.8757,1,1308.9375
1278,2013-04-01,63,3,115830.4856,2,78545.7428,1,40310.0159
1280,2013-04-01,2,3,732.126,1,45.0,1,45.0
1288,2013-04-01,153,1,202.332,1,202.332,0,0.0
1290,2013-04-01,2,4,146164.43219999998,2,69895.424,1,36879.256
1294,2013-04-01,32,4,138416.1478,2,46091.129199999996,1,37216.7222
1296,2013-04-01,63,4,104739.6931,2,42077.999299999996,1,14819.6397
1310,2013-04-01,2,3,3371.5913,2,885.8877,1,744.2727
1312,2013-04-01,2,4,92518.5973,2,41357.451,1,23863.0438
1316,2013-04-01,2,4,129192.7975,2,43503.557799999995,1,25721.2332
1320,2013-04-01,2,4,3290.4213,2,810.9834999999999,1,736.1455
1322,2013-04-01,63,4,121578.9539,2,58236.6373,1,20587.4764
1324,2013-04-01,63,3,5811.704199999999,2,4994.2011999999995,1,22.794
1326,2013-04-01,2,2,1733.8347,1,1409.382,1,1409.382
1328,2013-04-01,2,4,130949.0945,2,54152.5882,1,34098.5966
1330,2013-04-01,63,3,136152.3908,2,73647.1139,1,22612.411
1332,2013-04-01,2,4,134101.8059,2,47301.835399999996,1,30041.9727
1334,2013-04-01,63,3,106943.9896,2,50353.4343,1,17254.0031
1336,2013-04-01,63,3,252557.4482,2,123296.1942,1,44295.8324
1338,2013-04-01,32,2,1479.0879,1,1269.8319,1,1269.8319
1340,2013-04-01,63,3,3251.8732,2,2649.1732,1,198.036
1344,2013-04-01,2,4,4972.5364,2,4178.2897,1,3926.8125
1346,2013-04-01,63,3,5593.3158,2,2907.4226,1,417.9682
1350,2013-04-01,2,4,75095.9154,2,29698.855900000002,1,18868.8352
1356,2013-04-01,63,4,193150.3149,2,81698.5663,1,31319.6394
1362,2013-04-01,2,4,1027.0855,2,810.9834999999999,1,74.838
1364,2013-04-01,153,3,5940.6907,1,44.994,0,0.0
1368,2013-04-01,153,2,2483.656,1,40.373,0,0.0
1372,2013-04-01,32,4,20521.0917,2,7114.449,1,2886.303
1376,2013-04-01,63,3,20412.4148,2,8936.0092,1,4228.146
1378,2013-04-01,63,3,15842.3168,2,5122.9816,1,1366.2229
1386,2013-04-01,63,3,1413.2469999999998,2,296.322,1,113.97
1388,2013-04-01,32,4,41375.9932,2,17014.8537,1,7149.1797
1392,2013-04-01,63,4,13419.0515,2,3390.6387,1,1409.382
1394,2013-04-01,2,4,8981.4805,2,2979.0567,1,1590.0398
1398,2013-04-01,2,4,44289.4011,2,12618.8915,1,5128.1681
1400,2013-04-01,2,4,27266.8589,2,11319.855899999999,1,6320.2454
1406,2013-04-01,2,4,16841.6623,2,3825.1335,1,3218.1375
1408,2013-04-01,2,2,1344.252,1,202.332,1,202.332
1410,2013-04-01,2,4,3684.6387,2,1894.176,1,954.588
1412,2013-04-01,2,3,2539.8597,2,2472.3107,1,1229.4589
1414,2013-04-01,32,4,169296.2166,2,66670.4512,1,42653.9411
1416,2013-04-01,2,4,1772.4316,2,648.9054,1,324.4527
1418,2013-04-01,32,4,321732.7075,2,127751.56029999998,1,86085.8004
1422,2013-04-01,2,4,143753.4908,2,58754.9777,1,33630.3655
1424,2013-04-01,2,4,271585.50430000003,2,108579.7507,1,59836.4792
1426,2013-04-01,63,3,275862.9634,2,135784.5675,1,57027.7694
1428,2013-04-01,32,4,1588.4933999999998,2,794.2466999999999,1,324.4527
1430,2013-04-01,32,4,240062.2881,2,78208.6385,1,59222.562
1436,2013-04-01,63,1,1275.0469,1,1275.0469,1,1275.0469
1438,2013-04-01,91,1,1229.4589,1,1229.4589,0,0.0
1444,2013-04-01,63,3,10611.2572,2,6117.695,1,2818.764
1450,2013-04-01,2,4,63774.0784,2,31414.2976,1,20139.2416
1456,2013-04-01,2,4,34894.3866,2,20336.22,1,7651.782
1458,2013-04-01,2,4,6205.746,2,1544.46,1,604.872
1468,2013-04-01,2,4,14603.1194,2,1773.8107,1,453.1758
1470,2013-04-01,32,4,1588.9124000000002,2,327.5042,1,281.9162
1472,2013-04-01,63,3,12458.1528,2,2778.0337999999997,1,182.352
1478,2013-04-01,2,4,13048.3159,2,5167.734,1,2818.764
1480,2013-04-01,2,3,6353.2917,1,448.7518,1,448.7518
1486,2013-04-01,2,4,52441.2306,2,23222.523,1,12417.261
1796,2013-04-01,2,4,11739.8794,2,4327.0781,1,1731.3963
1798,2013-04-01,63,3,37376.8606,2,17658.9035,1,5009.0116
1802,2013-04-01,2,4,29099.3099,2,10614.9981,1,4507.6761
1806,2013-04-01,2,2,2472.3107,2,2472.3107,1,1229.4589
1816,2013-04-01,63,3,18625.3068,2,10567.6476,1,2595.6818
1822,2013-04-01,32,4,22255.3106,2,11273.366699999999,1,4226.4567
1824,2013-04-01,2,2,939.588,2,939.588,1,469.794
1828,2013-04-01,2,4,1854.5644,2,924.7152000000001,1,600.2625
1830,2013-04-01,63,3,139260.50400000002,2,66958.5529,1,31541.5658
1832,2013-04-01,2,4,141834.2702,2,55908.2915,1,30197.6692
1834,2013-04-01,2,4,147784.2145,2,55745.9984,1,30242.8503
1836,2013-04-01,63,3,109485.8516,2,61218.2496,1,29669.6029
1838,2013-04-01,2,3,1010.8321,2,996.7031999999999,1,324.4527
1840,2013-04-01,32,4,292275.1852,2,132850.65399999998,1,78405.7478
1842,2013-04-01,63,3,137016.9521,2,62529.1971,1,19662.661
1844,2013-04-01,63,3,207889.0667,2,106163.96290000001,1,33205.2526
1858,2013-04-01,2,4,128736.4766,2,49228.596300000005,1,26985.2625
1862,2013-04-01,32,3,4709.2784,1,2932.02,1,2932.02
1868,2013-04-01,2,4,143236.4921,2,52812.198300000004,1,28292.153
1876,2013-04-01,153,3,2376.0274,1,635.8102,0,0.0
1878,2013-04-01,32,4,141858.8763,2,63921.5638,1,33587.773
1882,2013-04-01,32,4,143262.5141,2,70157.1865,1,37997.662
1896,2013-04-01,2,4,371587.1186,2,186043.9136,1,97597.1168
1898,2013-04-01,32,4,133101.3689,2,68527.3505,1,45571.035
1900,2013-04-01,2,4,180839.0115,2,86501.0126,1,44987.8766
1916,2013-04-01,63,3,153752.6386,2,93471.32860000001,1,43758.0999
1924,2013-04-01,2,4,1309.7989,2,1002.9328,1,598.0678
1936,2013-04-01,2,1,324.4527,1,324.4527,1,324.4527
1944,2013-04-01,2,4,191430.9281,2,93296.5693,1,50702.1158
1946,2013-04-01,2,4,2160.7057,2,1506.9735,1,198.036
1948,2013-04-01,32,4,120420.1507,2,60820.835999999996,1,40267.242
1952,2013-04-01,122,2,58.069,1,33.7745,0,0.0
1960,2013-04-01,63,2,4055.0323,2,4055.0323,1,2525.4469
1962,2013-04-01,2,4,382758.9177,2,147373.29859999998,1,93455.6598
1964,2013-04-01,32,4,5615.5794000000005,2,2867.7909,1,968.4284
1966,2013-04-01,63,3,70195.7708,2,43672.7681,1,18993.1049
1968,2013-04-01,63,4,38424.0488,2,10558.898099999999,1,6509.2516
1970,2013-04-01,2,4,129884.8039,2,57547.399099999995,1,32359.8822
1972,2013-04-01,2,4,144602.5816,2,52778.4922,1,29654.2607
1976,2013-04-01,32,4,199374.7568,2,79660.2358,1,56816.9351
1978,2013-04-01,63,3,1199.4157,2,318.379,1,67.549
1982,2013-04-01,2,4,353798.0835,2,173526.8555,1,103362.3362
1984,2013-04-01,63,3,107814.1643,2,68995.9353,1,32730.2215
1986,2013-04-01,32,4,3963.9911,2,1337.1311999999998,1,458.7732
1988,2013-04-01,2,4,5914.7154,2,2607.0567,1,767.7657
1992,2013-04-01,2,4,359872.0404,2,173253.2574,1,94673.1417
1994,2013-04-01,63,3,103452.0349,2,63974.2791,1,32712.378
292,2013-07-01,62,4,121868.0095,2,61875.8263,1,37643.0609
296,2013-07-01,62,4,203941.0636,2,88264.3089,1,47192.4665
298,2013-07-01,154,3,7240.6723,1,2485.7036,0,0.0
302,2013-07-01,32,4,83973.4442,2,81766.9963,1,79635.122
304,2013-07-01,154,3,6587.3763,1,405.585,0,0.0
308,2013-07-01,62,2,2253.3381,1,2232.8181,1,2232.8181
312,2013-07-01,62,3,3726.0641,2,3701.7696,1,2458.9178
314,2013-07-01,1,1,762.9024,1,762.9024,1,762.9024
318,2013-07-01,32,4,264874.4265,2,120387.5491,1,71235.1175
320,2013-07-01,62,1,324.4527,1,324.4527,1,324.4527
324,2013-07-01,62,4,138084.6211,2,61869.2015,1,34893.3366
326,2013-07-01,32,3,46839.126,1,46420.614,1,46420.614
330,2013-07-01,32,1,149.874,1,149.874,1,149.874
332,2013-07-01,1,3,7005.0507,2,2966.1998,1,461.694
336,2013-07-01,93,1,149.031,1,149.031,0,0.0
338,2013-07-01,1,1,9885.8499,1,9885.8499,1,9885.8499
340,2013-07-01,93,3,92245.8941,1,32258.7344,0,0.0
342,2013-07-01,62,3,1228.0045,1,523.788,1,523.788
344,2013-07-01,1,4,147908.24109999998,2,54398.14599999999,1,7407.696
348,2013-07-01,1,3,1779.5307,2,1637.9157,1,857.196
352,2013-07-01,93,3,130769.7438,1,45752.4717,0,0.0
356,2013-07-01,93,2,11426.5868,1,894.24,0,0.0
358,2013-07-01,1,1,567.8978,1,567.8978,1,567.8978
360,2013-07-01,1,1,7265.0535,1,7265.0535,1,7265.0535
364,2013-07-01,1,1,5219.922,1,5219.922,1,5219.922
366,2013-07-01,32,4,17022.8001,2,7078.881,1,2510.184
368,2013-07-01,1,4,25932.1856,2,11254.3016,1,4543.104
370,2013-07-01,1,4,148471.4117,2,76337.99729999999,1,46428.3351
372,2013-07-01,1,4,242842.0645,2,113703.315,1,43997.5604
374,2013-07-01,1,1,52140.0648,1,52140.0648,1,52140.0648
378,2013-07-01,1,1,14124.1711,1,14124.1711,1,14124.1711
382,2013-07-01,62,4,1723.7887,2,939.588,1,469.794
386,2013-07-01,62,4,11035.8233,2,3220.9800999999998,1,1844.5036
388,2013-07-01,62,4,34659.721000000005,2,18592.122000000003,1,8256.654
392,2013-07-01,32,4,19123.3591,2,11031.385600000001,1,6768.216
398,2013-07-01,62,4,7938.7912,2,2958.1758,1,418.512
406,2013-07-01,62,3,973.6662,2,590.6142,1,482.6262
410,2013-07-01,1,1,18061.4216,1,18061.4216,1,18061.4216
412,2013-07-01,1,4,23042.8605,2,11055.1535,1,5836.104
414,2013-07-01,1,4,26899.9252,2,11386.3508,1,4715.8695
420,2013-07-01,1,1,3170.628,1,3170.628,1,3170.628
422,2013-07-01,1,4,162041.23249999998,2,108358.5185,1,71029.152
428,2013-07-01,1,4,23613.0093,2,12753.1037,1,9759.948
430,2013-07-01,123,1,249.54,1,249.54,0,0.0
432,2013-07-01,62,4,205158.4159,2,96946.3756,1,49862.2699
436,2013-07-01,1,1,356.898,1,356.898,1,356.898
440,2013-07-01,123,3,88918.64050000001,1,38642.3176,0,0.0
452,2013-07-01,1,4,5529.7299,2,2052.5699999999997,1,173.394
456,2013-07-01,1,1,868.854,1,868.854,1,868.854
466,2013-07-01,1,4,5336.917600000001,2,3902.3127,1,31.584
472,2013-07-01,62,4,165520.6424,2,66413.8044,1,32195.7427
474,2013-07-01,1,4,168656.6614,2,86266.5853,1,44628.9968
476,2013-07-01,1,1,42188.4683,1,42188.4683,1,42188.4683
478,2013-07-01,62,4,268777.6803,2,88711.92009999999,1,52108.7806
482,2013-07-01,1,1,85091.667,1,85091.667,1,85091.667
484,2013-07-01,123,2,514.788,1,44.994,0,0.0
490,2013-07-01,1,1,1506.564,1,1506.564,1,1506.564
492,2013-07-01,62,4,7526.310100000001,2,2812.4002,1,2009.3707
494,2013-07-01,1,4,9269.4692,2,5854.1913,1,3669.516
496,2013-07-01,32,4,18524.4422,2,10511.6786,1,7009.1177
498,2013-07-01,1,4,23745.1798,2,7284.9576,1,3492.012
504,2013-07-01,62,3,6221.0526,1,3715.1625,1,3715.1625
506,2013-07-01,62,4,12494.4545,2,4807.582399999999,1,2458.6124
508,2013-07-01,1,1,356.898,1,356.898,1,356.898
510,2013-07-01,62,4,637.6895,2,418.9846,1,324.6176
512,2013-07-01,62,4,20771.602,2,8980.6772,1,6631.7072
516,2013-07-01,62,4,132467.7939,2,62067.3533,1,29514.1242
518,2013-07-01,32,4,286980.5481,2,148113.21399999998,1,74149.9515
520,2013-07-01,62,4,2795.5133,2,2141.7811,1,508.3909
526,2013-07-01,154,3,2368.3167,1,1601.5227,0,0.0
532,2013-07-01,1,2,13066.1803,2,13066.1803,2,13066.1803
534,2013-07-01,32,4,185358.1263,2,101975.3603,1,59333.5671
536,2013-07-01,1,4,3128.3869,2,1162.002,1,514.008
538,2013-07-01,32,1,62654.9612,1,62654.9612,1,62654.9612
540,2013-07-01,1,3,5150.3575,2,4414.2119999999995,1,4130.982
542,2013-07-01,32,1,4805.5328,1,4805.5328,1,4805.5328
544,2013-07-01,62,4,43936.3085,2,23537.546000000002,1,9913.52
546,2013-07-01,1,4,8846.5615,2,7348.7772,1,7262.256
548,2013-07-01,123,3,269019.1322,1,96605.9056,0,0.0
550,2013-07-01,32,1,26328.5293,1,26328.5293,1,26328.5293
554,2013-07-01,1,1,2254.7148,1,2254.7148,1,2254.7148
556,2013-07-01,1,4,24852.9506,2,13147.2073,1,7633.056
558,2013-07-01,123,2,510.167,1,469.794,0,0.0
560,2013-07-01,62,3,17582.3954,1,2458.9178,1,2458.9178
562,2013-07-01,1,4,162315.31459999998,2,92171.9674,1,55641.332
564,2013-07-01,32,1,2288.7072,1,2288.7072,1,2288.7072
568,2013-07-01,32,4,1313.385,2,400.67999999999995,1,187.128
570,2013-07-01,32,4,122791.5124,2,66616.8788,1,30410.736
574,2013-07-01,32,3,883.7760000000001,2,413.982,1,323.994
580,2013-07-01,1,1,66845.6546,1,66845.6546,1,66845.6546
582,2013-07-01,1,1,68473.2873,1,68473.2873,1,68473.2873
584,2013-07-01,123,3,1096.1995,1,508.3909,0,0.0
590,2013-07-01,123,3,15104.0501,1,4336.8572,0,0.0
592,2013-07-01,32,4,301029.9532,2,169559.0137,1,81230.9424
596,2013-07-01,1,1,98066.5013,1,98066.5013,1,98066.5013
598,2013-07-01,1,4,347266.1329,2,177927.033,1,72616.5242
600,2013-07-01,1,4,251993.4362,2,158286.4306,1,112611.9697
602,2013-07-01,1,4,172569.17200000002,2,77533.0294,1,34352.052
604,2013-07-01,1,3,3548.574,2,3222.6763,1,3051.9477
608,2013-07-01,1,4,7480.8856,2,2243.9339999999997,1,2061.582
612,2013-07-01,154,2,2531.2916,1,45.588,0,0.0
614,2013-07-01,32,1,8109.252,1,8109.252,1,8109.252
620,2013-07-01,1,4,6139.7105,2,1819.0347000000002,1,1301.826
622,2013-07-01,1,4,129382.0041,2,89786.2227,1,50300.616
628,2013-07-01,1,3,1368.15,1,72.162,1,72.162
630,2013-07-01,32,1,4536.257,1,4536.257,1,4536.257
634,2013-07-01,1,3,12830.6682,1,2964.9942,1,2964.9942
636,2013-07-01,32,1,5619.4119,1,5619.4119,1,5619.4119
638,2013-07-01,62,4,14419.6237,2,4021.2700999999997,1,1493.9703
640,2013-07-01,123,3,16175.613,1,6712.194,0,0.0
642,2013-07-01,62,4,164626.44520000002,2,62613.6789,1,39230.5508
648,2013-07-01,62,4,366058.2155,2,181787.31579999998,1,95434.9101
650,2013-07-01,1,2,633.72,2,633.72,1,26.724
652,2013-07-01,32,1,163930.3943,1,163930.3943,1,163930.3943
654,2013-07-01,154,1,1317.6898,1,1317.6898,0,0.0
656,2013-07-01,1,1,60425.9465,1,60425.9465,1,60425.9465
658,2013-07-01,62,3,1658.6586999999995,1,386.2702,1,386.2702
662,2013-07-01,32,4,333738.2605,2,188213.40970000002,1,90421.7887
664,2013-07-01,32,4,202511.4515,2,115547.7083,1,35035.4864
666,2013-07-01,32,1,1243.3033,1,1243.3033,1,1243.3033
668,2013-07-01,62,4,141065.805,2,65392.854600000006,1,28916.5984
670,2013-07-01,32,1,818.7,1,818.7,1,818.7
672,2013-07-01,62,4,178668.1359,2,86144.39309999999,1,44541.9552
684,2013-07-01,32,4,18271.855,2,9186.9687,1,5156.682
688,2013-07-01,32,1,9150.3819,1,9150.3819,1,9150.3819
690,2013-07-01,1,1,316.86,1,316.86,1,316.86
692,2013-07-01,32,4,140032.3253,2,87036.341,1,50576.574
694,2013-07-01,154,2,332.9692,1,183.9382,0,0.0
698,2013-07-01,123,1,4228.146,1,4228.146,0,0.0
700,2013-07-01,93,2,4931.2285,1,3701.7696,0,0.0
702,2013-07-01,62,4,41816.7177,2,17810.061,1,10763.151
706,2013-07-01,1,1,3560.754,1,3560.754,1,3560.754
708,2013-07-01,1,1,15842.6141,1,15842.6141,1,15842.6141
710,2013-07-01,93,3,29373.4275,1,11497.0491,0,0.0
716,2013-07-01,62,4,18421.6019,2,7181.987999999999,1,2953.842
718,2013-07-01,32,1,5001.8872,1,5001.8872,1,5001.8872
720,2013-07-01,32,1,10686.736,1,10686.736,1,10686.736
722,2013-07-01,32,3,838.782,2,368.98800000000006,1,323.994
728,2013-07-01,1,4,9867.588,2,3847.467,1,1295.976
732,2013-07-01,1,4,18681.42,2,10428.816200000001,1,4823.568
734,2013-07-01,62,4,12509.9257,2,3847.9347,1,1252.2529
736,2013-07-01,32,1,2636.688,1,2636.688,1,2636.688
738,2013-07-01,93,3,5396.5096,1,2550.0938,0,0.0
742,2013-07-01,32,1,803.766,1,803.766,1,803.766
744,2013-07-01,32,4,21861.0168,2,6704.4094000000005,1,1331.238
746,2013-07-01,1,4,46644.0938,2,24161.6314,1,14366.49
752,2013-07-01,62,4,35583.889299999995,2,12877.8319,1,8961.5152
762,2013-07-01,32,4,277860.1597,2,168502.29080000002,1,93397.6369
764,2013-07-01,62,4,90218.3633,2,20182.610500000003,1,16810.2243
766,2013-07-01,1,3,12986.681,2,4828.44,1,4180.446
768,2013-07-01,32,4,162282.7924,2,88709.68239999999,1,49426.411
770,2013-07-01,32,1,66934.7011,1,66934.7011,1,66934.7011
772,2013-07-01,32,1,1725.8568,1,1725.8568,1,1725.8568
776,2013-07-01,62,4,5660.7146,2,4552.2059,1,2718.3195
780,2013-07-01,1,4,114322.6348,2,69839.3419,1,43789.848
782,2013-07-01,93,3,72378.1535,1,31536.6745,0,0.0
786,2013-07-01,62,4,431654.9655,2,185047.8125,1,104482.9633
788,2013-07-01,62,4,140568.9676,2,62665.3027,1,36204.2021
790,2013-07-01,93,3,145612.4368,1,56174.6585,0,0.0
792,2013-07-01,32,4,180252.2258,2,99570.5376,1,57068.3685
794,2013-07-01,1,4,152857.7514,2,87628.6394,1,42829.6815
796,2013-07-01,1,1,57103.0684,1,57103.0684,1,57103.0684
798,2013-07-01,62,4,255176.7215,2,71882.86230000001,1,58041.2413
802,2013-07-01,62,4,17689.5591,2,7962.0683,1,3733.9223
808,2013-07-01,1,4,287968.1826,2,178754.6242,1,111036.9487
810,2013-07-01,1,1,2130.7669,1,2130.7669,1,2130.7669
812,2013-07-01,62,4,183917.6607,2,88126.00529999999,1,42464.0041
814,2013-07-01,62,4,396454.9271,2,185769.6302,1,96011.0908
816,2013-07-01,1,4,307763.0311,2,131236.7936,1,35821.6748
818,2013-07-01,1,3,1181.5320000000002,2,972.2760000000001,1,818.7
820,2013-07-01,123,3,2685.414,1,1308.9375,0,0.0
822,2013-07-01,1,4,2763.3382,2,1155.9202,1,971.982
826,2013-07-01,62,4,5025.8488,2,3718.2459,1,1531.7112
828,2013-07-01,62,4,285632.59130000003,2,106737.54430000001,1,59466.419
830,2013-07-01,1,2,606.4408000000001,2,606.4408000000001,2,606.4408000000001
832,2013-07-01,1,4,166708.60379999998,2,85047.0859,1,46582.4759
834,2013-07-01,1,1,58320.1019,1,58320.1019,1,58320.1019
836,2013-07-01,154,2,1805.454,1,396.072,0,0.0
838,2013-07-01,1,1,71283.2401,1,71283.2401,1,71283.2401
844,2013-07-01,62,3,4955.3863,2,2671.5463,1,2003.7163
846,2013-07-01,1,4,19246.387,2,5006.2655,1,32.118
848,2013-07-01,1,4,123742.6083,2,74846.2858,1,33634.68
852,2013-07-01,32,4,136061.0925,2,77027.40179999999,1,40912.524
858,2013-07-01,32,1,32901.6223,1,32901.6223,1,32901.6223
862,2013-07-01,62,4,114294.4289,2,28232.1674,1,22106.9986
872,2013-07-01,154,3,2502.2318,1,22.794,0,0.0
874,2013-07-01,32,4,207116.82,2,125206.5618,1,77241.2964
876,2013-07-01,32,2,1316.6546,2,1316.6546,2,1316.6546
878,2013-07-01,62,4,50220.2421,2,29989.054000000004,1,12263.9593
880,2013-07-01,32,2,3401.982,1,2753.988,1,2753.988
888,2013-07-01,32,1,1344.588,1,1344.588,1,1344.588
892,2013-07-01,1,4,1510.5807,2,1280.8047,1,461.694
898,2013-07-01,1,1,202.332,1,202.332,1,202.332
900,2013-07-01,1,4,2264.1072,2,1790.088,1,1630.53
902,2013-07-01,154,3,2631.8687,1,2472.3107,0,0.0
908,2013-07-01,32,4,18987.3833,2,13208.4682,1,5300.8981
914,2013-07-01,1,1,323.994,1,323.994,1,323.994
928,2013-07-01,62,4,137425.0834,2,64694.421500000004,1,26439.9864
930,2013-07-01,123,3,4852.6126,1,1328.8962,0,0.0
932,2013-07-01,32,4,319390.5203,2,139018.88390000002,1,60843.8315
938,2013-07-01,62,4,2620.1228,2,1954.2585,1,1416.9255
940,2013-07-01,32,1,22690.4492,1,22690.4492,1,22690.4492
942,2013-07-01,1,1,1717.8,1,1717.8,1,1717.8
944,2013-07-01,32,4,23071.9873,2,9539.346000000001,1,5068.134
946,2013-07-01,1,1,8617.5497,1,8617.5497,1,8617.5497
948,2013-07-01,1,4,14540.7315,2,9869.89,1,8126.436
950,2013-07-01,62,4,20280.7448,2,8926.086,1,6107.322
952,2013-07-01,123,2,609.7015,1,339.7375,0,0.0
954,2013-07-01,32,4,173070.2086,2,96572.6858,1,64785.1613
958,2013-07-01,1,4,55286.8448,2,25056.905700000003,1,10805.37
962,2013-07-01,1,4,78188.54699999999,2,51427.4614,1,47410.2927
966,2013-07-01,62,4,3291.96,2,1668.342,1,1466.01
970,2013-07-01,1,4,114027.1618,2,67718.0649,1,41563.506
972,2013-07-01,1,1,200.052,1,200.052,1,200.052
976,2013-07-01,1,4,146894.4292,2,89525.98819999999,1,55934.058
978,2013-07-01,62,4,268209.286,2,94971.00080000001,1,58120.4322
982,2013-07-01,32,4,58887.9164,2,35370.2671,1,23566.0588
986,2013-07-01,1,4,29056.5152,2,12340.5886,1,6857.886
988,2013-07-01,1,4,26753.2396,2,13541.731899999999,1,5467.248
992,2013-07-01,1,1,3385.776,1,3385.776,1,3385.776
998,2013-07-01,62,4,46744.7319,2,17636.1095,1,11443.227
1002,2013-07-01,32,4,24540.7705,2,17648.0857,1,11631.4315
1014,2013-07-01,62,4,67790.2412,2,25581.2795,1,13976.0223
1016,2013-07-01,62,4,17260.7444,2,6595.5429,1,2802.5973
1018,2013-07-01,32,4,11371.2753,2,8403.8147,1,6887.6444
1024,2013-07-01,1,1,6557.411,1,6557.411,1,6557.411
1026,2013-07-01,62,4,39770.192200000005,2,14701.3037,1,7654.3937
1028,2013-07-01,1,4,10075.0697,2,4591.4792,1,3107.022
1030,2013-07-01,1,1,38544.3379,1,38544.3379,1,38544.3379
1032,2013-07-01,1,4,323801.6531,2,185311.68339999998,1,107270.1188
1034,2013-07-01,1,4,2725.9225,2,927.0045,1,326.742
1036,2013-07-01,32,1,27275.3063,1,27275.3063,1,27275.3063
1040,2013-07-01,62,4,115999.9647,2,62875.6439,1,37150.2321
1044,2013-07-01,32,3,921.834,2,856.2321999999999,1,672.294
1046,2013-07-01,32,4,138045.3802,2,68931.7686,1,36701.5004
1048,2013-07-01,32,4,2588.361,2,1577.541,1,1037.154
1050,2013-07-01,32,4,323790.5982,2,161109.78100000002,1,71513.4488
1052,2013-07-01,1,4,110157.6741,2,45400.435,1,15148.1025
1054,2013-07-01,32,1,283.9489,1,283.9489,1,283.9489
1056,2013-07-01,1,4,12529.787,2,10390.473,1,9850.086
1064,2013-07-01,62,4,5751.6151,2,251.47719999999998,1,183.9382
1066,2013-07-01,62,4,136737.3476,2,66117.7954,1,31201.3606
1068,2013-07-01,1,3,2839.7763,2,2819.5897999999997,1,2753.988
1070,2013-07-01,93,3,199457.921,1,68243.9474,0,0.0
1072,2013-07-01,32,2,7504.3968,2,7504.3968,2,7504.3968
1074,2013-07-01,62,3,1469.6971,2,1090.2301,1,671.4104
1082,2013-07-01,62,4,4189.2108,2,1362.4483,1,737.7278
1086,2013-07-01,32,4,170916.2667,2,80888.02960000001,1,34969.3511
1088,2013-07-01,1,2,1849.632,2,1849.6319999999998,2,1849.6319999999998
1090,2013-07-01,1,4,11580.1325,2,8475.7811,1,5195.85
1092,2013-07-01,154,2,1429.7236,1,648.9054,0,0.0
1094,2013-07-01,1,1,2751.624,1,2751.624,1,2751.624
1096,2013-07-01,32,4,2400.57,2,621.8385000000001,1,21.576
1100,2013-07-01,32,1,2232.84,1,2232.84,1,2232.84
1102,2013-07-01,1,2,2475.9149,1,26.724,1,26.724
1106,2013-07-01,154,2,714.5072,1,648.9054,0,0.0
1108,2013-07-01,93,3,153839.5718,1,53097.089,0,0.0
1114,2013-07-01,62,4,36497.7757,2,16495.7728,1,7866.7665
1116,2013-07-01,1,2,472.203,1,404.664,1,404.664
1118,2013-07-01,123,1,107.988,1,107.988,0,0.0
1122,2013-07-01,1,1,200.052,1,200.052,1,200.052
1130,2013-07-01,1,1,3521.495,1,3521.495,1,3521.495
1132,2013-07-01,62,3,3031.9136,1,181.6957,1,181.6957
1134,2013-07-01,1,4,25448.001,2,12983.5728,1,7728.264
1138,2013-07-01,32,3,2379.6893,2,2339.3163,1,647.988
1140,2013-07-01,1,1,5194.614,1,5194.614,1,5194.614
1142,2013-07-01,1,4,20562.9615,2,7550.2358,1,3547.02
1146,2013-07-01,32,1,5497.4401,1,5497.4401,1,5497.4401
1148,2013-07-01,154,1,469.794,1,469.794,0,0.0
1150,2013-07-01,62,4,21455.7799,2,11093.0993,1,4515.9833
1152,2013-07-01,32,1,8410.9927,1,8410.9927,1,8410.9927
1154,2013-07-01,123,2,1317.9973,1,669.0919,0,0.0
1156,2013-07-01,93,3,9066.0841,1,2618.4758,0,0.0
1162,2013-07-01,32,4,17094.3157,2,9102.2905,1,3809.3904
1164,2013-07-01,1,4,34908.3956,2,15565.0879,1,3855.0766
1168,2013-07-01,62,4,2254.7753,2,1324.2844,1,777.2902
1172,2013-07-01,154,1,67.539,1,67.539,0,0.0
1174,2013-07-01,93,3,135393.0177,1,44161.7113,0,0.0
1182,2013-07-01,1,4,167752.53519999998,2,74491.9441,1,33973.89
1184,2013-07-01,123,3,130397.5915,1,43579.4597,0,0.0
1186,2013-07-01,123,3,608.3678,1,123.2826,0,0.0
1188,2013-07-01,62,4,124532.3947,2,58087.7146,1,38777.8774
1192,2013-07-01,93,3,1660.1045,1,527.4748,0,0.0
1196,2013-07-01,32,1,1020.594,1,1020.594,1,1020.594
1198,2013-07-01,32,1,33802.11,1,33802.11,1,33802.11
1200,2013-07-01,1,4,169262.2586,2,77507.0294,1,31666.098
1202,2013-07-01,1,4,140203.0494,2,58453.9405,1,35496.363
1204,2013-07-01,62,4,12292.2845,2,5215.0624,1,4391.9964
1210,2013-07-01,1,1,32904.684,1,32904.684,1,32904.684
1212,2013-07-01,62,2,758.9395,1,22.794,1,22.794
1214,2013-07-01,1,4,138750.9669,2,73044.9632,1,30516.5072
1218,2013-07-01,62,3,7649.6868,1,2817.8617,1,2817.8617
1220,2013-07-01,1,4,141731.5498,2,66932.50700000001,1,40093.4149
1230,2013-07-01,1,1,27185.7408,1,27185.7408,1,27185.7408
1232,2013-07-01,1,1,29.388,1,29.388,1,29.388
1234,2013-07-01,32,4,122774.8331,2,68629.69930000001,1,28963.5908
1236,2013-07-01,1,4,141431.1613,2,69422.4375,1,44160.5991
1238,2013-07-01,1,1,30005.918,1,30005.918,1,30005.918
1242,2013-07-01,1,4,317214.5319,2,200484.217,1,128873.2206
1246,2013-07-01,154,3,3395.3658,1,209.256,0,0.0
1252,2013-07-01,1,1,39731.712,1,39731.712,1,39731.712
1254,2013-07-01,1,4,207298.8307,2,118331.14749999999,1,73437.9329
1256,2013-07-01,32,4,791.3406,2,542.3128,1,484.632
1262,2013-07-01,1,1,94139.2728,1,94139.2728,1,94139.2728
1266,2013-07-01,1,4,320315.4207,2,159079.84029999998,1,66047.3337
1272,2013-07-01,1,1,356.898,1,356.898,1,356.898
1274,2013-07-01,62,4,2342.5335,2,1523.5703,1,214.6328
1276,2013-07-01,1,1,21892.136,1,21892.136,1,21892.136
1278,2013-07-01,62,4,149807.9969,2,74287.5272,1,33977.5113
1280,2013-07-01,93,2,262.332,1,45.0,0,0.0
1290,2013-07-01,1,4,142727.5996,2,74420.2322,1,37540.9762
1292,2013-07-01,1,1,1914.4429,1,1914.4429,1,1914.4429
1294,2013-07-01,123,3,81233.8939,1,37216.7222,0,0.0
1296,2013-07-01,62,4,126350.7516,2,49750.1053,1,34930.4656
1300,2013-07-01,1,1,122284.4578,1,122284.4578,1,122284.4578
1302,2013-07-01,32,1,56981.3473,1,56981.3473,1,56981.3473
1304,2013-07-01,1,1,49258.2807,1,49258.2807,1,49258.2807
1310,2013-07-01,1,3,1586.7657,2,1445.1507000000001,1,700.878
1312,2013-07-01,93,3,64626.192,1,23863.0438,0,0.0
1316,2013-07-01,1,4,128994.0387,2,71543.6542,1,45822.421
1320,2013-07-01,1,4,1622.2315,2,1526.8735,1,790.728
1322,2013-07-01,62,4,140093.0882,2,52231.0788,1,31643.6024
1324,2013-07-01,154,3,5811.704199999999,1,22.794,0,0.0
1326,2013-07-01,1,2,2268.282,2,2268.282,1,858.9
1328,2013-07-01,93,3,90549.5166,1,34098.5966,0,0.0
1330,2013-07-01,62,4,179831.3508,2,66291.371,1,43678.96
1332,2013-07-01,1,4,117965.997,2,62206.520699999994,1,32164.548
1334,2013-07-01,62,4,132529.046,2,42839.0595,1,25585.0564
1336,2013-07-01,62,4,339897.5501,2,131635.9343,1,87340.1019
1338,2013-07-01,32,2,4053.8199,2,4053.8198999999995,1,2783.988
1340,2013-07-01,62,4,4036.0739,2,982.2366999999999,1,784.2007
1344,2013-07-01,93,3,4648.0837,1,3926.8125,0,0.0
1346,2013-07-01,62,4,6167.3085,2,991.9609,1,573.9927
1350,2013-07-01,1,4,68871.4235,2,39272.4292,1,20403.594
1356,2013-07-01,62,4,192566.2297,2,77036.5571,1,45716.9177
1362,2013-07-01,1,4,53870.9791,2,53098.83960000001,1,53024.0016
1366,2013-07-01,32,1,5527.9561,1,5527.9561,1,5527.9561
1368,2013-07-01,62,3,2578.023,1,94.367,1,94.367
1372,2013-07-01,123,3,14833.77,1,2886.303,0,0.0
1376,2013-07-01,62,4,24133.3375,2,7949.0687,1,3720.9227
1378,2013-07-01,62,4,17162.951699999998,2,2686.8577999999998,1,1320.6349
1380,2013-07-01,1,1,2333.472,1,2333.472,1,2333.472
1384,2013-07-01,1,1,10284.1936,1,10284.1936,1,10284.1936
1386,2013-07-01,62,4,1618.393,2,319.116,1,205.146
1388,2013-07-01,32,4,41474.3188,2,21763.4974,1,14614.3177
1392,2013-07-01,62,4,9775.746,2,3860.4327,1,2451.0507
1394,2013-07-01,1,4,7129.5307,2,5085.6938,1,3495.654
1396,2013-07-01,1,1,4005.036,1,4005.036,1,4005.036
1398,2013-07-01,1,4,30900.5363,2,12236.1221,1,7107.954
1400,2013-07-01,1,4,22050.076,2,8326.2914,1,2006.046
1404,2013-07-01,32,1,108651.1426,1,108651.1426,1,108651.1426
1406,2013-07-01,93,3,12031.6281,1,3218.1375,0,0.0
1408,2013-07-01,93,2,1344.252,1,202.332,0,0.0
1410,2013-07-01,93,3,3360.186,1,954.588,0,0.0
1412,2013-07-01,1,4,2571.4437,2,1261.0429000000001,1,31.584
1414,2013-07-01,32,4,164310.2903,2,96906.9775,1,54253.0364
1416,2013-07-01,93,3,1588.4933999999998,1,324.4527,0,0.0
1418,2013-07-01,32,4,299522.7178,2,184057.9957,1,97972.1953
1420,2013-07-01,1,1,101223.4606,1,101223.4606,1,101223.4606
1422,2013-07-01,1,4,148913.4662,2,87484.31599999999,1,53853.9505
1424,2013-07-01,1,4,297843.2735,2,161445.76559999998,1,101609.2864
1426,2013-07-01,62,4,354805.2477,2,135970.0537,1,78942.2843
1428,2013-07-01,32,4,1145.4234,2,351.1767,1,26.724
1430,2013-07-01,32,4,215978.8668,2,136475.9789,1,77253.4169
1434,2013-07-01,1,1,977.376,1,977.376,1,977.376
1436,2013-07-01,62,2,2572.8878,2,2572.8878,1,1297.8409
1440,2013-07-01,1,1,20455.5812,1,20455.5812,1,20455.5812
1444,2013-07-01,62,4,12521.5522,2,4729.059,1,1910.295
1448,2013-07-01,62,1,68.382,1,68.382,1,68.382
1450,2013-07-01,1,4,64267.8639,2,37375.0545,1,17235.8129
1456,2013-07-01,1,4,36569.177,2,18247.211,1,10595.429
1458,2013-07-01,93,3,3558.714,1,604.872,0,0.0
1462,2013-07-01,1,1,15681.3497,1,15681.3497,1,15681.3497
1464,2013-07-01,1,1,14267.0691,1,14267.0691,1,14267.0691
1468,2013-07-01,93,3,4799.5462,1,453.1758,0,0.0
1470,2013-07-01,32,4,1141.8665999999998,2,982.3086,1,700.3924
1472,2013-07-01,62,4,13961.1397,2,1685.3389000000002,1,1502.9869
1476,2013-07-01,1,1,756.366,1,756.366,1,756.366
1478,2013-07-01,1,4,13056.3328,2,7888.5988,1,5069.8348
1480,2013-07-01,1,3,3033.5419,2,2791.2927,1,2342.5409
1482,2013-07-01,1,1,2666.2695,1,2666.2695,1,2666.2695
1486,2013-07-01,1,4,44342.607,2,18973.731,1,6556.47
1796,2013-07-01,93,3,7375.6075,1,1731.3963,0,0.0
1798,2013-07-01,62,4,45190.6918,2,12822.842799999999,1,7813.8312
1802,2013-07-01,1,4,18752.0606,2,8720.7801,1,4213.104
1806,2013-07-01,93,2,2472.3107,1,1229.4589,0,0.0
1812,2013-07-01,1,1,1580.0004,1,1580.0004,1,1580.0004
1814,2013-07-01,1,1,762.9024,1,762.9024,1,762.9024
1816,2013-07-01,62,4,23936.8419,2,7907.216899999999,1,5311.5351
1822,2013-07-01,32,4,22131.4284,2,10050.8744,1,5824.4177
1824,2013-07-01,93,2,939.588,1,469.794,0,0.0
1828,2013-07-01,1,4,2564.4334,2,1459.1625,1,858.9
1830,2013-07-01,62,4,180419.3497,2,72700.4115,1,41158.8457
1832,2013-07-01,93,3,88664.2223,1,30197.6692,0,0.0
1834,2013-07-01,93,3,99242.3832,1,30242.8503,0,0.0
1836,2013-07-01,62,4,136591.7792,2,56775.5305,1,27105.9276
1838,2013-07-01,1,4,6997.518099999999,2,6311.1386999999995,1,5986.686
1840,2013-07-01,32,4,298188.5538,2,177036.0223,1,98630.2745
1842,2013-07-01,62,4,174832.7856,2,57478.4945,1,37815.8335
1844,2013-07-01,62,4,252486.2445,2,77802.4304,1,44597.1778
1846,2013-07-01,32,1,49685.6585,1,49685.6585,1,49685.6585
1856,2013-07-01,1,1,1323.438,1,1323.438,1,1323.438
1858,2013-07-01,1,4,141105.639,2,78727.6485,1,51742.386
1862,2013-07-01,123,2,4341.402,1,2932.02,0,0.0
1864,2013-07-01,1,2,711.894,1,63.9,1,63.9
1866,2013-07-01,1,1,38978.1074,1,38978.1074,1,38978.1074
1868,2013-07-01,1,4,90263.4419,2,30178.594999999998,1,1886.442
1870,2013-07-01,1,1,5270.5524,1,5270.5524,1,5270.5524
1872,2013-07-01,1,1,672.294,1,672.294,1,672.294
1874,2013-07-01,1,1,22147.2853,1,22147.2853,1,22147.2853
1878,2013-07-01,32,4,142194.521,2,70495.26699999999,1,36907.494
1882,2013-07-01,32,4,136151.0152,2,73148.824,1,35151.162
1888,2013-07-01,32,1,41100.9587,1,41100.9587,1,41100.9587
1894,2013-07-01,1,1,29331.5099,1,29331.5099,1,29331.5099
1896,2013-07-01,93,3,281414.4448,1,97597.1168,0,0.0
1898,2013-07-01,32,4,121876.2792,2,70045.5166,1,24474.4816
1900,2013-07-01,1,4,134991.1665,2,49452.4406,1,4464.564
1904,2013-07-01,1,1,1.374,1,1.374,1,1.374
1916,2013-07-01,62,4,200013.366,2,90018.8273,1,46260.7274
1918,2013-07-01,32,1,356.898,1,356.898,1,356.898
1924,2013-07-01,1,4,1296.4184,2,618.4618,1,20.394
1926,2013-07-01,1,1,748.134,1,748.134,1,748.134
1936,2013-07-01,1,2,3022.6287,2,3022.6286999999998,1,2698.176
1940,2013-07-01,1,1,24026.606,1,24026.606,1,24026.606
1944,2013-07-01,1,4,178853.3782,2,89037.5018,1,38335.386
1946,2013-07-01,1,4,39105.7597,2,37612.884,1,37414.848
1948,2013-07-01,32,4,91135.8963,2,44276.837999999996,1,4009.596
1954,2013-07-01,62,1,1295.988,1,1295.988,1,1295.988
1958,2013-07-01,1,1,57263.2706,1,57263.2706,1,57263.2706
1960,2013-07-01,154,2,4055.0323,1,2525.4469,0,0.0
1962,2013-07-01,1,4,320124.227,2,178211.9019,1,84756.2421
1964,2013-07-01,123,3,4176.7284,1,968.4284,0,0.0
1966,2013-07-01,62,4,93190.6807,2,41988.0148,1,22994.9099
1968,2013-07-01,62,4,21263.2098,2,12344.9068,1,5835.6552
1970,2013-07-01,1,4,189221.8211,2,129885.95809999999,1,97526.0759
1972,2013-07-01,93,3,91186.6391,1,29654.2607,0,0.0
1976,2013-07-01,32,4,186607.6642,2,114767.1395,1,57950.2044
1978,2013-07-01,62,4,1625.2755,2,493.40880000000004,1,425.8598
1982,2013-07-01,1,4,299610.1838,2,142766.0582,1,39403.722
1984,2013-07-01,62,4,141788.93339999998,2,66704.99059999999,1,33974.7691
1986,2013-07-01,32,4,4621.5947,2,3394.5312,1,2935.758
1988,2013-07-01,1,4,5898.2427,2,1440.0597,1,672.294
1990,2013-07-01,32,1,50161.4111,1,50161.4111,1,50161.4111
1992,2013-07-01,1,4,352260.6035,2,173463.9537,1,78790.812
1994,2013-07-01,62,4,141834.5432,2,71094.8863,1,38382.5083
292,2013-10-01,154,3,94438.4801,1,37643.0609,0,0.0
294,2013-10-01,62,1,29133.471,1,29133.471,1,29133.471
296,2013-10-01,62,4,177339.8845,2,82083.79149999999,1,34891.325
298,2013-10-01,62,3,6186.9892,1,1215.582,1,1215.582
300,2013-10-01,62,1,57771.7641,1,57771.7641,1,57771.7641
302,2013-10-01,32,4,147142.95059999998,2,143617.0558,1,63981.9338
308,2013-10-01,62,3,50970.4281,2,50949.90809999999,1,48717.09
312,2013-10-01,62,4,3773.0321,2,2505.8858,1,46.968
314,2013-10-01,93,1,762.9024,1,762.9024,0,0.0
316,2013-10-01,62,1,24213.5442,1,24213.5442,1,24213.5442
318,2013-10-01,32,4,249537.3335,2,128785.43539999999,1,57550.3179
320,2013-10-01,154,1,324.4527,1,324.4527,0,0.0
324,2013-10-01,62,4,122042.3613,2,62869.034100000004,1,27975.6975
326,2013-10-01,32,3,77949.054,2,77739.79800000001,1,31319.184
328,2013-10-01,62,1,1638.8018,1,1638.8018,1,1638.8018
330,2013-10-01,32,2,308.304,2,308.304,1,158.43
332,2013-10-01,1,3,3561.5378,2,1057.032,1,595.338
338,2013-10-01,1,2,15923.2899,2,15923.2899,1,6037.44
342,2013-10-01,62,3,2196.6625,2,1706.682,1,1182.894
344,2013-10-01,1,4,101097.0527,2,9976.578,1,2568.882
348,2013-10-01,1,4,4563.5187,2,3641.1839999999997,1,2783.988
350,2013-10-01,62,1,1075.344,1,1075.344,1,1075.344
354,2013-10-01,62,1,3405.1668,1,3405.1668,1,3405.1668
356,2013-10-01,1,3,11750.5808,1,323.994,1,323.994
358,2013-10-01,1,2,1772.5898,2,1772.5898,1,1204.692
360,2013-10-01,1,2,9490.6755,2,9490.6755,1,2225.622
364,2013-10-01,1,2,12471.444,2,12471.444,1,7251.522
366,2013-10-01,32,4,14681.4041,2,6354.355100000001,1,3844.1711
368,2013-10-01,1,4,21235.9517,2,6788.706,1,2245.602
370,2013-10-01,1,4,138794.78699999998,2,77756.7555,1,31328.4204
372,2013-10-01,1,4,210357.4803,2,77949.19039999999,1,33951.63
374,2013-10-01,1,2,116018.8428,2,116018.8428,1,63878.778
378,2013-10-01,1,2,32268.8311,2,32268.8311,1,18144.66
380,2013-10-01,62,1,4398.8328,1,4398.8328,1,4398.8328
382,2013-10-01,62,4,40035.8985,2,38965.842000000004,1,38496.048
384,2013-10-01,62,1,1912.446,1,1912.446,1,1912.446
386,2013-10-01,154,3,6678.9658,1,1844.5036,0,0.0
388,2013-10-01,62,4,35672.7777,2,18290.3997,1,10033.7457
392,2013-10-01,32,4,26792.2336,2,18300.917999999998,1,11532.702
394,2013-10-01,62,1,26776.3823,1,26776.3823,1,26776.3823
398,2013-10-01,62,4,5575.5236,2,576.942,1,158.43
406,2013-10-01,154,3,973.6662,1,482.6262,0,0.0
408,2013-10-01,62,1,400.104,1,400.104,1,400.104
410,2013-10-01,1,2,36304.9316,2,36304.931599999996,1,18243.51
412,2013-10-01,1,4,23039.5775,2,10773.618,1,4937.514
414,2013-10-01,1,4,20440.9873,2,7395.2715,1,2679.402
420,2013-10-01,1,2,3329.058,2,3329.058,1,158.43
422,2013-10-01,1,4,171469.5658,2,114101.84400000001,1,43072.692
428,2013-10-01,1,4,22003.6941,2,16369.2686,1,6609.3206
432,2013-10-01,62,4,229816.9514,2,131338.6408,1,81476.3709
436,2013-10-01,1,2,1822.908,2,1822.908,1,1466.01
442,2013-10-01,62,1,55103.4671,1,55103.4671,1,55103.4671
444,2013-10-01,62,1,28995.9788,1,28995.9788,1,28995.9788
446,2013-10-01,62,1,40683.5406,1,40683.5406,1,40683.5406
450,2013-10-01,62,1,1667.94,1,1667.94,1,1667.94
452,2013-10-01,93,3,3931.746,1,173.394,0,0.0
454,2013-10-01,1,1,323.994,1,323.994,1,323.994
456,2013-10-01,1,2,3729.738,2,3729.7380000000003,1,2860.884
464,2013-10-01,62,1,61044.4562,1,61044.4562,1,61044.4562
466,2013-10-01,93,3,3970.6947,1,31.584,0,0.0
472,2013-10-01,62,4,198503.2313,2,119979.6858,1,87783.9431
474,2013-10-01,1,4,139775.1322,2,75316.6988,1,30687.702
476,2013-10-01,1,2,79609.1663,2,79609.1663,1,37420.698
478,2013-10-01,154,3,156490.4276,1,52108.7806,0,0.0
480,2013-10-01,62,1,53584.4454,1,53584.4454,1,53584.4454
482,2013-10-01,1,2,178169.3848,2,178169.3848,1,93077.7178
484,2013-10-01,32,2,443.496,1,398.502,1,398.502
490,2013-10-01,1,2,1728.51,2,1728.51,1,221.946
492,2013-10-01,62,4,8339.4751,2,3110.6526999999996,1,1101.282
494,2013-10-01,1,4,11736.5588,2,8135.034,1,4465.518
496,2013-10-01,32,4,24419.4206,2,16688.7137,1,9679.596
498,2013-10-01,1,4,17978.909200000002,2,9131.364,1,5639.352
502,2013-10-01,62,1,2614.5869,1,2614.5869,1,2614.5869
504,2013-10-01,154,2,4958.0143,1,3715.1625,0,0.0
506,2013-10-01,62,4,8941.9269,2,3168.9884,1,710.376
508,2013-10-01,1,2,381.192,2,381.192,1,24.294
510,2013-10-01,62,4,2059.3295,2,1800.2516,1,1475.634
512,2013-10-01,62,4,16497.3566,2,10308.6212,1,3676.914
514,2013-10-01,32,1,323.994,1,323.994,1,323.994
516,2013-10-01,62,4,137741.4013,2,69770.03839999999,1,40255.9142
518,2013-10-01,32,4,272497.8741,2,134669.9048,1,60519.9533
520,2013-10-01,154,3,2325.7193,1,508.3909,0,0.0
524,2013-10-01,1,2,806.424,1,158.43,1,158.43
526,2013-10-01,62,3,2429.8407,1,552.93,1,552.93
532,2013-10-01,1,4,23530.3207,4,23530.3207,2,10464.1404
534,2013-10-01,32,4,171173.3212,2,97868.19959999999,1,38534.6325
536,2013-10-01,1,4,8688.9829,2,6163.536,1,5649.528
538,2013-10-01,32,2,110413.7135,2,110413.7135,1,47758.7523
540,2013-10-01,1,4,5956.1455000000005,2,4936.77,1,805.788
542,2013-10-01,32,2,8410.7468,2,8410.7468,1,3605.214
544,2013-10-01,62,4,45303.1893,2,22337.0449,1,12423.5249
546,2013-10-01,1,4,13016.9812,2,12586.464,1,5324.208
550,2013-10-01,32,2,53815.5193,2,53815.5193,1,27486.99
554,2013-10-01,1,2,6546.040800000001,2,6546.040800000001,1,4291.326
556,2013-10-01,1,4,20312.2513,2,10569.954,1,2936.898
558,2013-10-01,32,2,3876.564,1,3406.77,1,3406.77
560,2013-10-01,154,2,11158.880400000002,1,2458.9178,0,0.0
562,2013-10-01,1,4,138733.274,2,79625.03600000001,1,23983.704
564,2013-10-01,32,2,3179.5272,2,3179.5272,1,890.82
566,2013-10-01,62,1,242.4,1,242.4,1,242.4
568,2013-10-01,32,4,1726.356,2,864.81,1,677.682
570,2013-10-01,32,4,135140.23619999998,2,72241.5201,1,41830.7841
574,2013-10-01,32,4,1580.358,2,1020.576,1,696.582
578,2013-10-01,62,1,228.582,1,228.582,1,228.582
580,2013-10-01,1,2,107312.9778,2,107312.9778,1,40467.3232
582,2013-10-01,1,2,108930.1998,2,108930.1998,1,40456.9125
588,2013-10-01,62,1,1279.248,1,1279.248,1,1279.248
592,2013-10-01,32,4,291364.577,2,149046.5297,1,67815.5873
596,2013-10-01,1,2,168403.36320000002,2,168403.36320000002,1,70336.8619
598,2013-10-01,1,4,306032.5022,2,126516.985,1,53900.4608
600,2013-10-01,1,4,294930.7176,2,198993.3507,1,86381.381
602,2013-10-01,1,4,149155.6607,2,63234.018000000004,1,28881.966
604,2013-10-01,1,3,3806.3563,2,3635.6277,1,583.68
608,2013-10-01,1,4,8335.002,2,7947.503999999999,1,5885.922
612,2013-10-01,62,3,49532.2534,1,47000.9618,1,47000.9618
614,2013-10-01,32,2,10055.274,2,10055.274000000001,1,1946.022
618,2013-10-01,62,1,47813.2429,1,47813.2429,1,47813.2429
620,2013-10-01,1,4,8543.8265,2,3941.208,1,2639.382
622,2013-10-01,1,4,141202.7371,2,84656.216,1,34355.6
624,2013-10-01,62,1,63669.48,1,63669.48,1,63669.48
626,2013-10-01,62,1,96485.4353,1,96485.4353,1,96485.4353
628,2013-10-01,93,2,720.1560000000001,1,72.162,0,0.0
630,2013-10-01,32,2,9300.371,2,9300.371,1,4764.114
634,2013-10-01,1,3,8462.4102,2,6113.4402,1,3148.446
636,2013-10-01,32,2,14828.1099,2,14828.1099,1,9208.698
638,2013-10-01,62,4,7724.9943,2,3409.5123,1,1915.542
642,2013-10-01,62,4,174240.6607,2,108137.1966,1,68906.6458
644,2013-10-01,62,1,48.594,1,48.594,1,48.594
648,2013-10-01,62,4,333633.1644,2,159587.00199999998,1,64152.0919
650,2013-10-01,1,3,1306.014,2,699.018,1,672.294
652,2013-10-01,32,2,324308.7856,2,324308.7856,1,160378.3913
654,2013-10-01,62,2,1349.2738000000002,1,31.584,1,31.584
656,2013-10-01,1,2,114345.8458,2,114345.8458,1,53919.8993
658,2013-10-01,62,3,5554.9747,2,4484.9182,1,4098.648
660,2013-10-01,62,1,49517.6753,1,49517.6753,1,49517.6753
662,2013-10-01,32,4,297219.9004,2,153166.41270000002,1,62744.624
664,2013-10-01,32,4,180338.4814,2,64060.504400000005,1,29025.018
666,2013-10-01,32,2,2361.8233,2,2361.8233,1,1118.52
668,2013-10-01,154,3,101698.7901,1,28916.5984,0,0.0
670,2013-10-01,32,2,1414.038,2,1414.038,1,595.338
672,2013-10-01,62,4,168246.42969999998,2,78133.99919999999,1,33592.044
676,2013-10-01,62,1,3671.958,1,3671.958,1,3671.958
682,2013-10-01,62,1,13119.4132,1,13119.4132,1,13119.4132
684,2013-10-01,32,4,18292.4176,2,12713.556,1,7556.874
688,2013-10-01,32,2,21039.3699,2,21039.369899999998,1,11888.988
690,2013-10-01,93,1,316.86,1,316.86,0,0.0
692,2013-10-01,32,4,156713.65039999998,2,96989.38930000001,1,46412.8153
696,2013-10-01,62,1,56184.0389,1,56184.0389,1,56184.0389
702,2013-10-01,154,3,28885.479,1,10763.151,0,0.0
706,2013-10-01,1,2,8639.364,2,8639.364,1,5078.61
708,2013-10-01,1,2,33687.0881,2,33687.0881,1,17844.474
716,2013-10-01,62,4,13798.2818,2,5530.74,1,2576.898
718,2013-10-01,32,2,12156.1552,2,12156.155200000001,1,7154.268
720,2013-10-01,32,2,20386.366,2,20386.366,1,9699.63
722,2013-10-01,32,3,887.3580000000001,2,842.364,1,518.37
728,2013-10-01,1,4,5489.541,2,1528.6680000000001,1,232.692
730,2013-10-01,62,2,2860.151,2,2860.151,2,2860.151
732,2013-10-01,1,4,18580.3262,2,8277.138,1,3453.57
734,2013-10-01,62,4,9822.4734,2,3515.6209,1,2263.368
736,2013-10-01,32,3,4768.968000000001,3,4768.968000000001,2,2132.28
742,2013-10-01,32,2,879.2819999999999,2,879.2819999999999,1,75.516
744,2013-10-01,32,4,18705.3017,2,4589.154,1,3257.916
746,2013-10-01,1,4,37876.1402,2,20094.5008,1,5728.0108
752,2013-10-01,62,4,29729.1258,2,15731.8132,1,6770.298
758,2013-10-01,62,1,1373.556,1,1373.556,1,1373.556
762,2013-10-01,32,4,255119.7386,2,142995.0446,1,49597.4077
764,2013-10-01,62,4,73630.8832,2,40194.8763,1,23384.652
766,2013-10-01,1,4,15887.915,2,7081.68,1,2901.234
768,2013-10-01,32,4,150766.1702,2,82075.8553,1,32649.4443
770,2013-10-01,32,2,171088.0962,2,171088.0962,1,104153.3951
772,2013-10-01,32,2,3062.0868,2,3062.0868,1,1336.23
774,2013-10-01,62,1,66871.8419,1,66871.8419,1,66871.8419
776,2013-10-01,62,4,25484.4386,2,23326.0995,1,20607.78
780,2013-10-01,1,4,122209.3176,2,72536.442,1,28746.594
784,2013-10-01,62,1,54.942,1,54.942,1,54.942
786,2013-10-01,62,4,391005.7993,2,209988.36239999998,1,105505.3991
788,2013-10-01,62,4,144093.07140000002,2,87599.52410000001,1,51395.322
792,2013-10-01,32,4,168282.6805,2,88905.82449999999,1,31837.456
794,2013-10-01,1,4,136258.961,2,70472.8175,1,27643.136
796,2013-10-01,1,2,82703.7904,2,82703.7904,1,25600.722
798,2013-10-01,62,4,227524.3985,2,133688.6032,1,75647.3619
802,2013-10-01,62,4,16685.9865,2,9430.460299999999,1,5696.538
806,2013-10-01,62,1,4949.682,1,4949.682,1,4949.682
808,2013-10-01,1,4,296124.9519,2,185335.4891,1,74298.5404
810,2013-10-01,1,2,3643.5289,2,3643.5289000000002,1,1512.762
812,2013-10-01,62,4,159023.56089999998,2,69280.5792,1,26816.5751
814,2013-10-01,62,4,365163.7454,2,177442.80359999998,1,81431.7128
816,2013-10-01,1,4,237193.8359,2,62708.148799999995,1,26886.474
818,2013-10-01,93,3,1181.5320000000002,1,818.7,0,0.0
822,2013-10-01,1,4,3379.1962,2,2997.2219999999998,1,2025.24
824,2013-10-01,62,1,40271.493,1,40271.493,1,40271.493
826,2013-10-01,62,4,5832.3481,2,2662.6632,1,1130.952
828,2013-10-01,62,4,281013.0648,2,144180.1855,1,84713.7665
830,2013-10-01,1,3,1278.7348,3,1278.7348,1,672.294
832,2013-10-01,1,4,147124.18589999998,2,73278.9359,1,26696.46
834,2013-10-01,1,2,94034.2641,2,94034.2641,1,35714.1622
838,2013-10-01,1,2,99965.8921,2,99965.8921,1,28682.652
844,2013-10-01,62,4,4971.6583,2,2019.9883,1,16.272
846,2013-10-01,1,4,13975.4194,2,5005.89,1,4973.772
848,2013-10-01,1,4,143693.679,2,78229.98000000001,1,44595.3
852,2013-10-01,32,4,137171.2934,2,76704.4301,1,35791.9061
854,2013-10-01,62,1,109.788,1,109.788,1,109.788
856,2013-10-01,62,1,92278.0501,1,92278.0501,1,92278.0501
858,2013-10-01,32,2,80424.6043,2,80424.6043,1,47522.982
860,2013-10-01,62,1,62895.5616,1,62895.5616,1,62895.5616
862,2013-10-01,154,3,58692.5739,1,22106.9986,0,0.0
864,2013-10-01,62,1,2042.562,1,2042.562,1,2042.562
868,2013-10-01,62,1,790.5564,1,790.5564,1,790.5564
874,2013-10-01,32,4,216779.2305,2,128582.9851,1,51341.6887
876,2013-10-01,32,4,2812.8422,4,2812.8422,2,1496.1876000000002
878,2013-10-01,154,3,41073.5962,1,12263.9593,0,0.0
880,2013-10-01,32,3,3507.276,2,2859.2819999999997,1,105.294
886,2013-10-01,62,1,1249.65,1,1249.65,1,1249.65
888,2013-10-01,124,1,1344.588,1,1344.588,0,0.0
890,2013-10-01,1,1,818.7,1,818.7,1,818.7
892,2013-10-01,1,4,4387.4367,2,3359.07,1,2897.376
898,2013-10-01,1,2,1222.926,2,1222.926,1,1020.594
900,2013-10-01,1,4,2849.85,2,2530.734,1,900.204
906,2013-10-01,62,1,886.2949,1,886.2949,1,886.2949
908,2013-10-01,32,4,19371.4462,2,8645.1121,1,3344.214
910,2013-10-01,62,1,7416.3412,1,7416.3412,1,7416.3412
914,2013-10-01,93,1,323.994,1,323.994,0,0.0
922,2013-10-01,32,1,24.294,1,24.294,1,24.294
928,2013-10-01,62,4,173866.16710000002,2,100360.7255,1,73920.7391
932,2013-10-01,32,4,280995.6599,2,121963.4735,1,61119.642
938,2013-10-01,62,4,4020.531,2,2882.9355,1,1466.01
940,2013-10-01,32,2,48335.6852,2,48335.6852,1,25645.236
942,2013-10-01,93,1,1717.8,1,1717.8,0,0.0
944,2013-10-01,32,4,19045.386,2,10346.028,1,5277.894
946,2013-10-01,1,2,15534.9917,2,15534.991699999999,1,6917.442
948,2013-10-01,1,4,21601.5869,2,18446.322,1,10319.886
950,2013-10-01,62,4,18358.5929,2,9902.3009,1,3794.9789
954,2013-10-01,32,4,155558.2966,2,95707.515,1,30922.3537
958,2013-10-01,1,4,51063.1068,2,16733.316,1,5927.946
962,2013-10-01,1,4,126056.9642,2,97422.5502,1,50012.2575
966,2013-10-01,154,3,3077.724,1,1466.01,0,0.0
970,2013-10-01,1,4,101016.9265,2,59700.456000000006,1,18136.95
972,2013-10-01,93,1,200.052,1,200.052,0,0.0
976,2013-10-01,1,4,153452.6584,2,96763.70999999999,1,40829.652
978,2013-10-01,154,3,164982.4008,1,58120.4322,0,0.0
982,2013-10-01,32,4,51720.6112,2,35114.0689,1,11548.0101
984,2013-10-01,62,1,92141.4113,1,92141.4113,1,92141.4113
986,2013-10-01,1,4,18626.4902,2,7975.218000000001,1,1117.332
988,2013-10-01,1,4,27615.7759,2,13903.764,1,8436.516
990,2013-10-01,62,1,16674.9572,1,16674.9572,1,16674.9572
992,2013-10-01,1,2,9161.028,2,9161.028,1,5775.252
994,2013-10-01,62,1,3977.1649,1,3977.1649,1,3977.1649
996,2013-10-01,32,1,144.0,1,144.0,1,144.0
998,2013-10-01,62,4,33224.0958,2,14345.1345,1,2901.9075
1000,2013-10-01,62,1,2183.64,1,2183.64,1,2183.64
1002,2013-10-01,32,4,27620.1742,2,18314.962,1,6683.5305
1004,2013-10-01,62,1,1135.7955,1,1135.7955,1,1135.7955
1014,2013-10-01,62,4,46424.4593,2,21533.3489,1,7557.3266
1016,2013-10-01,62,4,13505.8599,2,6667.299300000001,1,3864.702
1018,2013-10-01,32,4,17936.377399999998,2,15145.160199999998,1,8257.5158
1020,2013-10-01,62,2,5013.9847,2,5013.9847,2,5013.9847
1024,2013-10-01,1,2,13962.809,2,13962.809000000001,1,7405.398
1026,2013-10-01,62,4,37991.3545,2,23022.6985,1,15368.3048
1028,2013-10-01,1,4,9422.9001,2,6617.808,1,3510.786
1030,2013-10-01,1,2,67668.1713,2,67668.1713,1,29123.8334
1032,2013-10-01,1,4,361627.8501,2,217320.95419999998,1,110050.8354
1034,2013-10-01,93,3,1416.985,1,326.742,0,0.0
1036,2013-10-01,32,2,56778.4463,2,56778.446299999996,1,29503.14
1038,2013-10-01,62,1,25283.1022,1,25283.1022,1,25283.1022
1040,2013-10-01,62,4,133902.1843,2,81561.5625,1,44411.3304
1042,2013-10-01,62,1,31604.671,1,31604.671,1,31604.671
1044,2013-10-01,32,3,1229.3122,2,1045.374,1,373.08
1046,2013-10-01,32,4,153105.6999,2,84890.9818,1,48189.4814
1048,2013-10-01,32,4,3974.187,2,2806.032,1,1768.878
1050,2013-10-01,32,4,308893.7969,2,139199.46970000002,1,67686.0209
1052,2013-10-01,1,4,74783.443,2,19815.7486,1,4667.6461
1054,2013-10-01,32,2,1714.3909,2,1714.3908999999999,1,1430.442
1056,2013-10-01,1,4,16935.326999999997,2,15976.428,1,6126.342
1064,2013-10-01,154,3,1042.4114,1,183.9382,0,0.0
1066,2013-10-01,62,4,138732.4709,2,67581.6992,1,36380.3386
1068,2013-10-01,1,3,2969.4637999999995,2,2903.8619999999996,1,149.874
1072,2013-10-01,32,4,10173.5464,4,10173.5464,2,2669.1496
1074,2013-10-01,62,3,1092.9781,2,674.1584,1,2.748
1076,2013-10-01,62,1,437.8429,1,437.8429,1,437.8429
1078,2013-10-01,62,1,1574.442,1,1574.442,1,1574.442
1080,2013-10-01,62,1,26261.707,1,26261.707,1,26261.707
1082,2013-10-01,62,4,36384.4714,2,34607.673800000004,1,33869.946
1084,2013-10-01,62,1,52952.3583,1,52952.3583,1,52952.3583
1086,2013-10-01,32,4,162563.6353,2,74565.4713,1,39596.1202
1088,2013-10-01,1,4,3566.118,4,3566.118,2,1716.486
1090,2013-10-01,1,4,10385.3651,2,6527.652,1,1331.802
1092,2013-10-01,62,2,675.6294,1,26.724,1,26.724
1094,2013-10-01,1,2,2953.956,2,2953.9559999999997,1,202.332
1096,2013-10-01,124,3,1091.6325,1,21.576,0,0.0
1100,2013-10-01,32,2,4411.38,2,4411.38,1,2178.54
1102,2013-10-01,1,2,98.886,2,98.88600000000001,1,72.162
1110,2013-10-01,62,1,1669.032,1,1669.032,1,1669.032
1114,2013-10-01,62,4,24148.1913,2,10962.7605,1,3095.994
1116,2013-10-01,1,2,728.658,2,728.658,1,323.994
1122,2013-10-01,93,1,200.052,1,200.052,0,0.0
1130,2013-10-01,1,2,9394.109,2,9394.109,1,5872.614
1132,2013-10-01,62,3,4196.9738,2,4126.6414,1,3944.9457
1134,2013-10-01,1,4,25119.1118,2,13286.687,1,5558.423
1136,2013-10-01,1,1,323.994,1,323.994,1,323.994
1138,2013-10-01,32,3,5989.9143,2,4298.586,1,3650.598
1140,2013-10-01,1,2,9184.794,2,9184.794,1,3990.18
1142,2013-10-01,1,4,14887.4274,2,5852.406,1,2305.386
1146,2013-10-01,32,2,9087.2341,2,9087.2341,1,3589.794
1150,2013-10-01,62,4,23188.1188,2,12314.7893,1,7798.806
1152,2013-10-01,32,2,15217.3687,2,15217.3687,1,6806.376
1154,2013-10-01,32,2,1137.7519,1,468.66,1,468.66
1158,2013-10-01,62,1,10268.513,1,10268.513,1,10268.513
1160,2013-10-01,62,1,3216.3494,1,3216.3494,1,3216.3494
1162,2013-10-01,32,4,13363.1172,2,5438.348400000001,1,1628.958
1164,2013-10-01,1,4,31400.0255,2,14635.4146,1,10780.338
1166,2013-10-01,62,1,370.794,1,370.794,1,370.794
1168,2013-10-01,154,3,1570.7453,1,777.2902,0,0.0
1178,2013-10-01,62,1,2045.292,1,2045.292,1,2045.292
1182,2013-10-01,1,4,145903.3591,2,61703.471999999994,1,27729.582
1188,2013-10-01,62,4,119841.2645,2,66973.7734,1,28195.896
1192,2013-10-01,1,3,1731.2513,1,713.796,1,713.796
1196,2013-10-01,124,1,1020.594,1,1020.594,0,0.0
1198,2013-10-01,32,2,60319.95,2,60319.95,1,26517.84
1200,2013-10-01,1,4,161102.8785,2,70657.992,1,38991.894
1202,2013-10-01,1,4,123673.9971,2,61722.303,1,26225.94
1204,2013-10-01,62,4,12162.0074,2,7875.3624,1,3483.366
1210,2013-10-01,1,2,66579.462,2,66579.462,1,33674.778
1212,2013-10-01,154,2,758.9395,1,22.794,0,0.0
1214,2013-10-01,1,4,125154.0914,2,56044.1522,1,25527.645
1216,2013-10-01,62,2,1183.3527,1,858.9,1,858.9
1218,2013-10-01,62,3,8823.343499999999,2,7139.0857,1,4321.224
1220,2013-10-01,1,4,151893.7641,2,86769.1864,1,46675.7715
1230,2013-10-01,1,2,57567.3108,2,57567.3108,1,30381.57
1232,2013-10-01,1,2,77.982,2,77.982,1,48.594
1234,2013-10-01,32,4,131432.1235,2,66778.4285,1,37814.8377
1236,2013-10-01,1,4,131748.8048,2,72798.1191,1,28637.52
1238,2013-10-01,1,2,65701.658,2,65701.658,1,35695.74
1242,2013-10-01,1,4,368440.9861,2,240918.02610000002,1,112044.8055
1246,2013-10-01,62,3,47200.3242,1,44050.2084,1,44050.2084
1248,2013-10-01,62,1,53277.6924,1,53277.6924,1,53277.6924
1250,2013-10-01,62,1,46703.1548,1,46703.1548,1,46703.1548
1252,2013-10-01,1,2,68075.052,2,68075.052,1,28343.34
1254,2013-10-01,1,4,225740.561,2,136177.59889999998,1,62739.666
1256,2013-10-01,32,4,1215.5788,2,959.922,1,475.29
1260,2013-10-01,62,1,33631.8982,1,33631.8982,1,33631.8982
1262,2013-10-01,1,2,216424.9968,2,216424.99680000002,1,122285.724
1266,2013-10-01,1,4,292625.6567,2,117424.3639,1,51377.0302
1272,2013-10-01,1,2,1822.908,2,1822.908,1,1466.01
1274,2013-10-01,62,4,3173.5185,2,1680.6428,1,1466.01
1276,2013-10-01,1,2,46322.516,2,46322.516,1,24430.38
1278,2013-10-01,62,4,159217.4904,2,80671.7476,1,46694.2363
1282,2013-10-01,62,1,25690.4699,1,25690.4699,1,25690.4699
1284,2013-10-01,62,1,42858.2133,1,42858.2133,1,42858.2133
1286,2013-10-01,62,1,225.63,1,225.63,1,225.63
1290,2013-10-01,1,4,145328.2842,2,75432.8602,1,37891.884
1292,2013-10-01,1,2,2643.3529,2,2643.3529,1,728.91
1296,2013-10-01,62,4,115792.0269,2,73714.0276,1,38783.562
1298,2013-10-01,62,1,3919.5255,1,3919.5255,1,3919.5255
1300,2013-10-01,1,2,215682.1939,2,215682.1939,1,93397.7361
1302,2013-10-01,32,2,96811.3109,2,96811.31090000001,1,39829.9636
1304,2013-10-01,1,2,98436.8067,2,98436.8067,1,49178.526
1306,2013-10-01,62,1,1525.8048,1,1525.8048,1,1525.8048
1310,2013-10-01,1,4,1925.7597,2,1039.872,1,338.994
1316,2013-10-01,1,4,107556.4429,2,64052.8851,1,18230.4641
1318,2013-10-01,62,1,4441.4448,1,4441.4448,1,4441.4448
1320,2013-10-01,1,4,1940.7055,2,1129.722,1,338.994
1322,2013-10-01,62,4,133133.9811,2,74897.3438,1,43253.7414
1324,2013-10-01,62,3,44918.1854,1,39923.9842,1,39923.9842
1326,2013-10-01,93,2,2268.282,1,858.9,0,0.0
1330,2013-10-01,154,3,117326.0739,1,43678.96,0,0.0
1332,2013-10-01,1,4,113074.4474,2,65772.612,1,33608.064
1334,2013-10-01,62,4,137189.9467,2,86836.5124,1,61251.456
1336,2013-10-01,62,4,314909.3158,2,191613.1216,1,104273.0197
1338,2013-10-01,32,3,4163.6079,2,2893.776,1,109.788
1340,2013-10-01,62,4,3504.0179,2,854.8447,1,70.644
1342,2013-10-01,62,1,1254.048,1,1254.048,1,1254.048
1346,2013-10-01,62,4,4502.0093,2,1594.5867,1,1020.594
1350,2013-10-01,1,4,75694.8079,2,45995.952000000005,1,25592.358
1352,2013-10-01,62,1,34771.9097,1,34771.9097,1,34771.9097
1354,2013-10-01,62,1,2186.73,1,2186.73,1,2186.73
1356,2013-10-01,62,4,191123.0941,2,109424.5278,1,63707.6101
1362,2013-10-01,1,4,84054.67510000001,2,83243.6916,1,30219.69
1366,2013-10-01,32,2,10899.3901,2,10899.3901,1,5371.434
1368,2013-10-01,154,2,134.74,1,94.367,0,0.0
1370,2013-10-01,62,1,17746.2521,1,17746.2521,1,17746.2521
1376,2013-10-01,62,4,23344.7859,2,14408.776699999999,1,10687.854
1378,2013-10-01,154,3,6443.6165,1,1320.6349,0,0.0
1380,2013-10-01,1,2,6884.394,2,6884.394,1,4550.922
1384,2013-10-01,1,2,17601.8416,2,17601.8416,1,7317.648
1386,2013-10-01,154,3,501.468,1,205.146,0,0.0
1388,2013-10-01,32,4,41006.6403,2,23991.7866,1,9377.4689
1392,2013-10-01,62,4,8602.133399999999,2,5211.494699999999,1,2760.444
1394,2013-10-01,1,4,11834.3033,2,8855.2466,1,5359.5926
1396,2013-10-01,1,2,11915.028,2,11915.028,1,7909.992
1398,2013-10-01,1,4,27199.7315,2,14580.84,1,7472.886
1400,2013-10-01,1,4,17918.817900000002,2,6598.962,1,4592.916
1404,2013-10-01,32,2,182972.5195,2,182972.5195,1,74321.3769
1408,2013-10-01,1,2,559.23,1,356.898,1,356.898
1412,2013-10-01,1,4,3505.8767,2,1033.566,1,1001.982
1414,2013-10-01,32,4,148871.0754,2,82200.62419999999,1,27947.5878
1418,2013-10-01,32,4,294128.3816,2,166376.8213,1,68404.626
1420,2013-10-01,1,2,180772.2168,2,180772.2168,1,79548.7562
1422,2013-10-01,1,4,146647.1555,2,87892.1778,1,34038.2273
1424,2013-10-01,1,4,273528.2951,2,164948.5444,1,63339.258
1426,2013-10-01,154,3,214726.8518,1,78942.2843,0,0.0
1428,2013-10-01,124,3,820.9707,1,26.724,0,0.0
1430,2013-10-01,32,4,220116.3329,2,141907.69439999998,1,64654.2775
1432,2013-10-01,32,1,72.162,1,72.162,1,72.162
1434,2013-10-01,1,2,1179.708,2,1179.708,1,202.332
1436,2013-10-01,154,2,2572.8878,1,1297.8409,0,0.0
1438,2013-10-01,1,2,1271.4529,1,41.994,1,41.994
1440,2013-10-01,1,2,49369.2512,2,49369.2512,1,28913.67
1442,2013-10-01,62,1,283.9489,1,283.9489,1,283.9489
1444,2013-10-01,62,4,11678.468,2,5560.773,1,3650.478
1448,2013-10-01,62,2,2292.7200000000003,2,2292.7200000000003,1,2224.338
1450,2013-10-01,1,4,63960.4305,2,32546.1329,1,15310.32
1456,2013-10-01,1,4,36673.3141,2,16337.0941,1,5741.6651
1462,2013-10-01,1,2,35279.3777,2,35279.3777,1,19598.028
1464,2013-10-01,1,2,33054.947100000005,2,33054.947100000005,1,18787.878
1470,2013-10-01,32,4,1279.8606,2,952.3563999999999,1,251.964
1472,2013-10-01,62,4,4833.9687,2,2055.9349,1,552.948
1474,2013-10-01,62,1,23624.4279,1,23624.4279,1,23624.4279
1476,2013-10-01,1,2,6726.276,2,6726.276,1,5969.91
1478,2013-10-01,1,4,11143.448799999998,2,5975.7148,1,905.88
1480,2013-10-01,1,3,3209.0667,2,2760.3149,1,417.774
1482,2013-10-01,1,2,7091.209499999999,2,7091.209499999999,1,4424.94
1484,2013-10-01,62,1,21.576,1,21.576,1,21.576
1486,2013-10-01,1,4,37298.385,2,14075.862000000001,1,7519.392
1490,2013-10-01,62,1,3741.6939,1,3741.6939,1,3741.6939
1798,2013-10-01,62,4,29688.8411,2,12029.9376,1,4216.1064
1802,2013-10-01,1,4,23763.1461,2,13148.148000000001,1,8935.044
1804,2013-10-01,62,1,1741.7689,1,1741.7689,1,1741.7689
1808,2013-10-01,62,1,1615.2769,1,1615.2769,1,1615.2769
1810,2013-10-01,62,1,8785.932,1,8785.932,1,8785.932
1812,2013-10-01,1,2,7301.7684,2,7301.7684,1,5721.768
1814,2013-10-01,1,2,775.0464,2,775.0464,1,12.144
1816,2013-10-01,62,4,21821.1882,2,11253.5406,1,5942.0055
1818,2013-10-01,62,1,917.8789,1,917.8789,1,917.8789
1822,2013-10-01,32,4,24234.8204,2,12961.4537,1,7137.036
1828,2013-10-01,1,4,1832.2092,2,907.494,1,48.594
1830,2013-10-01,62,4,147683.7833,2,80725.2304,1,39566.3847
1836,2013-10-01,62,4,195253.7233,2,134035.4737,1,106929.5461
1838,2013-10-01,1,4,13220.1492,2,12223.446,1,6236.76
1840,2013-10-01,32,4,308875.4876,2,176024.8336,1,77394.5591
1842,2013-10-01,62,4,190365.6452,2,127836.44810000001,1,90020.6146
1844,2013-10-01,62,4,266071.61840000004,2,159907.6555,1,115310.4777
1846,2013-10-01,32,2,86803.3065,2,86803.3065,1,37117.648
1852,2013-10-01,62,1,1878.2568,1,1878.2568,1,1878.2568
1856,2013-10-01,1,2,7356.3,2,7356.3,1,6032.862
1858,2013-10-01,1,4,141409.7478,2,92181.1515,1,40438.7655
1864,2013-10-01,1,2,96.294,2,96.294,1,32.394
1866,2013-10-01,1,2,89960.9054,2,89960.9054,1,50982.798
1868,2013-10-01,1,4,55176.2223,2,2364.024,1,477.582
1870,2013-10-01,1,2,8859.2304,2,8859.2304,1,3588.678
1872,2013-10-01,93,1,672.294,1,672.294,0,0.0
1874,2013-10-01,1,2,52554.8773,2,52554.8773,1,30407.592
1878,2013-10-01,32,4,140599.4831,2,76677.91930000001,1,39770.4253
1880,2013-10-01,62,1,283.9489,1,283.9489,1,283.9489
1882,2013-10-01,32,4,145919.7626,2,75762.5761,1,40611.4141
1886,2013-10-01,62,1,802.398,1,802.398,1,802.398
1888,2013-10-01,32,2,95560.4627,2,95560.4627,1,54459.504
1890,2013-10-01,62,1,43013.4036,1,43013.4036,1,43013.4036
1892,2013-10-01,62,1,200.052,1,200.052,1,200.052
1894,2013-10-01,1,2,50926.8779,2,50926.8779,1,21595.368
1898,2013-10-01,32,4,128734.9993,2,60207.6488,1,35733.1672
1900,2013-10-01,1,4,91751.5346,2,5250.522,1,785.958
1904,2013-10-01,93,1,1.374,1,1.374,0,0.0
1910,2013-10-01,62,1,158.43,1,158.43,1,158.43
1914,2013-10-01,62,1,24518.1401,1,24518.1401,1,24518.1401
1916,2013-10-01,154,3,139732.056,1,46260.7274,0,0.0
1918,2013-10-01,32,2,1029.192,2,1029.192,1,672.294
1924,2013-10-01,1,4,2890.1848,2,1887.252,1,1866.858
1926,2013-10-01,1,2,2907.486,2,2907.486,1,2159.352
1928,2013-10-01,62,1,24830.4239,1,24830.4239,1,24830.4239
1932,2013-10-01,62,1,202.332,1,202.332,1,202.332
1936,2013-10-01,1,3,3224.9607,2,2900.508,1,202.332
1938,2013-10-01,62,1,28920.1932,1,28920.1932,1,28920.1932
1940,2013-10-01,1,2,51115.964,2,51115.964,1,27089.358
1944,2013-10-01,1,4,171620.73129999998,2,78324.162,1,39988.776
1946,2013-10-01,1,4,71554.7175,2,70047.744,1,32632.896
1948,2013-10-01,32,4,68261.052,2,7440.216,1,3430.62
1950,2013-10-01,62,1,29423.4996,1,29423.4996,1,29423.4996
1954,2013-10-01,154,1,1295.988,1,1295.988,0,0.0
1958,2013-10-01,1,2,90450.1166,2,90450.11660000001,1,33186.846
1962,2013-10-01,1,4,307274.8373,2,159901.5387,1,75145.2966
1966,2013-10-01,62,4,88061.2377,2,44388.4696,1,21393.5597
1968,2013-10-01,154,3,16394.5533,1,5835.6552,0,0.0
1970,2013-10-01,1,4,228187.626,2,170640.2269,1,73114.151
1976,2013-10-01,32,4,171727.8292,2,92067.59340000001,1,34117.389
1978,2013-10-01,154,3,744.2388000000001,1,425.8598,0,0.0
1982,2013-10-01,1,4,241675.5395,2,68148.68400000001,1,28744.962
1984,2013-10-01,62,4,134582.77479999998,2,65586.8395,1,31612.0704
1986,2013-10-01,32,4,8275.7832,2,6938.652,1,4002.894
1988,2013-10-01,1,4,4745.3607,2,2138.304,1,1466.01
1990,2013-10-01,32,2,95794.6211,2,95794.62109999999,1,45633.21
1992,2013-10-01,1,4,328615.6554,2,155362.398,1,76571.586
1994,2013-10-01,62,4,146378.4909,2,82404.2118,1,44021.7035
