StoreID,SalesOrderID,OrderDate,TerritoryID,SalesPersonID,SubTotal,qty,n_lines,avg_disc,rev_bikes,rev_components,rev_clothing,rev_accessories
1046,43659,2011-05-31,5,279,20565.6206,26,12,0.000000,20324.940000,0.000000,159.934600,80.746000
722,43660,2011-05-31,5,279,1294.2529,2,2,0.000000,1294.252900,0.000000,0.000000,0.000000
852,43661,2011-05-31,6,282,32726.4786,38,15,0.000000,26354.922000,6036.462700,193.788400,141.305500
1418,43662,2011-05-31,6,282,28832.5289,54,22,0.000000,26116.842300,2715.686600,0.000000,0.000000
484,43663,2011-05-31,4,276,419.4589,1,1,0.000000,419.458900,0.000000,0.000000,0.000000
1206,43664,2011-05-31,1,280,24432.6088,14,8,0.000000,24374.928000,0.000000,57.680800,0.000000
518,43665,2011-05-31,1,283,14352.7713,20,10,0.000000,14189.958000,0.000000,102.253800,60.559500
1850,43666,2011-05-31,4,276,5056.4896,7,6,0.000000,4699.591600,356.898000,0.000000,0.000000
1374,43667,2011-05-31,3,277,6107.082,6,4,0.000000,6089.982000,0.000000,17.100000,0.000000
592,43668,2011-05-31,6,282,35944.1562,93,29,0.000000,29544.265900,5960.967400,337.990400,100.932500
880,43669,2011-05-31,1,283,714.7043,1,1,0.000000,0.000000,714.704300,0.000000,0.000000
488,43670,2011-05-31,3,275,6122.082,6,4,0.000000,6104.982000,0.000000,17.100000,0.000000
1186,43671,2011-05-31,1,283,8128.7876,17,11,0.000000,7288.097400,713.796000,86.521200,40.373000
1882,43672,2011-05-31,6,282,6124.182,9,3,0.000000,6089.982000,0.000000,34.200000,0.000000
1086,43673,2011-05-31,2,275,3746.2015,20,11,0.000000,2972.088500,541.099800,91.707700,141.305500
552,43674,2011-05-31,6,282,2624.382,3,1,0.000000,2624.382000,0.000000,0.000000,0.000000
1050,43675,2011-05-31,3,277,5716.3102,22,9,0.000000,5141.135400,357.161600,96.894200,121.119000
1018,43676,2011-05-31,5,275,14203.458,12,5,0.000000,14174.958000,0.000000,28.500000,0.000000
318,43683,2011-05-31,1,283,42813.4333,38,13,0.000000,42584.874000,0.000000,107.440300,121.119000
1240,43684,2011-05-31,5,279,5596.4705,9,6,0.000000,5596.470500,0.000000,0.000000,0.000000
1918,43685,2011-05-31,5,279,2736.5678,6,4,0.000000,2552.629600,183.938200,0.000000,0.000000
574,43686,2011-05-31,1,283,3463.2998,5,3,0.000000,3463.299800,0.000000,0.000000,0.000000
584,43687,2011-05-31,2,275,1258.3767,3,2,0.000000,1258.376700,0.000000,0.000000,0.000000
820,43688,2011-05-31,2,275,12718.0844,20,11,0.000000,11987.689000,730.395400,0.000000,0.000000
662,43689,2011-05-31,4,277,33997.3702,66,21,0.000000,31092.388000,2904.982200,0.000000,0.000000
392,43690,2011-05-31,3,275,1297.5901,6,4,0.000000,1258.376700,0.000000,39.213400,0.000000
496,43691,2011-05-31,4,277,874.794,1,1,0.000000,874.794000,0.000000,0.000000,0.000000
1414,43692,2011-05-31,4,281,38510.8973,98,28,0.000000,34864.782300,2894.003800,550.246200,201.865000
306,43693,2011-05-31,5,275,20541.4072,23,10,0.000000,20339.940000,0.000000,120.721200,80.746000
440,43694,2011-05-31,5,279,20645.634,23,11,0.000000,20354.940000,0.000000,149.388500,141.305500
1338,43695,2011-05-31,5,279,39373.781,24,8,0.000000,36479.892000,2882.489000,11.400000,0.000000
1096,43696,2011-05-31,5,279,419.4589,1,1,0.000000,419.458900,0.000000,0.000000,0.000000
1332,43843,2011-07-01,3,275,32940.1556,22,10,0.000000,28409.916000,4518.839600,11.400000,0.000000
608,43844,2011-07-01,6,282,20249.94,10,4,0.000000,20249.940000,0.000000,0.000000,0.000000
1182,43845,2011-07-01,5,279,8580.0739,19,10,0.000000,8104.930300,367.876400,107.267200,0.000000
438,43846,2011-07-01,6,278,919.5201,6,4,0.000000,0.000000,914.333600,5.186500,0.000000
412,43847,2011-07-01,6,278,908.8209,3,3,0.000000,874.794000,0.000000,34.026900,0.000000
818,43848,2011-07-01,1,283,18269.946,9,5,0.000000,18269.946000,0.000000,0.000000,0.000000
1032,43849,2011-07-01,1,274,20544.7015,18,11,0.000000,20339.940000,0.000000,144.202000,60.559500
1192,43850,2011-07-01,6,282,10183.7952,18,11,0.000000,8198.767600,1985.027600,0.000000,0.000000
344,43851,2011-07-01,2,275,6783.7679,19,12,0.000000,5957.968300,719.680600,5.186500,100.932500
1112,43852,2011-07-01,6,282,2024.994,1,1,0.000000,2024.994000,0.000000,0.000000,0.000000
1022,43853,2011-07-01,6,282,26354.922,13,6,0.000000,26354.922000,0.000000,0.000000,0.000000
1406,43854,2011-07-01,6,282,1749.588,2,1,0.000000,1749.588000,0.000000,0.000000,0.000000
1312,43855,2011-07-01,6,278,10993.3516,23,13,0.000000,9733.098400,1260.253200,0.000000,0.000000
738,43856,2011-07-01,6,282,2036.394,3,2,0.000000,2024.994000,0.000000,11.400000,0.000000
1896,43857,2011-07-01,6,282,7186.5371,23,14,0.000000,6471.264500,541.099800,73.240300,100.932500
1344,43858,2011-07-01,2,275,13694.3494,24,13,0.000000,12790.730600,903.618800,0.000000,0.000000
1134,43859,2011-07-01,4,276,3911.5991,7,4,0.000000,3882.758700,0.000000,28.840400,0.000000
934,43860,2011-07-01,1,280,10993.3942,16,12,0.000000,10273.977200,719.417000,0.000000,0.000000
884,43861,2011-07-01,5,279,23401.1062,83,27,0.000000,20087.121600,2526.127400,565.805700,222.051500
1310,43862,2011-07-01,5,279,31000.7804,23,9,0.000000,26474.922000,4503.058400,22.800000,0.000000
914,43863,2011-07-01,4,277,1718.8983,4,4,0.000000,1713.711800,0.000000,5.186500,0.000000
1860,43864,2011-07-01,4,276,38474.3572,22,9,0.000000,34589.898000,3884.459200,0.000000,0.000000
1992,43865,2011-07-01,4,277,13196.0548,34,14,0.000000,11938.021500,1098.271800,159.761500,0.000000
498,43866,2011-07-01,1,280,4076.388,4,3,0.000000,4064.988000,0.000000,11.400000,0.000000
522,43867,2011-07-01,1,280,32673.0446,37,18,0.000000,26429.922000,5957.188200,205.188400,80.746000
1828,43868,2011-07-01,6,282,2146.962,1,1,0.000000,2146.962000,0.000000,0.000000,0.000000
1970,43869,2011-07-01,1,276,49193.9864,28,10,0.000000,44699.868000,4494.118400,0.000000,0.000000
728,43870,2011-07-01,2,275,4316.9864,12,5,0.000000,4230.465200,0.000000,86.521200,0.000000
1900,43871,2011-07-01,3,281,9398.8972,28,14,0.000000,8582.350300,551.814600,62.867300,201.865000
1956,43872,2011-07-01,4,276,11584.459,31,16,0.000000,10403.690700,903.355200,136.107600,141.305500
790,43873,2011-07-01,4,276,41250.4391,93,28,0.000000,34221.772600,6685.478200,201.882800,141.305500
494,43874,2011-07-01,3,277,419.4589,1,1,0.000000,419.458900,0.000000,0.000000,0.000000
616,43875,2011-07-01,5,279,121761.9396,88,21,0.001904,111128.941900,10268.036400,223.655800,141.305500
1936,43876,2011-07-01,2,275,7135.2649,16,8,0.000000,6399.512100,735.752800,0.000000,0.000000
1270,43877,2011-07-01,1,280,20628.5745,25,10,0.000000,20354.940000,0.000000,172.702000,100.932500
704,43878,2011-07-01,2,275,4079.988,2,2,0.000000,4079.988000,0.000000,0.000000,0.000000
346,43879,2011-07-01,6,282,21718.7639,83,26,0.000769,17534.492000,3635.904800,265.756064,282.611000
970,43880,2011-07-01,6,278,15479.55,24,13,0.000000,14576.194800,903.355200,0.000000,0.000000
1980,43881,2011-07-01,3,277,38816.8056,42,8,0.006250,38654.886000,0.000000,161.919550,0.000000
466,43882,2011-07-01,6,282,2024.994,1,1,0.000000,2024.994000,0.000000,0.000000,0.000000
832,43883,2011-07-01,2,275,18320.6894,32,17,0.000000,16687.280600,1623.035800,10.373000,0.000000
1126,43884,2011-07-01,3,277,115696.3313,108,22,0.000909,104260.532424,10618.795600,554.578800,262.424500
900,43885,2011-07-01,4,276,68.40,12,2,0.000000,0.000000,0.000000,68.400000,0.000000
780,43886,2011-07-01,6,282,17358.0101,47,21,0.000000,15870.447700,1087.293400,319.523000,80.746000
310,43887,2011-07-01,5,279,419.4589,1,1,0.000000,419.458900,0.000000,0.000000,0.000000
980,43888,2011-07-01,6,282,14432.8174,25,14,0.000000,13339.903000,1092.914400,0.000000,0.000000
1056,43889,2011-07-01,6,278,2082.6748,3,2,0.000000,2024.994000,0.000000,57.680800,0.000000
356,43890,2011-07-01,6,278,75191.9599,46,13,0.000000,69134.796000,6034.363900,22.800000,0.000000
1010,43891,2011-07-01,6,282,32569.104,22,9,0.000000,32534.904000,0.000000,34.200000,0.000000
816,43892,2011-07-01,4,281,16544.5461,34,13,0.000000,16218.154200,183.938200,102.080700,40.373000
1224,43893,2011-07-01,6,282,419.4589,1,1,0.000000,419.458900,0.000000,0.000000,0.000000
1438,43894,2011-07-01,1,280,32492.604,27,7,0.000000,32429.904000,0.000000,62.700000,0.000000
870,43895,2011-07-01,1,280,32459.9278,39,15,0.000000,28409.916000,3684.358400,204.161400,161.492000
1136,43896,2011-07-01,4,277,4345.8268,13,5,0.000000,4230.465200,0.000000,115.361600,0.000000
370,43897,2011-07-01,4,276,51235.0091,54,14,0.000000,50804.850000,0.000000,187.921100,242.238000
794,43898,2011-07-01,6,278,50948.9161,132,28,0.001428,46292.064280,3792.265200,481.043120,383.543500
1228,43899,2011-07-01,3,277,11942.5965,21,13,0.000000,11170.856100,714.059600,57.680800,0.000000
1164,43900,2011-07-01,5,279,34628.298,29,9,0.000000,34559.898000,0.000000,68.400000,0.000000
1214,43901,2011-07-01,4,276,22717.5954,28,10,0.000000,22394.934000,0.000000,201.542400,121.119000
340,43902,2011-07-01,5,279,52803.4477,53,20,0.000000,42644.874000,9822.718000,275.296200,60.559500
1362,43903,2011-07-01,5,279,20.1865,1,1,0.000000,0.000000,0.000000,0.000000,20.186500
1946,43904,2011-07-01,4,277,11361.2706,18,12,0.000000,10273.977200,1087.293400,0.000000,0.000000
1090,43905,2011-07-01,5,279,9880.2666,19,11,0.000000,8965.933000,914.333600,0.000000,0.000000
372,43906,2011-07-01,4,277,32971.323,62,14,0.007142,32474.904000,0.000000,435.859500,60.559500
974,43907,2011-07-01,2,275,14660.3024,44,22,0.000000,13124.645800,1271.495200,183.415400,80.746000
846,43908,2011-07-01,2,275,2561.5408,4,3,0.000000,2146.962000,356.898000,57.680800,0.000000
964,43909,2011-07-01,1,283,25493.3215,19,9,0.000000,20279.940000,5201.981500,11.400000,0.000000
1350,43910,2011-07-01,5,279,19411.9336,33,16,0.000000,17967.742200,1444.191400,0.000000,0.000000
600,43911,2011-07-01,1,280,19734.8665,46,15,0.000000,17931.866000,1634.014200,68.053800,100.932500
1108,43912,2011-07-01,4,276,13078.2699,32,16,0.000000,10715.521000,2157.987400,144.202000,60.559500
936,43913,2011-07-01,4,277,36724.0974,34,12,0.000000,36494.892000,0.000000,67.713400,161.492000
368,43914,2011-07-01,1,281,8152.776,8,5,0.000000,8129.976000,0.000000,22.800000,0.000000
760,43915,2011-07-01,3,275,4049.988,2,1,0.000000,4049.988000,0.000000,0.000000,0.000000
348,43916,2011-07-01,3,276,39450.7884,40,14,0.000000,36554.892000,2447.160000,327.617400,121.119000
1174,43917,2011-07-01,1,283,21356.1593,46,14,0.000000,19824.958800,1276.852600,193.788400,60.559500
544,44074,2011-08-01,2,275,844.1043,3,3,0.000000,838.917800,0.000000,5.186500,0.000000
632,44075,2011-08-01,1,283,26447.022,16,9,0.000000,26429.922000,0.000000,17.100000,0.000000
1436,44076,2011-08-01,3,277,4079.988,2,2,0.000000,4079.988000,0.000000,0.000000,0.000000
812,44077,2011-08-01,6,282,6105.3293,14,8,0.000000,6015.929400,0.000000,28.840400,60.559500
612,44078,2011-08-01,1,283,28045.3358,17,8,0.000000,24359.928000,3685.407800,0.000000,0.000000
1358,44079,2011-08-01,3,277,25706.4831,74,27,0.000000,23001.249000,2185.565200,337.990400,181.678500
850,44080,2011-08-01,4,276,11.40,2,1,0.000000,0.000000,0.000000,11.400000,0.000000
1322,44081,2011-08-01,6,282,37536.9632,41,16,0.000000,32489.904000,4694.219200,171.161500,181.678500
998,44082,2011-08-01,6,274,2039.994,1,1,0.000000,2039.994000,0.000000,0.000000,0.000000
1364,44083,2011-08-01,6,278,1362.3067,6,4,0.000000,1294.252900,0.000000,68.053800,0.000000
312,44084,2011-08-01,6,282,8129.976,4,2,0.000000,8129.976000,0.000000,0.000000,0.000000
648,44085,2011-08-01,6,282,20644.2343,45,21,0.000000,18870.118800,1455.169800,96.894200,222.051500
828,44086,2011-08-01,6,282,73761.5266,97,21,0.000000,58964.826000,14015.888100,397.269000,383.543500
1308,44087,2011-08-01,4,276,5007.72,4,2,0.000000,4293.924000,713.796000,0.000000,0.000000
1082,44088,2011-08-01,4,281,419.4589,1,1,0.000000,419.458900,0.000000,0.000000,0.000000
724,44089,2011-08-01,4,276,2097.2945,5,3,0.000000,2097.294500,0.000000,0.000000,0.000000
694,44090,2011-08-01,4,277,6654.7023,33,13,0.000000,5596.470500,551.814600,385.298200,121.119000
1244,44091,2011-08-01,4,281,4492.7043,19,7,0.000000,3499.176000,713.796000,57.680800,222.051500
1934,44092,2011-08-01,4,277,4075.0341,16,8,0.000000,2972.088500,1082.199600,20.746000,0.000000
800,44093,2011-08-01,4,277,10680.7251,44,19,0.000000,9443.353000,730.395400,406.044200,100.932500
806,44094,2011-08-01,6,282,4079.988,2,1,0.000000,4079.988000,0.000000,0.000000,0.000000
882,44095,2011-08-01,4,281,42341.075,24,9,0.000000,38639.886000,3701.189000,0.000000,0.000000
686,44096,2011-08-01,3,275,8129.976,4,2,0.000000,8129.976000,0.000000,0.000000,0.000000
672,44097,2011-08-01,3,277,6035.8246,24,12,0.000000,4721.676500,1103.629200,28.840400,181.678500
334,44098,2011-08-01,5,279,16369.1545,30,6,0.008333,16259.952000,0.000000,109.202500,0.000000
1204,44099,2011-08-01,4,281,12499.4471,11,6,0.000000,12470.606700,0.000000,28.840400,0.000000
764,44100,2011-08-01,1,281,81164.2329,78,21,0.000952,69836.643476,10808.907000,377.376900,141.305500
826,44101,2011-08-01,5,279,9794.6422,8,4,0.000000,9426.765800,367.876400,0.000000,0.000000
740,44102,2011-08-01,5,279,3513.9448,9,5,0.000000,3427.423600,0.000000,86.521200,0.000000
512,44103,2011-08-01,6,278,3814.3435,12,5,0.000000,3775.130100,0.000000,39.213400,0.000000
896,44104,2011-08-01,6,278,4079.988,2,2,0.000000,4079.988000,0.000000,0.000000,0.000000
926,44105,2011-08-01,3,277,6101.382,5,4,0.000000,6089.982000,0.000000,11.400000,0.000000
1884,44106,2011-08-01,5,279,419.4589,1,1,0.000000,419.458900,0.000000,0.000000,0.000000
1968,44107,2011-08-01,4,277,16185.4292,41,21,0.000000,14107.068400,1795.732000,201.882800,80.746000
754,44108,2011-08-01,4,281,2169.0469,3,2,0.000000,2169.046900,0.000000,0.000000,0.000000
1258,44109,2011-08-01,1,280,13837.0855,32,15,0.000000,12407.147900,1266.137800,62.867300,100.932500
296,44110,2011-08-01,3,277,16667.3077,54,22,0.000000,14476.859800,1823.046200,246.282700,121.119000
864,44111,2011-08-01,6,282,11641.3209,36,19,0.000000,10318.147000,1087.293400,175.321000,60.559500
668,44112,2011-08-01,6,278,32444.904,16,5,0.000000,32444.904000,0.000000,0.000000,0.000000
1296,44113,2011-08-01,4,276,40510.3042,42,15,0.000000,36509.892000,3589.302700,310.177000,100.932500
878,44114,2011-08-01,2,275,33478.9114,60,22,0.000000,30758.472800,2710.065600,10.373000,0.000000
376,44115,2011-08-01,4,276,66848.3878,51,19,0.000000,59024.826000,7576.708200,125.734600,121.119000
752,44116,2011-08-01,5,279,20351.34,12,6,0.000000,20339.940000,0.000000,11.400000,0.000000
520,44117,2011-08-01,2,275,12907.7717,22,16,0.000000,12009.773900,897.997800,0.000000,0.000000
1170,44118,2011-08-01,3,276,3427.4236,6,3,0.000000,3427.423600,0.000000,0.000000,0.000000
1066,44119,2011-08-01,4,281,49096.1075,41,11,0.000000,48869.856000,0.000000,44.573000,181.678500
788,44120,2011-08-01,4,277,26967.1293,31,15,0.000000,22364.934000,4304.007000,217.442300,80.746000
804,44121,2011-08-01,1,276,64713.9547,44,14,0.000000,57014.832000,7664.922700,34.200000,0.000000
362,44122,2011-08-01,5,279,4064.988,2,2,0.000000,4064.988000,0.000000,0.000000,0.000000
320,44123,2011-08-01,2,275,874.794,1,1,0.000000,874.794000,0.000000,0.000000,0.000000
642,44124,2011-08-01,4,277,15439.0357,40,21,0.000000,13651.733300,1628.129600,78.426800,80.746000
1148,44125,2011-08-01,3,277,2604.0653,7,3,0.000000,2588.505800,0.000000,15.559500,0.000000
1016,44126,2011-08-01,1,283,14263.458,12,7,0.000000,14234.958000,0.000000,28.500000,0.000000
478,44127,2011-08-01,4,281,91014.7853,73,22,0.000000,77219.772000,13526.005800,188.261500,80.746000
1930,44128,2011-08-01,5,279,18542.1726,23,11,0.000000,18299.946000,0.000000,141.294100,100.932500
1356,44129,2011-08-01,2,275,55699.8037,115,30,0.000000,50379.229900,4695.356800,463.725000,161.492000
654,44130,2011-08-01,5,279,35410.9983,27,9,0.000000,32489.904000,2866.707800,34.200000,20.186500
298,44131,2011-08-01,2,275,20514.2859,24,10,0.000000,20309.940000,0.000000,63.040400,141.305500
292,44132,2011-08-01,5,279,4049.988,2,1,0.000000,4049.988000,0.000000,0.000000,0.000000
814,44133,2011-08-01,5,279,25686.5186,41,17,0.000000,24394.836900,1271.495200,0.000000,20.186500
1176,44280,2011-08-31,2,275,57.6808,2,1,0.000000,0.000000,0.000000,57.680800,0.000000
484,44281,2011-08-31,4,276,419.4589,1,1,0.000000,419.458900,0.000000,0.000000,0.000000
852,44282,2011-08-31,6,282,40341.1056,46,15,0.000000,34559.898000,5224.603900,374.925200,181.678500
1418,44283,2011-08-31,6,282,43749.2686,81,27,0.000740,39119.895620,4589.000000,0.000000,40.373000
518,44284,2011-08-31,1,283,87867.8426,84,16,0.003125,87344.742000,0.000000,321.235550,201.865000
1206,44285,2011-08-31,1,280,57739.7358,52,13,0.001538,50864.850000,6775.888200,98.997600,0.000000
1850,44286,2011-08-31,4,276,5538.5094,8,6,0.000000,5538.509400,0.000000,0.000000,0.000000
1374,44287,2011-08-31,3,277,16292.052,11,5,0.000000,16274.952000,0.000000,17.100000,0.000000
592,44288,2011-08-31,6,282,43803.1432,102,34,0.000000,34988.938000,8469.297800,183.415400,161.492000
488,44289,2011-08-31,3,275,4082.088,5,3,0.000000,4064.988000,0.000000,17.100000,0.000000
742,44290,2011-08-31,4,281,3846.8825,7,4,0.000000,3846.882500,0.000000,0.000000,0.000000
880,44291,2011-08-31,1,283,4509.8996,6,2,0.000000,0.000000,4509.899600,0.000000,0.000000
1372,44292,2011-08-31,3,275,3432.6101,7,4,0.000000,3427.423600,0.000000,5.186500,0.000000
1086,44293,2011-08-31,2,275,23983.6988,46,25,0.000000,22601.079100,1098.271800,183.415400,100.932500
1882,44294,2011-08-31,6,282,62068.8727,51,11,0.004545,58904.826000,3074.699200,89.347500,0.000000
552,44295,2011-08-31,6,282,9475.5306,21,9,0.000000,9407.476800,0.000000,68.053800,0.000000
1050,44296,2011-08-31,3,277,32383.1098,50,26,0.000000,30863.305500,1271.231600,107.267200,141.305500
1018,44297,2011-08-31,5,275,10231.4699,12,8,0.000000,10169.970000,0.000000,61.499900,0.000000
1044,44298,2011-08-31,6,278,27666.4493,48,27,0.000000,25752.548600,1628.393200,144.202000,141.305500
1184,44299,2011-08-31,4,281,31624.7504,46,27,0.000000,30479.722800,914.333600,170.134500,60.559500
908,44300,2011-08-31,6,278,7802.8815,18,10,0.000000,7729.641200,0.000000,73.240300,0.000000
302,44301,2011-08-31,4,281,29479.3877,45,27,0.000000,27038.507900,2158.251000,201.882800,80.746000
1096,44302,2011-08-31,5,279,2146.962,1,1,0.000000,2146.962000,0.000000,0.000000,0.000000
1948,44303,2011-08-31,2,275,5.70,1,1,0.000000,0.000000,0.000000,5.700000,0.000000
1338,44304,2011-08-31,5,279,37499.5521,21,9,0.000000,34529.898000,2969.654100,0.000000,0.000000
1046,44305,2011-08-31,5,279,18880.6522,39,15,0.001333,16289.952000,2248.108600,241.659100,100.932500
698,44306,2011-08-31,5,279,18648.607,61,20,0.000000,16949.443400,1271.231600,185.694000,242.238000
904,44307,2011-08-31,2,275,7758.1202,24,9,0.000000,7622.012600,0.000000,136.107600,0.000000
318,44308,2011-08-31,1,283,12372.7773,19,9,0.000000,12179.964000,0.000000,91.880800,100.932500
1240,44309,2011-08-31,5,279,27612.424,32,18,0.000000,27408.299300,183.938200,0.000000,20.186500
1918,44310,2011-08-31,5,279,183.9382,1,1,0.000000,0.000000,183.938200,0.000000,0.000000
584,44311,2011-08-31,2,275,7349.9601,11,7,0.000000,6413.303400,936.656700,0.000000,0.000000
574,44312,2011-08-31,1,283,2097.2945,5,4,0.000000,2097.294500,0.000000,0.000000,0.000000
820,44313,2011-08-31,2,275,26037.0214,38,22,0.000000,24408.628200,1628.393200,0.000000,0.000000
662,44314,2011-08-31,4,277,42088.8187,64,23,0.000000,36757.815000,5331.003700,0.000000,0.000000
496,44315,2011-08-31,4,277,2597.0295,9,5,0.000000,2552.629600,0.000000,44.399900,0.000000
392,44316,2011-08-31,3,275,3785.5031,11,6,0.000000,3775.130100,0.000000,10.373000,0.000000
1414,44317,2011-08-31,4,281,33919.0748,103,28,0.000000,28156.175700,5073.684400,426.790200,262.424500
306,44318,2011-08-31,5,275,21090.7731,23,6,0.003333,20279.940000,722.594900,88.238200,0.000000
440,44319,2011-08-31,5,279,34250.3603,30,14,0.000000,32429.904000,1541.294900,178.228900,100.932500
900,44481,2011-10-01,4,276,26367.395,18,7,0.000000,26339.922000,0.000000,27.473000,0.000000
714,44482,2011-10-01,3,277,419.4589,1,1,0.000000,419.458900,0.000000,0.000000,0.000000
586,44483,2011-10-01,1,280,3018.3377,7,4,0.000000,3007.964700,0.000000,10.373000,0.000000
608,44484,2011-10-01,6,282,8184.876,11,5,0.000000,8144.976000,0.000000,39.900000,0.000000
1864,44485,2011-10-01,6,278,4049.988,2,1,0.000000,4049.988000,0.000000,0.000000,0.000000
438,44486,2011-10-01,6,278,603.3971,2,2,0.000000,419.458900,183.938200,0.000000,0.000000
1332,44487,2011-10-01,3,275,41868.906,26,8,0.000000,38594.886000,3256.920000,17.100000,0.000000
1182,44488,2011-10-01,5,279,32857.407,46,27,0.000000,31738.099500,892.640400,125.734600,100.932500
818,44489,2011-10-01,1,283,10288.1579,24,5,0.010000,10169.970000,0.000000,118.187900,0.000000
412,44490,2011-10-01,6,278,3389.6981,10,7,0.000000,3355.671200,0.000000,34.026900,0.000000
454,44491,2011-10-01,2,275,3427.4236,6,4,0.000000,3427.423600,0.000000,0.000000,0.000000
1032,44492,2011-10-01,1,276,67458.9556,66,19,0.000000,61019.820000,5941.407000,316.050100,181.678500
1456,44493,2011-10-01,5,279,6476.0896,21,9,0.000000,6363.635900,0.000000,112.453700,0.000000
344,44494,2011-10-01,2,275,28557.875,52,26,0.000000,27104.762600,1081.672400,149.388500,222.051500
1022,44495,2011-10-01,6,282,4076.388,4,3,0.000000,4064.988000,0.000000,11.400000,0.000000
1192,44496,2011-10-01,6,282,29797.1606,33,19,0.000000,29613.222400,183.938200,0.000000,0.000000
1406,44497,2011-10-01,6,282,1195.8158,3,2,0.000000,838.917800,356.898000,0.000000,0.000000
1312,44498,2011-10-01,6,278,15432.4643,28,15,0.000000,14120.859700,1271.231600,0.000000,40.373000
738,44499,2011-10-01,6,282,12170.664,7,4,0.000000,12164.964000,0.000000,5.700000,0.000000
1134,44500,2011-10-01,4,276,4710.9421,16,6,0.000000,4614.047900,0.000000,96.894200,0.000000
934,44501,2011-10-01,1,280,19669.4111,35,20,0.000000,18387.201100,1282.210000,0.000000,0.000000
1344,44502,2011-10-01,2,275,17871.4452,31,14,0.000000,16254.030400,1617.414800,0.000000,0.000000
452,44503,2011-10-01,3,275,3028.7107,9,4,0.000000,3007.964700,0.000000,20.746000,0.000000
1896,44504,2011-10-01,6,282,19985.7845,53,27,0.000000,17967.742200,1639.108000,217.442300,161.492000
1860,44505,2011-10-01,4,276,34978.0589,22,8,0.000000,32609.904000,2351.054900,17.100000,0.000000
884,44506,2011-10-01,5,279,35651.0339,97,30,0.000000,31164.140400,3786.117000,458.538500,242.238000
1310,44507,2011-10-01,5,279,39244.3122,27,13,0.000000,32474.904000,6758.008200,11.400000,0.000000
914,44508,2011-10-01,4,274,4194.589,10,4,0.000000,4194.589000,0.000000,0.000000,0.000000
1992,44509,2011-10-01,4,277,43615.4161,107,32,0.000000,38421.859300,4506.061200,445.257600,242.238000
840,44510,2011-10-01,1,281,1749.588,2,1,0.000000,1749.588000,0.000000,0.000000,0.000000
498,44511,2011-10-01,1,280,10160.1565,6,5,0.000000,10154.970000,0.000000,5.186500,0.000000
1828,44512,2011-10-01,6,282,1677.8356,4,2,0.000000,1677.835600,0.000000,0.000000,0.000000
522,44513,2011-10-01,1,280,43520.1264,46,16,0.000000,38639.886000,4495.167800,142.834600,242.238000
1970,44514,2011-10-01,1,276,42563.6688,26,11,0.000000,38639.886000,3883.409800,0.000000,40.373000
728,44515,2011-10-01,2,275,5492.1791,16,7,0.000000,5452.965700,0.000000,39.213400,0.000000
528,44516,2011-10-01,1,283,419.4589,1,1,0.000000,419.458900,0.000000,0.000000,0.000000
1900,44517,2011-10-01,3,281,24901.8424,47,27,0.000000,22636.955300,1990.912200,173.042400,100.932500
616,44518,2011-10-01,5,279,126198.3362,106,20,0.003000,117411.703268,8299.303100,245.091800,242.238000
494,44519,2011-10-01,3,277,2146.962,1,1,0.000000,2146.962000,0.000000,0.000000,0.000000
790,44520,2011-10-01,4,276,57700.2263,124,34,0.000000,51306.427200,5844.159400,267.028700,282.611000
1956,44521,2011-10-01,4,276,26112.205,50,26,0.000000,23511.749300,2358.788600,120.548100,121.119000
1936,44522,2011-10-01,2,275,26149.2498,34,22,0.000000,24877.754600,1271.495200,0.000000,0.000000
1270,44523,2011-10-01,1,280,74394.4204,66,17,0.001176,71144.790000,2874.598400,253.913000,121.119000
704,44524,2011-10-01,2,275,4082.088,5,3,0.000000,4064.988000,0.000000,17.100000,0.000000
346,44525,2011-10-01,6,282,41452.6462,115,27,0.001851,38159.696500,1985.027600,823.446100,484.476000
970,44526,2011-10-01,6,278,16506.1424,26,13,0.000000,15602.787200,903.355200,0.000000,0.000000
466,44527,2011-10-01,6,282,6127.782,7,5,0.000000,6104.982000,0.000000,22.800000,0.000000
1980,44528,2011-10-01,3,277,108783.5872,62,12,0.000000,105674.688000,3074.699200,34.200000,0.000000
1454,44529,2011-10-01,6,278,419.4589,1,1,0.000000,419.458900,0.000000,0.000000,0.000000
1126,44530,2011-10-01,3,277,104958.8068,114,22,0.000909,93464.724000,10547.411700,623.687136,322.984000
832,44531,2011-10-01,2,275,22817.6077,36,20,0.000000,20208.541500,2609.066200,0.000000,0.000000
310,44532,2011-10-01,5,274,2146.962,1,1,0.000000,2146.962000,0.000000,0.000000,0.000000
780,44533,2011-10-01,6,282,19499.7922,57,20,0.000000,17592.453100,1444.191400,241.096200,222.051500
356,44534,2011-10-01,6,278,85982.4771,51,13,0.001538,79929.963792,6035.413300,17.100000,0.000000
980,44535,2011-10-01,6,282,23590.8589,36,14,0.000000,22319.627300,1271.231600,0.000000,0.000000
524,44536,2011-10-01,3,277,722.5949,1,1,0.000000,0.000000,722.594900,0.000000,0.000000
418,44537,2011-10-01,6,282,57.6808,2,1,0.000000,0.000000,0.000000,57.680800,0.000000
816,44538,2011-10-01,4,281,57804.9674,96,35,0.000000,51852.803700,5783.177400,68.053800,100.932500
1056,44539,2011-10-01,6,278,1450.8898,3,2,0.000000,0.000000,1445.189800,5.700000,0.000000
870,44540,2011-10-01,1,280,38638.7462,43,16,0.000000,34619.898000,3676.467800,221.261400,121.119000
1438,44541,2011-10-01,1,280,50827.1365,29,10,0.000000,50804.850000,0.000000,22.286500,0.000000
1010,44542,2011-10-01,6,282,16259.8654,12,7,0.000000,16214.952000,0.000000,44.913400,0.000000
1280,44543,2011-10-01,3,277,367.8764,2,2,0.000000,0.000000,367.876400,0.000000,0.000000
370,44544,2011-10-01,4,276,20980.152,30,14,0.000000,18254.946000,2352.104300,251.982700,121.119000
1136,44545,2011-10-01,4,277,9855.7761,19,8,0.000000,9826.935700,0.000000,28.840400,0.000000
1478,44546,2011-10-01,4,276,1749.588,2,1,0.000000,1749.588000,0.000000,0.000000,0.000000
794,44547,2011-10-01,6,278,68958.1569,142,29,0.000689,63906.645008,4148.899600,397.949800,504.662500
1458,44548,2011-10-01,4,276,419.4589,1,1,0.000000,419.458900,0.000000,0.000000,0.000000
1164,44549,2011-10-01,5,279,49036.5151,47,12,0.001666,48794.856000,0.000000,241.659100,0.000000
1228,44550,2011-10-01,3,277,28672.9735,41,21,0.000000,26136.131300,2536.842200,0.000000,0.000000
1214,44551,2011-10-01,4,276,41097.6007,49,15,0.000000,40589.880000,0.000000,285.669200,222.051500
340,44552,2011-10-01,5,279,97915.4075,67,19,0.000000,89504.736000,8099.202300,230.723200,80.746000
1362,44553,2011-10-01,5,279,6074.982,3,1,0.000000,6074.982000,0.000000,0.000000,0.000000
536,44554,2011-10-01,1,280,722.5949,1,1,0.000000,0.000000,722.594900,0.000000,0.000000
1090,44555,2011-10-01,5,279,30095.1611,39,22,0.000000,28283.093300,1812.067800,0.000000,0.000000
372,44556,2011-10-01,4,277,30593.8757,42,16,0.000000,28499.916000,1533.404300,338.503900,222.051500
1946,44557,2011-10-01,4,277,28122.9884,34,21,0.000000,27024.716600,1098.271800,0.000000,0.000000
846,44558,2011-10-01,2,275,838.9178,2,1,0.000000,838.917800,0.000000,0.000000,0.000000
974,44559,2011-10-01,2,275,17451.416,47,20,0.000000,15450.988800,1639.371600,280.309600,80.746000
960,44560,2011-10-01,6,282,936.6567,2,2,0.000000,0.000000,936.656700,0.000000,0.000000
964,44561,2011-10-01,1,283,42033.8061,28,10,0.000000,36599.892000,5416.814100,17.100000,0.000000
1350,44562,2011-10-01,5,279,19237.2798,38,18,0.000000,17057.072000,2180.207800,0.000000,0.000000
600,44563,2011-10-01,1,280,47716.8992,73,28,0.000000,45389.832800,2152.893600,73.240300,100.932500
1108,44564,2011-10-01,4,276,34537.2578,46,24,0.000000,31390.393000,3089.184000,57.680800,0.000000
898,44565,2011-10-01,5,279,2162.0111,5,4,0.000000,2133.170700,0.000000,28.840400,0.000000
936,44566,2011-10-01,4,277,38308.8583,31,15,0.000000,36629.892000,1437.299200,120.548100,121.119000
368,44567,2011-10-01,1,281,46957.8291,43,12,0.000000,46754.862000,0.000000,202.967100,0.000000
760,44568,2011-10-01,3,275,2254.9498,3,3,0.000000,0.000000,2254.949800,0.000000,0.000000
348,44569,2011-10-01,3,276,30635.5103,38,15,0.000000,24404.928000,5845.301900,183.415400,201.865000
1174,44570,2011-10-01,1,283,58494.7906,88,32,0.000000,54134.976900,3986.654600,130.921100,242.238000
544,44740,2011-10-31,2,275,6641.1311,15,9,0.000000,6399.512100,183.938200,57.680800,0.000000
632,44741,2011-10-31,1,283,4079.988,2,2,0.000000,4079.988000,0.000000,0.000000,0.000000
1358,44742,2011-10-31,3,277,40149.6431,115,27,0.000740,36680.564900,2547.820600,578.087136,343.170500
612,44743,2011-10-31,1,283,42254.5844,26,8,0.000000,38549.886000,3693.298400,11.400000,0.000000
812,44744,2011-10-31,6,282,29751.2786,50,25,0.000000,29193.763500,178.580800,217.442300,161.492000
1322,44745,2011-10-31,6,282,26171.9347,43,15,0.000000,20354.940000,5321.758400,394.303800,100.932500
998,44746,2011-10-31,6,282,14290.1984,10,7,0.000000,14249.958000,0.000000,40.240400,0.000000
1364,44747,2011-10-31,6,278,10393.2366,19,9,0.000000,10354.023200,0.000000,39.213400,0.000000
342,44748,2011-10-31,4,277,874.794,1,1,0.000000,874.794000,0.000000,0.000000,0.000000
648,44749,2011-10-31,6,282,45851.7478,100,33,0.000000,42483.999000,2726.401400,358.736400,282.611000
828,44750,2011-10-31,6,282,88977.3784,98,24,0.000000,71054.790000,17177.752400,502.598000,242.238000
1244,44751,2011-10-31,4,281,477.8806,6,3,0.000000,0.000000,362.519000,115.361600,0.000000
724,44752,2011-10-31,4,276,12962.4843,26,9,0.000000,12870.776600,0.000000,91.707700,0.000000
1308,44753,2011-10-31,4,276,2292.5087,4,3,0.000000,419.458900,1873.049800,0.000000,0.000000
694,44754,2011-10-31,4,277,10830.1496,36,14,0.000000,8568.559000,1996.269600,144.202000,121.119000
1934,44755,2011-10-31,4,277,28416.3962,42,25,0.000000,26475.544200,1817.425200,62.867300,60.559500
800,44756,2011-10-31,4,277,14008.6057,39,17,0.000000,11099.103700,2704.181000,164.948000,40.373000
882,44757,2011-10-31,4,281,37591.6521,24,9,0.000000,34604.898000,2969.654100,17.100000,0.000000
672,44758,2011-10-31,3,277,25618.7006,51,27,0.000000,23475.873100,1812.331400,269.936600,60.559500
686,44759,2011-10-31,3,275,6135.9224,7,5,0.000000,6089.982000,0.000000,45.940400,0.000000
1204,44760,2011-10-31,4,281,5202.6366,6,4,0.000000,4293.924000,908.712600,0.000000,0.000000
334,44761,2011-10-31,5,279,82101.9756,52,12,0.000000,75299.778000,6767.997600,34.200000,0.000000
764,44762,2011-10-31,1,281,92832.3445,103,21,0.000952,83174.754000,8814.956000,248.734400,593.900108
826,44763,2011-10-31,5,279,3356.1637,8,7,0.000000,0.000000,3356.163700,0.000000,0.000000
740,44764,2011-10-31,5,279,2133.1707,4,3,0.000000,2133.170700,0.000000,0.000000,0.000000
512,44765,2011-10-31,6,278,5821.11,20,11,0.000000,5524.718100,183.938200,112.453700,0.000000
896,44766,2011-10-31,6,278,4102.788,6,4,0.000000,4079.988000,0.000000,22.800000,0.000000
926,44767,2011-10-31,3,277,30609.7234,26,11,0.000000,30524.910000,0.000000,84.813400,0.000000
1968,44768,2011-10-31,4,277,21596.2123,70,26,0.000000,17404.778500,3636.007500,212.255800,343.170500
1884,44769,2011-10-31,5,279,183.9382,1,1,0.000000,0.000000,183.938200,0.000000,0.000000
754,44770,2011-10-31,4,281,10382.8636,17,8,0.000000,10354.023200,0.000000,28.840400,0.000000
1258,44771,2011-10-31,1,280,69681.6887,85,32,0.000000,68131.620800,1271.495200,96.894200,181.678500
296,44772,2011-10-31,3,277,67369.2136,92,35,0.000000,63859.781700,3267.764800,120.548100,121.119000
864,44773,2011-10-31,6,282,20847.928,63,23,0.000000,18756.992500,1617.414800,251.469200,222.051500
668,44774,2011-10-31,6,278,12455.2805,28,9,0.002222,12209.964000,0.000000,104.011000,141.305500
1460,44775,2011-10-31,5,279,2203.0738,5,4,0.000000,2169.046900,0.000000,34.026900,0.000000
1296,44776,2011-10-31,4,276,47370.7652,44,16,0.000000,44774.868000,2263.889800,210.888400,121.119000
376,44777,2011-10-31,4,276,99502.0328,77,20,0.000000,89294.736000,9833.756800,171.675000,201.865000
878,44778,2011-10-31,2,275,42894.3431,65,21,0.000000,40546.796500,2347.546600,0.000000,0.000000
752,44779,2011-10-31,5,279,32572.704,20,9,0.000000,32549.904000,0.000000,22.800000,0.000000
1170,44780,2011-10-31,3,276,25631.9999,37,19,0.000000,23967.084400,1644.729000,0.000000,20.186500
1392,44781,2011-10-31,4,276,424.6454,2,2,0.000000,419.458900,0.000000,5.186500,0.000000
520,44782,2011-10-31,2,275,29226.2517,40,21,0.000000,27408.299300,1817.952400,0.000000,0.000000
1066,44783,2011-10-31,4,281,29614.2125,43,16,0.000000,28409.916000,722.594900,320.209600,161.492000
716,44784,2011-10-31,2,275,2604.0653,7,4,0.000000,2588.505800,0.000000,15.559500,0.000000
726,44785,2011-10-31,3,277,144.202,5,1,0.000000,0.000000,0.000000,144.202000,0.000000
362,44786,2011-10-31,5,279,2342.1149,3,2,0.000000,0.000000,2342.114900,0.000000,0.000000
788,44787,2011-10-31,4,277,46173.7216,41,17,0.000000,40634.880000,5225.653300,212.255800,100.932500
804,44788,2011-10-31,1,276,86796.1574,56,14,0.000000,77159.772000,9607.885400,28.500000,0.000000
320,44789,2011-10-31,2,275,776.3569,2,2,0.000000,419.458900,356.898000,0.000000,0.000000
966,44790,2011-10-31,4,276,838.9178,2,1,0.000000,838.917800,0.000000,0.000000,0.000000
642,44791,2011-10-31,4,277,14494.3943,48,19,0.000000,11995.982600,2174.850400,222.628800,100.932500
1016,44792,2011-10-31,1,283,34753.5572,38,11,0.001818,34544.898000,0.000000,208.659200,0.000000
1148,44793,2011-10-31,3,277,2133.1707,4,3,0.000000,2133.170700,0.000000,0.000000,0.000000
1246,44794,2011-10-31,1,283,4049.988,2,1,0.000000,4049.988000,0.000000,0.000000,0.000000
478,44795,2011-10-31,4,281,104111.5156,89,20,0.003500,90270.453792,13501.284600,218.658250,121.119000
388,44796,2011-10-31,1,276,13673.8182,25,8,0.000000,13673.818200,0.000000,0.000000,0.000000
1356,44797,2011-10-31,2,275,59944.5457,148,32,0.000625,49181.550100,9830.125900,589.699240,343.170500
1930,44798,2011-10-31,5,279,33438.7697,29,13,0.000000,32459.904000,714.704300,183.415400,80.746000
654,44799,2011-10-31,5,279,40706.7309,28,10,0.000000,34469.898000,6219.732900,17.100000,0.000000
298,44800,2011-10-31,2,275,17107.4924,10,6,0.000000,16259.952000,818.700000,28.840400,0.000000
814,44801,2011-10-31,5,279,48156.2081,65,26,0.000000,45078.002500,3078.205600,0.000000,0.000000
1012,44802,2011-10-31,5,279,4811.5349,15,6,0.000000,4685.800300,0.000000,125.734600,0.000000
852,45038,2011-12-01,6,282,27123.6534,30,15,0.000000,22379.934000,4511.998400,171.161500,60.559500
1418,45039,2011-12-01,6,282,27722.1591,47,19,0.000000,25898.849300,1823.309800,0.000000,0.000000
484,45040,2011-12-01,4,276,419.4589,1,1,0.000000,419.458900,0.000000,0.000000,0.000000
1118,45041,2011-12-01,1,280,419.4589,1,1,0.000000,419.458900,0.000000,0.000000,0.000000
1206,45042,2011-12-01,1,280,40648.38,25,7,0.000000,40619.880000,0.000000,28.500000,0.000000
518,45043,2011-12-01,1,283,32576.7309,22,8,0.000000,32519.904000,0.000000,56.826900,0.000000
1850,45044,2011-12-01,4,276,5056.7532,8,6,0.000000,4699.591600,357.161600,0.000000,0.000000
1374,45045,2011-12-01,3,277,14261.358,9,6,0.000000,14249.958000,0.000000,11.400000,0.000000
742,45046,2011-12-01,4,281,838.9178,2,2,0.000000,838.917800,0.000000,0.000000,0.000000
592,45047,2011-12-01,6,282,39547.8476,84,26,0.000769,36379.578340,2882.761800,144.202000,141.305500
488,45048,2011-12-01,3,275,6127.782,7,4,0.000000,6104.982000,0.000000,22.800000,0.000000
1186,45049,2011-12-01,1,283,1379.5229,8,5,0.000000,419.458900,919.691000,0.000000,40.373000
880,45050,2011-12-01,1,283,4294.9438,4,3,0.000000,2039.994000,2254.949800,0.000000,0.000000
1372,45051,2011-12-01,3,275,3007.9647,5,3,0.000000,3007.964700,0.000000,0.000000,0.000000
1882,45052,2011-12-01,6,282,28409.916,14,5,0.000000,28409.916000,0.000000,0.000000,0.000000
1086,45053,2011-12-01,2,275,19314.9998,29,17,0.000000,19275.786400,0.000000,39.213400,0.000000
552,45054,2011-12-01,6,282,13254.3593,24,8,0.000000,13254.359300,0.000000,0.000000,0.000000
1050,45055,2011-12-01,3,277,19742.7832,27,17,0.000000,19651.075500,0.000000,91.707700,0.000000
1018,45056,2011-12-01,5,275,38655.486,27,9,0.000000,38609.886000,0.000000,45.600000,0.000000
1044,45057,2011-12-01,6,278,22233.0559,28,17,0.000000,22217.496400,0.000000,15.559500,0.000000
908,45058,2011-12-01,6,278,5488.8419,12,7,0.000000,5488.841900,0.000000,0.000000,0.000000
302,45059,2011-12-01,4,281,31282.4841,32,17,0.000000,31224.803300,0.000000,57.680800,0.000000
1184,45060,2011-12-01,4,281,23946.4874,32,19,0.000000,23873.247100,0.000000,73.240300,0.000000
1046,45061,2011-12-01,5,279,73261.1513,44,11,0.000000,73169.784000,0.000000,91.367300,0.000000
698,45062,2011-12-01,5,279,15842.6258,37,20,0.000000,14612.071000,908.712600,241.096200,80.746000
904,45063,2011-12-01,2,275,11121.1886,20,8,0.000000,11121.188600,0.000000,0.000000,0.000000
318,45064,2011-12-01,1,283,53033.1921,35,10,0.000000,52889.844000,0.000000,143.348100,0.000000
1240,45065,2011-12-01,5,279,24025.0455,28,15,0.000000,24025.045500,0.000000,0.000000,0.000000
1918,45066,2011-12-01,5,279,419.4589,1,1,0.000000,419.458900,0.000000,0.000000,0.000000
584,45067,2011-12-01,2,275,3091.8551,9,6,0.000000,2146.962000,914.333600,10.373000,20.186500
574,45068,2011-12-01,1,283,2133.1707,4,3,0.000000,2133.170700,0.000000,0.000000,0.000000
820,45069,2011-12-01,2,275,24552.133,26,14,0.000000,24552.133000,0.000000,0.000000,0.000000
662,45070,2011-12-01,4,277,28091.4187,50,18,0.000000,26116.842300,1974.576400,0.000000,0.000000
392,45071,2011-12-01,3,275,5980.0532,11,5,0.000000,5980.053200,0.000000,0.000000,0.000000
496,45072,2011-12-01,4,277,2097.2945,5,3,0.000000,2097.294500,0.000000,0.000000,0.000000
924,45073,2011-12-01,4,276,419.4589,1,1,0.000000,419.458900,0.000000,0.000000,0.000000
1414,45074,2011-12-01,4,281,24030.5748,67,24,0.000000,20931.537100,2542.463200,314.336500,242.238000
306,45075,2011-12-01,5,275,12231.264,15,4,0.000000,12179.964000,0.000000,51.300000,0.000000
440,45076,2011-12-01,5,279,8164.0029,6,4,0.000000,8129.976000,0.000000,34.026900,0.000000
1338,45077,2011-12-01,5,279,18869.4615,15,8,0.000000,14249.958000,4608.103500,11.400000,0.000000
1332,45266,2012-01-01,3,275,24509.8281,14,7,0.000000,22349.934000,2159.894100,0.000000,0.000000
586,45267,2012-01-01,1,280,3463.2998,5,3,0.000000,3463.299800,0.000000,0.000000,0.000000
438,45268,2012-01-01,6,278,838.9178,2,2,0.000000,838.917800,0.000000,0.000000,0.000000
608,45269,2012-01-01,6,282,2024.994,1,1,0.000000,2024.994000,0.000000,0.000000,0.000000
1182,45270,2012-01-01,5,279,28770.606,36,18,0.000000,28702.552200,0.000000,68.053800,0.000000
454,45271,2012-01-01,2,275,5980.0532,11,5,0.000000,5980.053200,0.000000,0.000000,0.000000
412,45272,2012-01-01,6,278,3775.1301,9,4,0.000000,3775.130100,0.000000,0.000000,0.000000
818,45273,2012-01-01,1,283,40634.88,20,7,0.000000,40634.880000,0.000000,0.000000,0.000000
1032,45274,2012-01-01,1,276,66993.8289,35,9,0.000000,66944.802000,0.000000,28.840400,20.186500
1456,45275,2012-01-01,5,279,7166.6775,16,5,0.000000,7166.677500,0.000000,0.000000,0.000000
1022,45276,2012-01-01,6,282,6089.982,3,3,0.000000,6089.982000,0.000000,0.000000,0.000000
344,45277,2012-01-01,2,275,29534.9446,35,18,0.000000,29519.385100,0.000000,15.559500,0.000000
1192,45278,2012-01-01,6,282,29200.519,30,17,0.000000,29171.678600,0.000000,28.840400,0.000000
1406,45279,2012-01-01,6,282,1022.856,3,2,0.000000,838.917800,183.938200,0.000000,0.000000
1312,45280,2012-01-01,6,278,12755.8756,22,12,0.000000,12393.356600,362.519000,0.000000,0.000000
452,45281,2012-01-01,3,275,1713.7118,3,3,0.000000,1713.711800,0.000000,0.000000,0.000000
738,45282,2012-01-01,6,282,8156.376,6,4,0.000000,8144.976000,0.000000,11.400000,0.000000
934,45283,2012-01-01,1,280,28395.2187,31,18,0.000000,28354.845700,0.000000,0.000000,40.373000
1896,45284,2012-01-01,6,282,30015.7829,32,18,0.000000,30010.596400,0.000000,5.186500,0.000000
1344,45285,2012-01-01,2,275,14919.3015,24,11,0.000000,14562.403500,356.898000,0.000000,0.000000
1134,45286,2012-01-01,4,276,3846.8825,7,5,0.000000,3846.882500,0.000000,0.000000,0.000000
914,45287,2012-01-01,4,277,419.4589,1,1,0.000000,419.458900,0.000000,0.000000,0.000000
884,45288,2012-01-01,5,279,29754.1861,77,27,0.000000,27664.964400,1628.393200,319.523000,141.305500
1310,45289,2012-01-01,5,279,39750.1207,26,9,0.000000,34529.898000,5208.822700,11.400000,0.000000
1860,45290,2012-01-01,4,276,33469.9041,21,9,0.000000,30479.910000,2978.594100,11.400000,0.000000
1992,45291,2012-01-01,4,277,54553.8443,62,23,0.000000,54490.977000,0.000000,62.867300,0.000000
840,45292,2012-01-01,1,281,28.8404,1,1,0.000000,0.000000,0.000000,28.840400,0.000000
1828,45293,2012-01-01,6,282,1677.8356,4,2,0.000000,1677.835600,0.000000,0.000000,0.000000
1970,45294,2012-01-01,1,276,34284.3135,20,8,0.000000,30494.910000,3789.403500,0.000000,0.000000
498,45295,2012-01-01,1,280,16297.752,12,7,0.000000,16274.952000,0.000000,22.800000,0.000000
522,45296,2012-01-01,1,280,24242.8711,29,14,0.000000,20324.940000,3684.358400,112.453700,121.119000
728,45297,2012-01-01,2,275,6435.3883,11,7,0.000000,6435.388300,0.000000,0.000000,0.000000
1900,45298,2012-01-01,3,281,15825.9667,27,16,0.000000,15820.780200,0.000000,5.186500,0.000000
1956,45299,2012-01-01,4,276,20432.4422,37,20,0.000000,20114.704200,183.938200,73.240300,60.559500
616,45300,2012-01-01,5,279,89704.272,76,20,0.000000,83279.754000,5933.516400,309.323100,181.678500
790,45301,2012-01-01,4,276,26592.0719,70,27,0.000000,23840.166800,2369.503400,241.096200,141.305500
1936,45302,2012-01-01,2,275,22217.4964,25,15,0.000000,22217.496400,0.000000,0.000000,0.000000
1270,45303,2012-01-01,1,280,20405.6746,16,5,0.000000,20279.940000,0.000000,125.734600,0.000000
704,45304,2012-01-01,2,275,20324.94,10,6,0.000000,20324.940000,0.000000,0.000000,0.000000
346,45305,2012-01-01,6,282,22912.7325,71,23,0.000000,20953.622000,1254.895800,421.603700,282.611000
970,45306,2012-01-01,6,278,6112.4089,13,7,0.000000,5560.594300,551.814600,0.000000,0.000000
1980,45307,2012-01-01,3,277,28547.1025,25,7,0.000000,28469.916000,0.000000,57.000000,20.186500
1126,45308,2012-01-01,3,277,85994.8887,94,21,0.000000,73124.784000,12079.766600,628.846100,161.492000
832,45309,2012-01-01,2,275,11924.1917,22,15,0.000000,10296.062100,1628.129600,0.000000,0.000000
466,45310,2012-01-01,6,282,14219.958,7,5,0.000000,14219.958000,0.000000,0.000000,0.000000
900,45311,2012-01-01,4,276,18296.346,11,5,0.000000,18284.946000,0.000000,11.400000,0.000000
310,45312,2012-01-01,5,279,2345.7293,3,3,0.000000,2146.962000,178.580800,0.000000,20.186500
780,45313,2012-01-01,6,282,16789.0543,45,22,0.000000,14865.940200,1628.393200,193.788400,100.932500
980,45314,2012-01-01,6,282,15022.5209,29,17,0.000000,13210.189500,1812.331400,0.000000,0.000000
356,45315,2012-01-01,6,278,51062.3928,35,14,0.000000,42659.874000,8385.418800,17.100000,0.000000
418,45316,2012-01-01,6,282,2024.994,1,1,0.000000,2024.994000,0.000000,0.000000,0.000000
816,45317,2012-01-01,4,274,61206.4782,69,22,0.000000,61185.732200,0.000000,20.746000,0.000000
870,45318,2012-01-01,1,280,29962.7965,35,19,0.000000,24359.928000,5225.653300,235.909700,141.305500
1010,45319,2012-01-01,6,282,14234.958,7,5,0.000000,14234.958000,0.000000,0.000000,0.000000
1438,45320,2012-01-01,1,280,10192.77,9,5,0.000000,10169.970000,0.000000,22.800000,0.000000
370,45321,2012-01-01,4,276,61189.0793,58,11,0.004545,60929.820000,0.000000,259.259250,0.000000
1136,45322,2012-01-01,4,277,13637.942,26,8,0.000000,13637.942000,0.000000,0.000000,0.000000
794,45323,2012-01-01,6,278,38693.8697,116,25,0.000800,35033.107800,2709.802000,688.535408,262.424500
1458,45324,2012-01-01,4,276,838.9178,2,1,0.000000,838.917800,0.000000,0.000000,0.000000
1478,45325,2012-01-01,4,276,2588.5058,4,3,0.000000,2588.505800,0.000000,0.000000,0.000000
1228,45326,2012-01-01,3,277,22730.7926,26,14,0.000000,22730.792600,0.000000,0.000000,0.000000
1164,45327,2012-01-01,5,279,12176.364,8,5,0.000000,12164.964000,0.000000,11.400000,0.000000
1214,45328,2012-01-01,4,276,63241.9485,51,10,0.000000,63014.814000,0.000000,227.134500,0.000000
340,45329,2012-01-01,5,279,61800.9921,52,20,0.000000,56939.832000,4503.058400,257.169200,100.932500
1362,45330,2012-01-01,5,279,69.0808,4,2,0.000000,0.000000,0.000000,69.080800,0.000000
1090,45331,2012-01-01,5,279,20148.682,26,15,0.000000,20128.495500,0.000000,0.000000,20.186500
1946,45332,2012-01-01,4,277,27877.4257,27,15,0.000000,27877.425700,0.000000,0.000000,0.000000
846,45333,2012-01-01,2,275,4223.1928,6,5,0.000000,3860.673800,362.519000,0.000000,0.000000
372,45334,2012-01-01,4,277,51137.4115,37,10,0.000000,50924.850000,0.000000,172.188500,40.373000
974,45335,2012-01-01,2,275,14048.0598,39,17,0.000000,13339.903000,367.876400,198.974900,141.305500
964,45336,2012-01-01,1,283,27311.6264,19,10,0.000000,24419.928000,2874.598400,17.100000,0.000000
1350,45337,2012-01-01,5,279,17669.0304,27,17,0.000000,16397.535200,1271.495200,0.000000,0.000000
600,45338,2012-01-01,1,280,57142.9416,56,20,0.000000,57142.941600,0.000000,0.000000,0.000000
1108,45339,2012-01-01,4,276,27763.7953,37,19,0.000000,27118.553900,551.814600,73.240300,20.186500
898,45340,2012-01-01,5,279,2552.6296,5,3,0.000000,2552.629600,0.000000,0.000000,0.000000
936,45341,2012-01-01,4,277,34738.7355,36,9,0.002222,34589.898000,0.000000,148.837500,0.000000
368,45342,2012-01-01,1,281,63037.614,35,9,0.000000,63014.814000,0.000000,22.800000,0.000000
348,45343,2012-01-01,3,276,20979.3465,26,16,0.000000,16244.952000,4495.167800,97.921200,141.305500
1174,45344,2012-01-01,1,283,58114.5796,63,22,0.000000,57915.604700,0.000000,198.974900,0.000000
1968,45516,2012-01-29,4,277,19162.2381,33,21,0.000000,18009.116100,914.333600,178.228900,60.559500
544,45517,2012-01-29,2,275,9421.2681,14,6,0.000000,9421.268100,0.000000,0.000000,0.000000
632,45518,2012-01-29,1,283,12179.964,6,5,0.000000,12179.964000,0.000000,0.000000,0.000000
1436,45519,2012-01-29,3,277,4064.988,2,2,0.000000,4064.988000,0.000000,0.000000,0.000000
1358,45520,2012-01-29,3,277,31628.6282,68,24,0.000000,29317.979300,1801.353000,327.617400,181.678500
612,45521,2012-01-29,1,283,19227.0555,14,9,0.000000,16244.952000,2970.703500,11.400000,0.000000
812,45522,2012-01-29,6,282,28786.2466,30,18,0.000000,28752.219700,0.000000,34.026900,0.000000
850,45523,2012-01-29,4,276,1429.4086,2,1,0.000000,0.000000,1429.408600,0.000000,0.000000
1322,45524,2012-01-29,6,282,36045.9181,33,14,0.000000,32549.904000,3256.920000,138.161600,100.932500
1364,45525,2012-01-29,6,278,7274.3061,13,6,0.000000,7274.306100,0.000000,0.000000,0.000000
998,45526,2012-01-29,6,274,6101.382,5,4,0.000000,6089.982000,0.000000,11.400000,0.000000
648,45527,2012-01-29,6,282,54458.8986,68,25,0.000000,53941.804600,362.519000,154.575000,0.000000
342,45528,2012-01-29,4,277,2146.962,1,1,0.000000,2146.962000,0.000000,0.000000,0.000000
828,45529,2012-01-29,6,282,97078.3155,85,21,0.000000,85394.748000,11167.060300,274.269200,242.238000
1082,45530,2012-01-29,4,281,20.1865,1,1,0.000000,0.000000,0.000000,0.000000,20.186500
724,45531,2012-01-29,4,276,4266.3414,8,6,0.000000,4266.341400,0.000000,0.000000,0.000000
694,45532,2012-01-29,4,277,6691.8242,27,12,0.000000,6363.635900,0.000000,207.069300,121.119000
1120,45533,2012-01-29,4,277,1258.3767,3,3,0.000000,1258.376700,0.000000,0.000000,0.000000
882,45534,2012-01-29,4,281,37592.0572,23,11,0.000000,34514.898000,3065.759200,11.400000,0.000000
800,45535,2012-01-29,4,277,11256.8286,34,17,0.000000,10629.977300,367.876400,178.228900,80.746000
1934,45536,2012-01-29,4,277,21442.984,32,18,0.000000,21408.957100,0.000000,34.026900,0.000000
806,45537,2012-01-29,6,282,4049.988,2,1,0.000000,4049.988000,0.000000,0.000000,0.000000
672,45538,2012-01-29,3,277,21847.3938,29,16,0.000000,21842.207300,0.000000,5.186500,0.000000
686,45539,2012-01-29,3,275,28469.916,14,8,0.000000,28469.916000,0.000000,0.000000,0.000000
334,45540,2012-01-29,5,279,42756.174,30,7,0.000000,42704.874000,0.000000,51.300000,0.000000
1204,45541,2012-01-29,4,281,69.2134,3,2,0.000000,0.000000,0.000000,28.840400,40.373000
764,45542,2012-01-29,1,281,56400.9317,65,19,0.000000,52814.844000,2978.594100,324.882600,282.611000
826,45543,2012-01-29,5,279,735.7528,4,2,0.000000,0.000000,735.752800,0.000000,0.000000
740,45544,2012-01-29,5,279,3391.5474,7,6,0.000000,3391.547400,0.000000,0.000000,0.000000
512,45545,2012-01-29,6,278,8965.933,14,8,0.000000,8965.933000,0.000000,0.000000,0.000000
896,45546,2012-01-29,6,274,12206.364,8,5,0.000000,12194.964000,0.000000,11.400000,0.000000
926,45547,2012-01-29,3,277,40766.88,30,9,0.000000,40709.880000,0.000000,57.000000,0.000000
754,45548,2012-01-29,4,281,7657.8888,15,7,0.000000,7657.888800,0.000000,0.000000,0.000000
1258,45549,2012-01-29,1,280,50762.7624,68,23,0.000000,50660.681700,0.000000,102.080700,0.000000
296,45550,2012-01-29,3,277,54979.9007,82,26,0.000000,53905.928400,725.038000,227.815300,121.119000
1460,45551,2012-01-29,5,279,7274.3061,13,4,0.000000,7274.306100,0.000000,0.000000,0.000000
864,45552,2012-01-29,6,282,11136.742,34,17,0.000000,8965.933000,1968.955400,141.294100,60.559500
668,45553,2012-01-29,6,278,69240.3932,48,9,0.002222,69164.796000,0.000000,75.597200,0.000000
1296,45554,2012-01-29,4,276,25517.4189,31,12,0.000000,24374.928000,722.594900,298.777000,121.119000
376,45555,2012-01-29,4,276,65725.9222,52,18,0.000000,60914.820000,4495.167800,194.815400,121.119000
878,45556,2012-01-29,2,275,22822.7804,57,19,0.000000,19510.366600,3283.573400,28.840400,0.000000
1170,45557,2012-01-29,3,276,32554.9324,31,15,0.000000,32554.932400,0.000000,0.000000,0.000000
752,45558,2012-01-29,5,279,6104.982,3,3,0.000000,6104.982000,0.000000,0.000000,0.000000
1392,45559,2012-01-29,4,276,1258.3767,3,1,0.000000,1258.376700,0.000000,0.000000,0.000000
1066,45560,2012-01-29,4,281,56967.1318,41,11,0.000000,56849.832000,0.000000,117.299800,0.000000
520,45561,2012-01-29,2,275,25464.5848,32,18,0.000000,24877.754600,546.457200,0.000000,40.373000
716,45562,2012-01-29,2,275,3463.2998,5,4,0.000000,3463.299800,0.000000,0.000000,0.000000
362,45563,2012-01-29,5,279,4279.9438,4,3,0.000000,2024.994000,2254.949800,0.000000,0.000000
804,45564,2012-01-29,1,276,62717.7201,42,11,0.000000,58874.826000,3797.294100,45.600000,0.000000
788,45565,2012-01-29,4,277,34558.1586,39,15,0.000000,32534.904000,1524.464300,357.484800,141.305500
966,45566,2012-01-29,4,276,874.794,1,1,0.000000,874.794000,0.000000,0.000000,0.000000
320,45567,2012-01-29,2,275,874.794,1,1,0.000000,874.794000,0.000000,0.000000,0.000000
642,45568,2012-01-29,4,277,15251.8156,35,18,0.000000,14264.364500,725.038000,141.294100,121.119000
1148,45569,2012-01-29,3,277,2133.1707,4,3,0.000000,2133.170700,0.000000,0.000000,0.000000
1016,45570,2012-01-29,1,283,32429.904,16,6,0.000000,32429.904000,0.000000,0.000000,0.000000
478,45571,2012-01-29,4,281,78882.9289,66,21,0.000000,65069.808000,13509.175200,102.080700,201.865000
388,45572,2012-01-29,1,276,10701.7297,19,7,0.000000,10701.729700,0.000000,0.000000,0.000000
298,45573,2012-01-29,2,275,8158.476,9,3,0.000000,8129.976000,0.000000,28.500000,0.000000
654,45574,2012-01-29,5,279,28078.577,19,9,0.000000,24374.928000,3692.249000,11.400000,0.000000
1356,45575,2012-01-29,2,275,29325.8426,80,28,0.000000,23613.880200,5057.875800,553.154100,100.932500
1930,45576,2012-01-29,5,279,8219.9354,11,5,0.000000,8129.976000,0.000000,49.586400,40.373000
814,45577,2012-01-29,5,279,58704.1822,65,23,0.000000,57432.687000,1271.495200,0.000000,0.000000
1012,45578,2012-01-29,5,279,3882.7587,6,3,0.000000,3882.758700,0.000000,0.000000,0.000000
292,45579,2012-01-29,5,279,4079.988,2,1,0.000000,4079.988000,0.000000,0.000000,0.000000
1046,45779,2012-02-29,5,279,18031.6005,27,14,0.000000,16229.952000,1541.294900,159.421100,100.932500
852,45780,2012-02-29,6,282,31193.3153,36,16,0.000000,26459.922000,4406.953300,164.948000,161.492000
1418,45781,2012-02-29,6,282,45943.7648,87,26,0.000000,36073.491500,9812.592500,57.680800,0.000000
518,45782,2012-02-29,1,283,40705.3101,52,18,0.002777,36599.892000,3789.403500,215.082100,100.932500
1206,45783,2012-02-29,1,280,26016.9703,27,9,0.002222,24389.928000,1533.404300,93.638000,0.000000
1850,45784,2012-02-29,4,276,3762.2367,5,4,0.000000,3405.338700,356.898000,0.000000,0.000000
1374,45785,2012-02-29,3,277,40766.1068,30,12,0.000000,40664.880000,0.000000,101.226800,0.000000
592,45786,2012-02-29,6,282,68880.0822,125,29,0.000689,63947.976180,4734.279300,96.894200,100.932500
488,45787,2012-02-29,3,275,10226.97,15,6,0.000000,10169.970000,0.000000,57.000000,0.000000
742,45788,2012-02-29,4,281,2169.0469,3,2,0.000000,2169.046900,0.000000,0.000000,0.000000
880,45789,2012-02-29,1,283,3064.7098,4,2,0.000000,0.000000,3064.709800,0.000000,0.000000
1186,45790,2012-02-29,1,283,2882.7148,5,3,0.000000,2146.962000,735.752800,0.000000,0.000000
1372,45791,2012-02-29,3,275,3391.5474,7,5,0.000000,3391.547400,0.000000,0.000000,0.000000
1882,45792,2012-02-29,6,282,31578.8152,24,10,0.000000,28469.916000,3074.699200,34.200000,0.000000
1086,45793,2012-02-29,2,275,26684.9956,46,24,0.000000,25680.796200,725.038000,178.228900,100.932500
552,45794,2012-02-29,6,282,11295.7189,33,9,0.000000,11049.436200,0.000000,246.282700,0.000000
1050,45795,2012-02-29,3,277,35123.3751,49,25,0.000000,34304.520400,551.814600,125.734600,141.305500
1018,45796,2012-02-29,5,275,59103.2933,40,12,0.000000,58994.826000,0.000000,108.467300,0.000000
1044,45797,2012-02-29,6,278,29308.0387,51,26,0.000000,28283.093300,725.038000,198.974900,100.932500
1184,45798,2012-02-29,4,281,29494.0504,51,27,0.000000,27480.051700,1628.129600,264.750100,121.119000
302,45799,2012-02-29,4,281,27579.3105,52,26,0.000000,26136.131300,1098.271800,183.415400,161.492000
908,45800,2012-02-29,6,278,9867.9984,18,8,0.000000,9862.811900,0.000000,5.186500,0.000000
1338,45801,2012-02-29,5,279,53423.5701,38,13,0.000000,48779.856000,4598.114100,45.600000,0.000000
698,45802,2012-02-29,5,279,22648.0137,51,16,0.000000,20967.413300,1276.852600,201.882800,201.865000
904,45803,2012-02-29,2,275,9891.2909,28,9,0.000000,9755.183300,0.000000,136.107600,0.000000
318,45804,2012-02-29,1,283,40814.828,29,12,0.000000,40589.880000,0.000000,144.202000,80.746000
1240,45805,2012-02-29,5,279,24604.6637,33,20,0.000000,23511.749300,1092.914400,0.000000,0.000000
1918,45806,2012-02-29,5,279,2923.3189,3,3,0.000000,2566.420900,356.898000,0.000000,0.000000
584,45807,2012-02-29,2,275,3524.0297,9,4,0.000000,0.000000,3524.029700,0.000000,0.000000
574,45808,2012-02-29,1,283,4266.3414,8,5,0.000000,4266.341400,0.000000,0.000000,0.000000
820,45809,2012-02-29,2,275,24087.5253,34,20,0.000000,22275.457500,1812.067800,0.000000,0.000000
662,45810,2012-02-29,4,277,31457.4039,52,19,0.000000,25992.626500,5464.777400,0.000000,0.000000
496,45811,2012-02-29,4,277,3456.264,7,5,0.000000,3427.423600,0.000000,28.840400,0.000000
392,45812,2012-02-29,3,275,6858.1844,16,9,0.000000,6818.971000,0.000000,39.213400,0.000000
1414,45813,2012-02-29,4,281,32245.7525,99,23,0.000000,28070.632000,3423.598000,468.911500,282.611000
306,45814,2012-02-29,5,274,33406.7043,27,9,0.000000,30494.910000,2866.707800,45.086500,0.000000
440,45815,2012-02-29,5,279,32222.0799,39,14,0.000000,30419.910000,1429.408600,251.642300,121.119000
1864,46023,2012-03-30,6,278,6074.982,3,1,0.000000,6074.982000,0.000000,0.000000,0.000000
608,46024,2012-03-30,6,282,14280.558,15,8,0.000000,14234.958000,0.000000,45.600000,0.000000
586,46025,2012-03-30,1,280,2646.1866,6,4,0.000000,2588.505800,0.000000,57.680800,0.000000
1332,46026,2012-03-30,3,275,27802.9673,22,10,0.000000,22364.934000,5392.092900,45.940400,0.000000
454,46027,2012-03-30,2,275,3456.264,7,6,0.000000,3427.423600,0.000000,28.840400,0.000000
1182,46028,2012-03-30,5,279,26270.6036,48,29,0.000000,24516.256800,1449.812400,183.415400,121.119000
412,46029,2012-03-30,6,278,3016.4884,10,6,0.000000,2972.088500,0.000000,44.399900,0.000000
818,46030,2012-03-30,1,283,8164.176,10,3,0.000000,8129.976000,0.000000,34.200000,0.000000
438,46031,2012-03-30,6,278,2175.8024,2,2,0.000000,2146.962000,0.000000,28.840400,0.000000
1032,46032,2012-03-30,1,276,30998.073,40,14,0.000000,28469.916000,2152.003500,194.475000,181.678500
1456,46033,2012-03-30,5,279,4716.1286,17,8,0.000000,4614.047900,0.000000,102.080700,0.000000
1192,46034,2012-03-30,6,282,29936.3843,37,23,0.000000,28318.969500,1617.414800,0.000000,0.000000
1022,46035,2012-03-30,6,282,12240.564,14,7,0.000000,12194.964000,0.000000,45.600000,0.000000
344,46036,2012-03-30,2,275,30512.3991,53,29,0.000000,28716.343500,1466.148200,188.601900,141.305500
1406,46037,2012-03-30,6,282,1017.4986,3,2,0.000000,838.917800,178.580800,0.000000,0.000000
1312,46038,2012-03-30,6,278,21702.0775,38,17,0.000000,19659.369100,1985.027600,57.680800,0.000000
738,46039,2012-03-30,6,282,24424.128,18,9,0.000000,24389.928000,0.000000,34.200000,0.000000
452,46040,2012-03-30,3,275,419.4589,1,1,0.000000,419.458900,0.000000,0.000000,0.000000
1134,46041,2012-03-30,4,276,3471.8235,10,8,0.000000,3427.423600,0.000000,44.399900,0.000000
934,46042,2012-03-30,1,280,26119.0572,39,23,0.000000,23569.710400,2520.506400,28.840400,0.000000
1344,46043,2012-03-30,2,275,19030.7276,39,17,0.000000,16659.698000,2342.189200,28.840400,0.000000
1896,46044,2012-03-30,6,282,29597.9656,49,29,0.000000,27863.634400,1455.169800,178.228900,100.932500
884,46045,2012-03-30,5,279,48909.5276,109,31,0.000000,42666.115800,5681.650800,319.523000,242.238000
914,46046,2012-03-30,4,277,874.794,1,1,0.000000,874.794000,0.000000,0.000000,0.000000
1310,46047,2012-03-30,5,279,46396.763,27,11,0.000000,42689.874000,3701.189000,5.700000,0.000000
1860,46048,2012-03-30,4,276,33952.1938,21,8,0.000000,32489.904000,1445.189800,17.100000,0.000000
1992,46049,2012-03-30,4,277,55740.7211,107,35,0.000000,50558.550800,4549.447600,390.484700,242.238000
1828,46050,2012-03-30,6,282,2325.5428,2,2,0.000000,2146.962000,178.580800,0.000000,0.000000
1970,46051,2012-03-30,1,276,33074.3301,29,9,0.000000,28424.916000,4598.114100,51.300000,0.000000
498,46052,2012-03-30,1,280,24582.7299,27,11,0.000000,24359.928000,0.000000,222.801900,0.000000
522,46053,2012-03-30,1,280,52874.5366,41,16,0.000000,48704.856000,3875.519200,173.042400,121.119000
728,46054,2012-03-30,2,275,8543.0558,18,9,0.000000,8532.682800,0.000000,10.373000,0.000000
1900,46055,2012-03-30,3,281,30885.0908,53,27,0.000000,29099.926200,1439.097600,144.202000,201.865000
616,46056,2012-03-30,5,279,94327.0022,86,20,0.000000,77294.772000,16582.825000,126.421200,322.984000
790,46057,2012-03-30,4,276,62270.6997,128,32,0.000625,58417.773460,3435.367200,175.321000,242.238000
1956,46058,2012-03-30,4,276,30181.7117,56,28,0.000000,27863.634400,1985.291200,130.921100,201.865000
1936,46059,2012-03-30,2,275,29446.7389,33,19,0.000000,28716.343500,730.395400,0.000000,0.000000
1270,46060,2012-03-30,1,280,45487.7144,59,17,0.002941,40664.880000,4400.112100,301.603300,121.119000
704,46061,2012-03-30,2,275,14189.958,7,4,0.000000,14189.958000,0.000000,0.000000,0.000000
346,46062,2012-03-30,6,282,39272.8969,102,27,0.000740,36859.945900,1617.414800,472.552192,322.984000
1454,46063,2012-03-30,6,278,874.794,1,1,0.000000,874.794000,0.000000,0.000000,0.000000
970,46064,2012-03-30,6,278,22124.54,35,13,0.000000,21756.663600,367.876400,0.000000,0.000000
466,46065,2012-03-30,6,282,12164.964,6,4,0.000000,12164.964000,0.000000,0.000000,0.000000
1980,46066,2012-03-30,3,277,100378.9078,59,11,0.000000,95624.718000,4719.989800,34.200000,0.000000
1126,46067,2012-03-30,3,277,101833.4197,115,20,0.002500,89474.736000,11168.109700,847.403500,343.170500
832,46068,2012-03-30,2,275,23312.9857,36,16,0.000000,22761.171100,551.814600,0.000000,0.000000
900,46069,2012-03-30,4,276,8232.2298,14,7,0.000000,8129.976000,0.000000,102.253800,0.000000
310,46070,2012-03-30,5,279,758.0759,1,1,0.000000,0.000000,758.075900,0.000000,0.000000
780,46071,2012-03-30,6,282,20788.9219,51,20,0.000000,17236.453000,3100.265100,351.271300,100.932500
356,46072,2012-03-30,6,278,65160.8033,41,14,0.000000,56864.832000,8284.571300,11.400000,0.000000
1056,46073,2012-03-30,6,278,714.7043,1,1,0.000000,0.000000,714.704300,0.000000,0.000000
980,46074,2012-03-30,6,282,18206.6229,34,14,0.000000,13361.987900,4844.635000,0.000000,0.000000
1224,46075,2012-03-30,6,282,838.9178,2,2,0.000000,838.917800,0.000000,0.000000,0.000000
816,46076,2012-03-30,4,281,62343.998,84,32,0.000000,57807.976100,4338.195200,96.894200,100.932500
870,46077,2012-03-30,1,280,37779.3731,44,15,0.000000,34574.898000,2882.489000,180.680600,141.305500
524,46078,2012-03-30,3,277,1532.3549,2,2,0.000000,0.000000,1532.354900,0.000000,0.000000
1010,46079,2012-03-30,6,282,6086.382,5,4,0.000000,6074.982000,0.000000,11.400000,0.000000
1438,46080,2012-03-30,1,280,14248.7984,8,6,0.000000,14219.958000,0.000000,28.840400,0.000000
1280,46081,2012-03-30,3,277,838.9178,2,2,0.000000,838.917800,0.000000,0.000000,0.000000
370,46082,2012-03-30,4,276,46519.1419,49,17,0.000000,44639.868000,1437.299200,280.482700,161.492000
1136,46083,2012-03-30,4,277,12363.6444,30,10,0.000000,12271.936700,0.000000,91.707700,0.000000
1478,46084,2012-03-30,4,276,1713.7118,3,2,0.000000,1713.711800,0.000000,0.000000,0.000000
1458,46085,2012-03-30,4,276,3882.7587,6,3,0.000000,3882.758700,0.000000,0.000000,0.000000
794,46086,2012-03-30,6,278,50778.1623,147,28,0.003214,43386.375600,5971.682200,888.890220,531.214264
1228,46087,2012-03-30,3,277,24144.9924,35,21,0.000000,22694.916400,1450.076000,0.000000,0.000000
1164,46088,2012-03-30,5,279,22497.2338,24,10,0.000000,22379.934000,0.000000,117.299800,0.000000
1214,46089,2012-03-30,4,276,73568.3047,59,15,0.000000,73109.784000,0.000000,256.655700,201.865000
340,46090,2012-03-30,5,279,93834.0766,84,22,0.000909,84069.951792,9206.217600,275.296200,282.611000
1090,46091,2012-03-30,5,279,22130.1225,35,22,0.000000,20128.495500,2001.627000,0.000000,0.000000
536,46092,2012-03-30,1,280,722.5949,1,1,0.000000,0.000000,722.594900,0.000000,0.000000
1946,46093,2012-03-30,4,277,26009.3155,35,20,0.000000,24386.543300,1622.772200,0.000000,0.000000
372,46094,2012-03-30,4,277,74719.7785,72,17,0.000000,71174.790000,2874.598400,448.338600,222.051500
974,46095,2012-03-30,2,275,9550.926,43,15,0.000000,7657.888800,1450.076000,241.096200,201.865000
960,46096,2012-03-30,6,282,838.9178,2,1,0.000000,838.917800,0.000000,0.000000,0.000000
846,46097,2012-03-30,2,275,3256.6148,7,4,0.000000,0.000000,3216.241800,0.000000,40.373000
964,46098,2012-03-30,1,283,51341.0804,32,12,0.000000,46829.862000,4494.118400,17.100000,0.000000
1350,46099,2012-03-30,5,279,14404.3717,34,13,0.000000,10607.892400,3745.733300,10.373000,40.373000
600,46100,2012-03-30,1,280,47655.0602,67,27,0.000000,46626.124600,908.976200,39.213400,80.746000
1108,46101,2012-03-30,4,276,28097.0846,49,25,0.000000,25680.796200,2185.565200,230.723200,0.000000
368,46102,2012-03-30,1,281,10279.3372,15,7,0.000000,10154.970000,0.000000,124.367200,0.000000
936,46103,2012-03-30,4,277,65730.4662,53,16,0.000000,63074.814000,2352.104300,222.801900,80.746000
898,46104,2012-03-30,5,279,419.4589,1,1,0.000000,419.458900,0.000000,0.000000,0.000000
1174,46105,2012-03-30,1,283,56396.5421,96,35,0.000000,53616.183000,2179.944200,337.990400,262.424500
760,46106,2012-03-30,3,275,2907.4796,7,3,0.000000,0.000000,2890.379600,17.100000,0.000000
348,46107,2012-03-30,3,276,45725.5014,51,17,0.000000,40619.880000,4573.392900,310.177000,222.051500
1876,46322,2012-04-30,1,283,178.5808,1,1,0.000000,0.000000,178.580800,0.000000,0.000000
632,46323,2012-04-30,1,283,2238.4935,9,6,0.233333,2209.993500,0.000000,28.500000,0.000000
544,46324,2012-04-30,2,275,4310.7413,12,7,0.000000,4266.341400,0.000000,44.399900,0.000000
1358,46325,2012-04-30,3,277,48748.8054,109,25,0.000000,44711.007000,3267.237600,366.830800,403.730000
812,46326,2012-04-30,6,282,29220.8373,46,27,0.000000,28354.845700,546.457200,178.228900,141.305500
612,46327,2012-04-30,1,283,13125.6019,23,11,0.159090,7698.414750,5416.814100,10.373000,0.000000
312,46328,2012-04-30,6,282,722.5949,1,1,0.000000,0.000000,722.594900,0.000000,0.000000
778,46329,2012-04-30,5,279,722.5949,1,1,0.000000,0.000000,722.594900,0.000000,0.000000
1322,46330,2012-04-30,6,282,13129.4681,43,17,0.102941,7714.664750,5121.657600,151.840200,141.305500
1364,46331,2012-04-30,6,278,5664.5243,13,8,0.000000,5596.470500,0.000000,68.053800,0.000000
998,46332,2012-04-30,6,282,5593.2771,16,10,0.245000,5512.796250,0.000000,80.480800,0.000000
648,46333,2012-04-30,6,282,50154.2683,100,36,0.000000,46755.838100,2721.307600,434.884600,242.238000
828,46334,2012-04-30,6,274,40708.4413,105,23,0.121739,30289.910625,9711.881100,464.411600,242.238000
342,46335,2012-04-30,4,277,356.898,1,1,0.000000,0.000000,356.898000,0.000000,0.000000
1308,46336,2012-04-30,4,276,419.4589,1,1,0.000000,419.458900,0.000000,0.000000,0.000000
1244,46337,2012-04-30,4,281,955.2013,4,2,0.000000,419.458900,535.742400,0.000000,0.000000
694,46338,2012-04-30,4,277,19044.6091,50,17,0.000000,17258.537900,1460.790800,204.161400,121.119000
724,46339,2012-04-30,4,276,3014.6391,13,6,0.000000,2936.212300,0.000000,78.426800,0.000000
1120,46340,2012-04-30,4,277,3887.9452,7,4,0.000000,3882.758700,0.000000,5.186500,0.000000
800,46341,2012-04-30,4,277,25670.3574,57,22,0.000000,23158.545100,2158.251000,212.255800,141.305500
882,46342,2012-04-30,4,281,14076.1511,24,9,0.233333,11009.342500,3066.808600,0.000000,0.000000
1934,46343,2012-04-30,4,277,29522.6946,47,24,0.000000,28247.217100,1092.650800,102.080700,80.746000
672,46344,2012-04-30,3,277,25738.2617,46,25,0.000000,24386.543300,1087.557000,183.415400,80.746000
334,46345,2012-04-30,5,279,17671.8447,61,11,0.231818,11569.965875,5965.078800,136.800000,0.000000
686,46346,2012-04-30,3,275,8912.6663,25,11,0.254545,8815.599000,0.000000,97.067300,0.000000
1204,46347,2012-04-30,4,281,1144.4969,5,4,0.000000,419.458900,725.038000,0.000000,0.000000
764,46348,2012-04-30,1,281,24607.478,79,21,0.116666,14836.206125,9006.116800,462.357600,302.797500
826,46349,2012-04-30,5,279,4292.3279,10,6,0.000000,3355.671200,936.656700,0.000000,0.000000
740,46350,2012-04-30,5,279,3427.4236,6,4,0.000000,3427.423600,0.000000,0.000000,0.000000
512,46351,2012-04-30,6,278,3914.9363,11,7,0.000000,3846.882500,0.000000,68.053800,0.000000
896,46352,2012-04-30,6,278,3847.1761,7,4,0.350000,3847.176125,0.000000,0.000000,0.000000
926,46353,2012-04-30,3,277,3894.2405,12,7,0.200000,3843.113625,0.000000,51.126900,0.000000
1884,46354,2012-04-30,5,279,419.4589,1,1,0.000000,419.458900,0.000000,0.000000,0.000000
1968,46355,2012-04-30,4,277,22996.4942,57,21,0.000000,20454.117100,2169.229400,272.215200,100.932500
1258,46356,2012-04-30,1,280,58977.1342,81,36,0.000000,55848.688700,2905.245800,102.080700,121.119000
754,46357,2012-04-30,4,281,8573.7455,16,7,0.000000,8568.559000,0.000000,5.186500,0.000000
296,46358,2012-04-30,3,277,60079.0221,83,35,0.000000,56152.225400,3629.756600,115.361600,181.678500
864,46359,2012-04-30,6,282,18802.613,53,19,0.000000,15884.239000,2331.210800,385.298200,201.865000
668,46360,2012-04-30,6,278,6223.3905,25,10,0.175000,6049.044625,0.000000,73.413400,100.932500
1460,46361,2012-04-30,5,279,5529.9046,12,5,0.000000,5524.718100,0.000000,5.186500,0.000000
1296,46362,2012-04-30,4,276,13319.4071,50,16,0.109375,8250.913125,4607.054100,239.388400,222.051500
878,46363,2012-04-30,2,275,33313.9702,52,17,0.001176,29689.570992,3624.399200,0.000000,0.000000
376,46364,2012-04-30,4,276,29445.9841,83,21,0.133333,19796.504000,8894.230500,432.265600,322.984000
752,46365,2012-04-30,5,279,3304.4403,7,5,0.280000,3298.740250,0.000000,5.700000,0.000000
1392,46366,2012-04-30,4,276,6094.3562,16,6,0.000000,6015.929400,0.000000,78.426800,0.000000
1170,46367,2012-04-30,3,276,24278.0209,30,20,0.000000,23547.625500,730.395400,0.000000,0.000000
520,46368,2012-04-30,2,275,23913.8927,41,23,0.000000,21003.289500,2910.603200,0.000000,0.000000
716,46369,2012-04-30,2,274,3962.2441,11,7,0.000000,3846.882500,0.000000,115.361600,0.000000
1066,46370,2012-04-30,4,281,22579.685,61,17,0.164705,18155.258875,3901.289800,361.644300,161.492000
726,46371,2012-04-30,3,277,903.6344,2,2,0.000000,874.794000,0.000000,28.840400,0.000000
804,46372,2012-04-30,1,276,28786.7176,52,15,0.186666,22010.560000,6759.057600,17.100000,0.000000
362,46373,2012-04-30,5,279,1619.52,2,1,0.000000,0.000000,1619.520000,0.000000,0.000000
788,46374,2012-04-30,4,277,11737.7891,42,15,0.116666,8267.163125,3065.759200,243.374800,161.492000
966,46375,2012-04-30,4,276,356.898,1,1,0.000000,0.000000,356.898000,0.000000,0.000000
320,46376,2012-04-30,2,275,776.3569,2,2,0.000000,419.458900,356.898000,0.000000,0.000000
642,46377,2012-04-30,4,277,9853.7837,46,17,0.000000,8113.223900,1276.852600,261.842200,201.865000
1148,46378,2012-04-30,3,277,1677.8356,4,3,0.000000,1677.835600,0.000000,0.000000,0.000000
1016,46379,2012-04-30,1,283,2909.115,16,7,0.200000,2754.366875,0.000000,154.748100,0.000000
478,46380,2012-04-30,4,281,42729.5227,90,23,0.121739,29144.288875,13238.739900,205.188400,141.305500
1246,46381,2012-04-30,1,283,1429.4086,2,1,0.000000,0.000000,1429.408600,0.000000,0.000000
388,46382,2012-04-30,1,276,13673.8182,25,8,0.000000,13673.818200,0.000000,0.000000,0.000000
654,46383,2012-04-30,5,279,14950.9625,25,9,0.233333,10456.844125,4494.118400,0.000000,0.000000
1930,46384,2012-04-30,5,279,12497.2834,40,15,0.140000,8250.913125,3901.289800,183.588500,161.492000
1356,46385,2012-04-30,2,275,46301.0029,127,32,0.000625,37466.867640,8240.655200,290.682600,302.797500
298,46386,2012-04-30,2,275,9090.4447,22,8,0.175000,6040.919625,2986.484700,63.040400,0.000000
814,46387,2012-04-30,5,279,48117.9107,71,29,0.000000,45050.419900,3067.490800,0.000000,0.000000
1012,46388,2012-04-30,5,279,2555.9668,9,5,0.000000,2516.753400,0.000000,39.213400,0.000000
292,46389,2012-04-30,5,279,1104.9968,2,1,0.350000,1104.996750,0.000000,0.000000,0.000000
1046,46604,2012-05-30,5,279,37141.1313,149,37,0.010000,26972.948700,7779.192200,2162.481567,226.508790
1822,46605,2012-05-30,3,277,5948.2999,42,18,0.016666,1879.176000,3282.888500,710.535900,75.699450
484,46606,2012-05-30,4,276,57.6808,2,1,0.000000,0.000000,0.000000,57.680800,0.000000
1418,46607,2012-05-30,6,289,120182.185,238,46,0.008695,96405.809184,23718.695000,57.680800,0.000000
852,46608,2012-05-30,6,289,47404.3026,235,51,0.007450,29378.730300,13932.890900,3538.867900,553.813496
1118,46609,2012-05-30,1,280,2371.295,4,3,0.000000,0.000000,2342.454600,28.840400,0.000000
1878,46610,2012-05-30,2,275,36571.8493,104,21,0.005714,31296.361900,4416.822200,858.665176,0.000000
518,46611,2012-05-30,1,283,78066.2178,237,40,0.011750,64681.981520,10621.820300,2439.755250,322.660680
558,46612,2012-05-30,1,283,1626.4708,4,4,0.000000,0.000000,1561.636400,64.834400,0.000000
930,46613,2012-05-30,1,274,2927.7262,4,3,0.000000,1242.851800,1684.874400,0.000000,0.000000
768,46614,2012-05-30,6,289,72131.9824,254,60,0.010666,53831.047200,14405.706300,3312.445662,582.783250
944,46615,2012-05-30,10,282,7973.3042,19,9,0.000000,3288.558000,4598.225000,86.521200,0.000000
592,46616,2012-05-30,6,289,150837.4387,413,65,0.014461,119643.104083,27165.920824,3484.836690,543.577140
742,46617,2012-05-30,4,281,4007.4786,15,6,0.050000,2536.887600,1470.591000,0.000000,0.000000
1138,46618,2012-05-30,1,280,86.5212,3,1,0.000000,0.000000,0.000000,86.521200,0.000000
1186,46619,2012-05-30,1,283,71.988,2,1,0.000000,0.000000,0.000000,71.988000,0.000000
1086,46620,2012-05-30,2,275,50019.5321,143,50,0.012400,42984.373200,5057.795600,1793.547976,183.815340
1372,46621,2012-05-30,3,275,5687.3217,16,8,0.037500,5191.223700,496.098000,0.000000,0.000000
1882,46622,2012-05-30,6,289,42262.6609,97,20,0.006000,38198.358200,3320.808000,743.494692,0.000000
1986,46623,2012-05-30,7,290,2278.1544,4,3,0.000000,647.994000,1630.160400,0.000000,0.000000
570,46624,2012-05-30,4,281,37650.2671,79,21,0.002380,29813.308700,7431.130200,405.828175,0.000000
874,46625,2012-05-30,4,276,44991.4587,241,53,0.007735,27461.098700,13235.616900,3787.427754,507.315360
1234,46626,2012-05-30,7,290,37208.4123,144,35,0.010571,30434.952300,4136.851200,2386.082042,250.526790
590,46627,2012-05-30,7,290,13094.2966,66,20,0.015000,9875.849900,2106.291000,945.616900,166.538790
568,46628,2012-05-30,5,274,647.994,1,1,0.000000,647.994000,0.000000,0.000000,0.000000
1050,46629,2012-05-30,3,277,98996.5779,165,39,0.010256,87859.014900,11122.423100,0.000000,15.139890
1898,46630,2012-05-30,5,279,35699.5713,142,39,0.008205,28863.794500,4282.653000,2287.177292,265.946460
1018,46631,2012-05-30,5,275,7370.8413,64,16,0.021875,4958.014300,1147.942000,1068.066400,196.818570
1952,46632,2012-05-30,6,278,24.2945,1,1,0.000000,0.000000,24.294500,0.000000,0.000000
664,46633,2012-05-30,2,275,65721.6787,236,41,0.013170,50842.007552,11863.633900,2632.397300,383.639910
302,46634,2012-05-30,4,281,733.2159,5,4,0.075000,164.427900,532.794000,35.994000,0.000000
1826,46635,2012-05-30,5,279,2378.4486,4,2,0.000000,0.000000,2342.454600,35.994000,0.000000
326,46636,2012-05-30,5,279,180.129,1,1,0.000000,0.000000,180.129000,0.000000,0.000000
1338,46637,2012-05-30,5,279,209.256,1,1,0.000000,0.000000,209.256000,0.000000,0.000000
1184,46638,2012-05-30,4,281,61709.2825,156,53,0.011320,51540.741300,8485.650100,1381.692100,301.199010
908,46639,2012-05-30,6,278,6386.6474,55,18,0.034444,3312.047700,1890.633500,1017.427376,166.538790
1948,46640,2012-05-30,2,275,33293.8504,60,20,0.000000,26746.575600,6342.128800,205.146000,0.000000
1428,46641,2012-05-30,5,279,469.794,1,1,0.000000,469.794000,0.000000,0.000000,0.000000
932,46642,2012-05-30,4,277,97801.7811,169,38,0.007894,84600.323700,13201.457400,0.000000,0.000000
762,46643,2012-05-30,1,283,109253.4254,231,43,0.009302,87108.209036,21868.346128,276.870200,0.000000
698,46644,2012-05-30,5,279,1308.9375,1,1,0.000000,1308.937500,0.000000,0.000000,0.000000
1430,46645,2012-05-30,6,289,101336.8382,208,35,0.001142,74279.062100,26436.350910,621.425224,0.000000
1470,46646,2012-05-30,1,280,1147.4382,35,11,0.009090,0.000000,336.772000,734.966700,75.699450
318,46647,2012-05-30,1,280,80634.8808,232,41,0.010731,65454.802552,12611.100276,2234.183400,334.794570
1294,46648,2012-05-30,4,277,57182.2539,229,50,0.007200,36702.347500,16769.126300,3071.597968,639.182176
744,46649,2012-05-30,1,283,10473.061,46,20,0.015000,8673.176800,1109.428000,523.917400,166.538790
640,46650,2012-05-30,1,276,3781.8417,10,4,0.075000,3781.841700,0.000000,0.000000,0.000000
684,46651,2012-05-30,3,277,12140.2623,41,11,0.001818,9916.028600,1873.935500,350.298192,0.000000
982,46652,2012-05-30,7,290,42438.4645,211,42,0.015952,31924.207200,7186.735200,2756.594525,570.927578
1154,46653,2012-05-30,7,290,2476.9638,8,6,0.000000,0.000000,2342.454600,122.515200,11.994000
366,46654,2012-05-30,5,279,7004.5001,42,18,0.033333,4557.001800,1951.601100,389.918000,105.979230
692,46655,2012-05-30,2,275,45064.2667,91,32,0.000000,33067.542400,11709.067400,287.656900,0.000000
952,46656,2012-05-30,3,277,30.2798,2,1,0.100000,0.000000,0.000000,0.000000,30.279780
1840,46657,2012-05-30,6,289,92716.9059,339,56,0.008035,60688.485100,27985.538914,3448.152897,594.729030
1162,46658,2012-05-30,6,289,4831.9452,17,8,0.012500,3701.769600,1069.616000,0.000000,60.559560
820,46659,2012-05-30,2,275,684.03,2,2,0.000000,469.794000,214.236000,0.000000,0.000000
662,46660,2012-05-30,4,277,117274.3453,251,45,0.009333,81438.051642,35836.293700,0.000000,0.000000
1256,46661,2012-05-30,4,277,1524.5394,3,2,0.000000,0.000000,1488.545400,35.994000,0.000000
1976,46662,2012-05-30,3,275,70717.297,268,57,0.012105,46972.605792,19939.636100,3267.290092,537.765030
496,46663,2012-05-30,4,277,8526.6557,49,19,0.026315,5355.651600,2631.066300,449.098500,90.839340
392,46664,2012-05-30,3,275,15797.0264,55,23,0.026086,5966.383800,9264.064000,490.879100,75.699450
1862,46665,2012-05-30,5,279,367.8764,2,1,0.000000,0.000000,367.876400,0.000000,0.000000
548,46666,2012-05-30,2,275,88689.6425,242,59,0.010508,71920.435200,14571.109700,1965.576808,232.520790
1388,46667,2012-05-30,1,280,14515.9921,58,16,0.031250,7375.765800,7081.106100,28.840400,30.279780
1414,46668,2012-05-30,4,281,59238.9627,253,53,0.009245,43301.003300,12431.485800,3050.140243,456.333360
534,46669,2012-05-30,10,282,71274.5372,265,57,0.011228,47468.315008,20454.086200,2908.076460,444.059580
1964,46670,2012-05-30,10,282,1438.851,4,3,0.000000,1200.525000,202.332000,35.994000,0.000000
954,46671,2012-05-30,3,276,62510.3099,248,48,0.009583,47410.466917,11069.182000,3611.878435,418.782570
792,46672,2012-05-30,5,279,63233.6717,271,55,0.014181,44015.466964,15400.230100,3422.480574,395.494020
440,46673,2012-05-30,5,279,28008.119,162,36,0.012500,18788.357300,6471.396200,2421.999350,326.366130
1096,46674,2012-05-30,5,279,324.4527,1,1,0.000000,0.000000,324.452700,0.000000,0.000000
1002,46675,2012-05-30,4,281,5519.611,49,16,0.038750,3312.047700,1093.437000,977.867276,136.259010
1864,46929,2012-06-30,6,278,24.2945,1,1,0.000000,0.000000,24.294500,0.000000,0.000000
986,46930,2012-06-30,6,289,16812.1513,70,21,0.000952,13591.012400,1893.156500,1186.676892,141.305500
1332,46931,2012-06-30,3,275,48300.3569,99,30,0.000000,33675.357700,14442.647200,182.352000,0.000000
608,46932,2012-06-30,6,289,3661.1012,14,9,0.000000,2472.310700,1143.202500,45.588000,0.000000
1182,46933,2012-06-30,5,279,47753.7712,85,38,0.007894,41356.742700,6235.046500,161.982000,0.000000
454,46934,2012-06-30,2,275,469.794,1,1,0.000000,469.794000,0.000000,0.000000,0.000000
1988,46935,2012-06-30,6,289,688.7667,5,3,0.000000,0.000000,526.784700,161.982000,0.000000
412,46936,2012-06-30,6,278,6821.1093,47,22,0.013636,2043.603900,3864.169700,772.030200,141.305500
1924,46937,2012-06-30,5,275,33.7745,1,1,0.000000,0.000000,33.774500,0.000000,0.000000
1972,46938,2012-06-30,6,289,53415.9425,112,31,0.000000,37417.306000,15679.520500,319.116000,0.000000
1326,46939,2012-06-30,10,282,324.4527,1,1,0.000000,0.000000,324.452700,0.000000,0.000000
1200,46940,2012-06-30,6,289,52105.5079,154,56,0.005714,40328.603400,9866.488700,1560.201820,350.214000
1400,46941,2012-06-30,7,290,7222.8289,18,10,0.000000,6160.687400,948.171500,113.970000,0.000000
1796,46942,2012-06-30,4,276,4364.2719,38,17,0.000000,2485.703600,1080.906500,636.169800,161.492000
1456,46943,2012-06-30,5,279,8920.6386,38,14,0.021428,2983.191900,5917.260200,0.000000,20.186500
1032,46944,2012-06-30,1,276,77342.8571,139,28,0.002500,67227.055284,9539.065400,576.736400,0.000000
1192,46945,2012-06-30,6,289,379.467,2,2,0.000000,0.000000,379.467000,0.000000,0.000000
1112,46946,2012-06-30,6,289,196.329,1,1,0.000000,0.000000,196.329000,0.000000,0.000000
1052,46947,2012-06-30,2,275,39027.0692,102,21,0.004761,31203.047000,6944.743600,879.278550,0.000000
344,46948,2012-06-30,2,275,49220.1646,154,54,0.005555,40223.315400,7030.973600,1611.860100,354.015500
1406,46949,2012-06-30,6,289,4810.0342,8,5,0.000000,3814.980000,995.054200,0.000000,0.000000
732,46950,2012-06-30,6,289,5496.001,45,20,0.000000,1879.176000,2943.586600,531.932900,141.305500
1312,46951,2012-06-30,6,278,27892.4053,42,13,0.000000,22222.912500,5669.492800,0.000000,0.000000
1902,46952,2012-06-30,5,279,165.231,1,1,0.000000,0.000000,165.231000,0.000000,0.000000
622,46953,2012-06-30,6,278,63095.428,286,42,0.010952,45773.370300,13029.960500,3606.315960,685.781264
700,46954,2012-06-30,4,276,1485.8823,3,3,0.000000,1242.851800,243.030500,0.000000,0.000000
738,46955,2012-06-30,6,289,9625.0609,27,10,0.000000,8659.783900,623.367000,341.910000,0.000000
452,46956,2012-06-30,3,275,4313.4232,34,13,0.023076,1573.809900,2298.597800,299.710000,141.305500
1424,46957,2012-06-30,1,283,75351.5172,356,56,0.003750,47771.817100,23203.943570,3693.218933,682.537592
1320,46958,2012-06-30,1,274,2458.9178,2,1,0.000000,2458.917800,0.000000,0.000000,0.000000
1896,46959,2012-06-30,6,289,90172.6738,239,59,0.005084,70405.004100,18005.129900,1401.716800,360.823000
1134,46960,2012-06-30,4,276,10036.043,53,20,0.015000,6905.971800,2555.815400,352.204300,222.051500
1344,46961,2012-06-30,2,275,324.4527,1,1,0.000000,0.000000,324.452700,0.000000,0.000000
1310,46962,2012-06-30,5,279,2485.7036,2,1,0.000000,2485.703600,0.000000,0.000000,0.000000
914,46963,2012-06-30,4,277,469.794,1,1,0.000000,469.794000,0.000000,0.000000,0.000000
1992,46964,2012-06-30,4,277,86402.2489,237,56,0.005714,67318.146000,16968.978800,1788.102576,327.021500
556,46965,2012-06-30,4,281,8453.3099,51,20,0.015000,5026.795800,2638.353500,667.041600,121.119000
1290,46966,2012-06-30,1,276,40977.8088,75,21,0.000952,36174.454200,4294.905400,488.262676,20.186500
1834,46967,2012-06-30,1,280,48541.8313,231,51,0.001372,29405.516100,15210.718100,3193.597500,731.999608
746,46968,2012-06-30,3,275,15853.6146,71,22,0.013636,10828.751700,4258.954600,685.162300,80.746000
1858,46969,2012-06-30,3,277,39373.2236,89,32,0.000000,25557.295400,13686.958200,113.970000,15.000000
1944,46970,2012-06-30,4,276,50912.9359,98,40,0.000000,39837.219000,11075.716900,0.000000,0.000000
414,46971,2012-06-30,5,279,15304.8859,67,18,0.002777,13577.619500,514.834000,1091.313400,121.119000
1970,46972,2012-06-30,1,276,38189.0587,99,33,0.000000,24949.044700,13081.915100,128.098900,30.000000
498,46973,2012-06-30,1,280,6227.2278,20,9,0.000000,4958.014300,1041.273500,227.940000,0.000000
1328,46974,2012-06-30,1,280,40399.5779,248,54,0.002037,21153.960200,15029.915200,3573.623543,642.079000
1828,46975,2012-06-30,6,289,149.031,1,1,0.000000,0.000000,149.031000,0.000000,0.000000
1028,46976,2012-06-30,1,283,7759.3877,43,17,0.000000,6200.866100,680.415000,696.428100,181.678500
728,46977,2012-06-30,2,274,4254.45,11,5,0.000000,3758.352000,496.098000,0.000000,0.000000
992,46978,2012-06-30,1,283,164.4279,1,1,0.300000,164.427900,0.000000,0.000000,0.000000
1480,46979,2012-06-30,3,277,5662.2907,46,13,0.000000,0.000000,5117.688800,342.736900,201.865000
1900,46980,2012-06-30,3,281,50312.409,89,37,0.008108,41630.700900,8681.708100,0.000000,0.000000
1962,46981,2012-06-30,7,290,147390.9328,384,65,0.007846,117880.152401,25488.947200,3433.536227,588.297000
628,46982,2012-06-30,7,287,65.6018,1,1,0.000000,0.000000,65.601800,0.000000,0.000000
1486,46983,2012-06-30,7,290,14655.0936,44,9,0.033333,12402.561600,2252.532000,0.000000,0.000000
1394,46984,2012-06-30,6,289,5347.6038,50,16,0.000000,3701.769600,489.847500,873.375700,282.611000
1142,46985,2012-06-30,7,290,3226.1066,51,15,0.000000,1242.851800,909.952000,810.878300,262.424500
634,46986,2012-06-30,2,275,6532.5325,25,8,0.037500,3946.269600,2586.262900,0.000000,0.000000
808,46987,2012-06-30,7,290,89273.6793,355,56,0.003571,53192.066400,31126.557454,4191.857403,763.198000
790,46988,2012-06-30,4,276,79628.9429,269,59,0.005084,61348.610700,14547.307100,2971.478100,761.547000
494,46989,2012-06-30,3,277,2342.4546,3,1,0.000000,0.000000,2342.454600,0.000000,0.000000
1270,46990,2012-06-30,1,280,924.4017,2,2,0.000000,0.000000,924.401700,0.000000,0.000000
1468,46991,2012-06-30,5,279,9803.5732,54,17,0.000000,7443.717900,1308.909000,828.894800,222.051500
1254,46992,2012-06-30,4,276,58378.5459,156,50,0.006000,50937.631800,5422.352800,1577.787800,440.773500
1422,46993,2012-06-30,2,274,48693.9751,249,54,0.002407,26773.361400,17457.693500,3883.611175,579.309000
1868,46994,2012-06-30,2,275,54859.4922,122,35,0.000571,35326.872900,19142.767100,389.852176,0.000000
988,46995,2012-06-30,5,279,8520.6631,27,11,0.027272,6741.543900,1779.119200,0.000000,0.000000
352,46996,2012-06-30,5,279,63653.3932,92,40,0.007500,52379.884800,11228.514400,44.994000,0.000000
970,46997,2012-06-30,6,278,57381.4301,119,28,0.012857,47807.537692,9573.892400,0.000000,0.000000
332,46998,2012-06-30,6,278,1242.8518,1,1,0.000000,1242.851800,0.000000,0.000000,0.000000
916,46999,2012-06-30,3,275,2371.295,4,2,0.000000,0.000000,2342.454600,28.840400,0.000000
466,47000,2012-06-30,6,289,5894.9641,20,10,0.000000,4917.835600,863.158500,113.970000,0.000000
832,47001,2012-06-30,2,275,69729.7597,133,39,0.007692,55935.878400,13793.881300,0.000000,0.000000
900,47002,2012-06-30,4,276,1256.6625,37,11,0.000000,0.000000,196.329000,919.028000,141.305500
948,47003,2012-06-30,6,289,18202.7022,59,19,0.000000,16076.716000,1104.180000,840.127700,181.678500
1832,47004,2012-06-30,10,287,53170.0479,242,51,0.001568,33795.023000,15289.832500,3587.660888,497.531500
1068,47005,2012-06-30,1,283,1316.1745,3,2,0.000000,1295.988000,0.000000,0.000000,20.186500
1220,47006,2012-06-30,10,282,38604.0227,143,36,0.001944,32485.642100,3865.492000,1945.464092,307.424500
1102,47007,2012-06-30,10,282,4142.6215,7,4,0.000000,0.000000,4142.621500,0.000000,0.000000
562,47008,2012-06-30,6,278,58234.6192,218,50,0.001200,44796.243000,9910.261400,2900.682560,627.432264
602,47009,2012-06-30,10,282,49484.6201,137,48,0.006250,42293.523300,5661.851800,1236.584500,292.660500
766,47010,2012-06-30,5,274,209.256,1,1,0.000000,0.000000,209.256000,0.000000,0.000000
1450,47011,2012-06-30,2,275,16742.0274,46,16,0.018750,10828.751700,5769.073700,144.202000,0.000000
782,47012,2012-06-30,6,278,39885.5733,214,43,0.009302,26531.394900,9590.345700,3281.326664,482.506000
780,47013,2012-06-30,6,289,21209.6683,52,17,0.000000,11339.947500,9838.601800,31.119000,0.000000
356,47014,2012-06-30,6,278,340.9898,3,2,0.000000,0.000000,340.989800,0.000000,0.000000
428,47015,2012-06-30,6,278,19544.0309,67,21,0.000000,17292.782000,1293.949000,775.621400,181.678500
958,47016,2012-06-30,4,276,7804.4741,14,8,0.000000,3945.448500,3859.025600,0.000000,0.000000
418,47017,2012-06-30,6,289,180.129,1,1,0.000000,0.000000,180.129000,0.000000,0.000000
816,47018,2012-06-30,4,281,107356.7904,248,57,0.005263,83446.482600,22117.011600,1402.709200,390.587000
962,47019,2012-06-30,7,290,980.8863,11,6,0.000000,0.000000,880.818800,100.067500,0.000000
546,47020,2012-06-30,3,277,869.6877,2,2,0.000000,0.000000,869.687700,0.000000,0.000000
604,47021,2012-06-30,2,275,1444.3375,23,10,0.000000,0.000000,931.448700,311.023800,201.865000
1280,47022,2012-06-30,3,277,469.794,1,1,0.000000,469.794000,0.000000,0.000000,0.000000
650,47023,2012-06-30,5,279,1308.9375,1,1,0.000000,1308.937500,0.000000,0.000000,0.000000
848,47024,2012-06-30,4,277,45845.4516,97,31,0.000000,33608.828600,11985.889000,250.734000,0.000000
422,47025,2012-06-30,2,275,17146.5426,36,16,0.000000,7741.792500,9404.750100,0.000000,0.000000
1202,47026,2012-06-30,5,279,41020.1875,67,22,0.000000,34390.316200,6427.332800,182.352000,20.186500
598,47027,2012-06-30,4,277,104881.9414,250,58,0.005172,81720.336300,21300.705900,1506.883700,354.015500
370,47028,2012-06-30,4,276,39987.6526,151,39,0.000512,29631.453800,7805.102700,2135.136092,415.960000
1136,47029,2012-06-30,4,277,53.994,1,1,0.000000,0.000000,0.000000,53.994000,0.000000
540,47030,2012-06-30,3,275,2554.0856,5,2,0.000000,2485.703600,0.000000,68.382000,0.000000
1236,47031,2012-06-30,6,289,33208.2292,156,37,0.001891,25215.161100,5255.480200,2384.367855,353.220000
1478,47032,2012-06-30,4,276,5061.8179,33,14,0.021428,3312.047700,1183.210900,485.813300,80.746000
1982,47033,2012-06-30,1,280,93591.6217,244,58,0.006034,77503.125600,14080.535300,1751.312300,256.648500
474,47034,2012-06-30,4,281,67745.1764,135,39,0.007692,47275.782600,20361.405800,107.988000,0.000000
1458,47035,2012-06-30,4,276,2647.032,7,3,0.000000,2348.970000,298.062000,0.000000,0.000000
892,47036,2012-06-30,1,283,2508.4976,3,2,0.000000,2485.703600,0.000000,22.794000,0.000000
794,47037,2012-06-30,6,278,52063.3585,218,50,0.001200,36102.051000,12265.187500,3027.251516,668.868436
1416,47038,2012-06-30,5,279,183.9382,1,1,0.000000,0.000000,183.938200,0.000000,0.000000
1214,47039,2012-06-30,4,276,32885.3728,83,22,0.002272,27314.647600,4923.757000,646.968175,0.000000
1164,47040,2012-06-30,5,279,22381.4965,66,21,0.000952,19791.878500,1583.598000,905.087492,100.932500
1266,47041,2012-06-30,3,276,84380.7379,223,53,0.005660,70148.200800,12178.272500,1773.598100,280.666500
340,47042,2012-06-30,5,279,47413.7171,230,53,0.001132,31442.377600,11782.993300,3553.930152,634.416000
536,47043,2012-06-30,1,280,209.256,1,1,0.000000,0.000000,209.256000,0.000000,0.000000
1362,47044,2012-06-30,5,279,180.108,5,2,0.000000,0.000000,88.932000,91.176000,0.000000
372,47045,2012-06-30,4,277,72019.6975,222,44,0.003863,56733.992000,12201.076600,2878.726351,205.902500
1090,47046,2012-06-30,5,279,3981.8541,6,4,0.000000,1308.937500,2672.916600,0.000000,0.000000
1156,47047,2012-06-30,6,289,10085.4859,24,11,0.000000,8659.783900,1174.968000,250.734000,0.000000
1946,47048,2012-06-30,4,277,469.794,1,1,0.000000,469.794000,0.000000,0.000000,0.000000
976,47049,2012-06-30,4,277,46321.888,109,33,0.000000,32605.307400,13443.052600,273.528000,0.000000
846,47050,2012-06-30,2,275,6803.6883,14,8,0.000000,3288.558000,3515.130300,0.000000,0.000000
964,47051,2012-06-30,1,283,20.52,1,1,0.000000,0.000000,20.520000,0.000000,0.000000
1070,47052,2012-06-30,2,275,59518.7599,184,41,0.000000,46263.719700,10787.238200,2081.016500,386.785500
1350,47053,2012-06-30,5,279,26628.0859,53,20,0.000000,10609.216500,16018.869400,0.000000,0.000000
600,47054,2012-06-30,1,280,42396.4051,82,36,0.008333,36795.095700,5601.309400,0.000000,0.000000
1316,47055,2012-06-30,2,275,46021.1798,216,43,0.009069,37721.883600,4679.309500,3141.050668,478.936000
1108,47056,2012-06-30,4,276,54130.4516,164,58,0.000000,41347.341000,10646.379700,1802.076400,334.654500
368,47057,2012-06-30,1,281,16239.5602,67,20,0.000000,13591.012400,1665.188000,821.867800,161.492000
898,47058,2012-06-30,5,279,2180.4192,10,3,0.000000,469.794000,1710.625200,0.000000,0.000000
1410,47059,2012-06-30,10,282,324.4527,1,1,0.000000,0.000000,324.452700,0.000000,0.000000
1116,47060,2012-06-30,10,282,1628.6046,7,3,0.000000,469.794000,1158.810600,0.000000,0.000000
1802,47061,2012-06-30,10,282,14560.3533,58,25,0.012000,2043.603900,11781.082500,574.174900,161.492000
1398,47062,2012-06-30,10,287,20496.8188,45,13,0.003846,18522.240900,1588.599500,385.978400,0.000000
348,47063,2012-06-30,3,276,2458.9178,2,1,0.000000,2458.917800,0.000000,0.000000,0.000000
1034,47064,2012-06-30,3,277,794.2467,2,2,0.000000,469.794000,324.452700,0.000000,0.000000
1242,47065,2012-06-30,3,276,55971.1308,222,42,0.004761,41211.519700,11940.022000,2464.188600,355.400500
1174,47066,2012-06-30,1,283,57363.2615,89,40,0.007500,48015.764400,9293.503100,53.994000,0.000000
710,47067,2012-06-30,5,279,17944.6404,103,26,0.013461,7375.765800,8865.488900,1501.520650,201.865000
1876,47349,2012-07-31,1,283,1561.6364,2,2,0.000000,0.000000,1561.636400,0.000000,0.000000
950,47350,2012-07-31,4,276,5717.1308,16,7,0.000000,4228.146000,1488.984800,0.000000,0.000000
544,47351,2012-07-31,2,275,11056.6441,58,22,0.000000,3758.352000,6347.462700,809.523900,141.305500
516,47352,2012-07-31,3,281,34982.3068,150,35,0.003428,27092.614000,5890.876100,1714.348692,284.468000
1984,47353,2012-07-31,10,282,38818.229,98,24,0.002083,30780.990700,7148.310700,888.927550,0.000000
812,47354,2012-07-31,6,289,51710.6749,139,51,0.000000,43407.493500,6643.915500,1248.492400,410.773500
1336,47355,2012-07-31,4,276,129261.254,475,68,0.005882,95902.400914,26505.847600,5645.108854,1207.896678
1274,47356,2012-07-31,7,290,635.025,2,2,0.000000,469.794000,165.231000,0.000000,0.000000
1816,47357,2012-07-31,6,278,8057.6592,41,18,0.000000,6200.866100,1060.659500,594.268600,201.865000
1368,47358,2012-07-31,6,278,2443.283,6,4,0.000000,0.000000,2342.454600,100.828400,0.000000
1322,47359,2012-07-31,6,289,50212.8485,247,51,0.002941,31717.547400,14085.415366,3662.391500,747.494264
776,47360,2012-07-31,4,281,784.056,3,3,0.000000,469.794000,314.262000,0.000000,0.000000
1364,47361,2012-07-31,6,278,231.1724,2,2,0.000000,0.000000,202.332000,28.840400,0.000000
998,47362,2012-07-31,6,289,16422.5436,41,13,0.001538,14874.042900,1266.584500,281.916192,0.000000
342,47363,2012-07-31,4,277,214.236,1,1,0.000000,0.000000,214.236000,0.000000,0.000000
382,47364,2012-07-31,3,275,183.9382,1,1,0.000000,0.000000,183.938200,0.000000,0.000000
828,47365,2012-07-31,6,289,89333.293,350,57,0.004035,61446.002240,23142.303048,4074.529684,670.458000
648,47366,2012-07-31,6,289,96577.143,302,60,0.001000,74871.210000,17925.794800,2942.970248,837.167936
1966,47367,2012-07-31,1,280,26523.0027,40,18,0.000000,22747.911000,3775.091700,0.000000,0.000000
802,47368,2012-07-31,1,280,6700.1106,43,20,0.000000,2818.764000,3275.815900,444.038700,161.492000
1426,47369,2012-07-31,4,281,140078.3959,392,65,0.004000,113502.475794,22343.071700,3472.806780,760.041592
694,47370,2012-07-31,4,277,149.031,1,1,0.000000,0.000000,149.031000,0.000000,0.000000
1978,47371,2012-07-31,4,276,881.0367,7,2,0.000000,0.000000,744.272700,136.764000,0.000000
1376,47372,2012-07-31,4,276,11476.4056,33,18,0.000000,5167.734000,6230.804300,57.680800,20.186500
1082,47373,2012-07-31,4,281,1674.6854,6,4,0.000000,0.000000,1674.685400,0.000000,0.000000
1014,47374,2012-07-31,4,281,28923.1085,84,22,0.000000,25952.565900,1743.088500,1086.148600,141.305500
1216,47375,2012-07-31,4,277,469.794,1,1,0.000000,469.794000,0.000000,0.000000,0.000000
1324,47376,2012-07-31,7,290,817.503,5,2,0.000000,0.000000,817.503000,0.000000,0.000000
1830,47377,2012-07-31,7,290,72301.9511,132,40,0.001250,57833.935950,14468.015100,0.000000,0.000000
1994,47378,2012-07-31,3,277,39477.7558,145,35,0.001428,33293.915500,3804.223100,2098.950650,280.666500
510,47379,2012-07-31,6,274,53.994,1,1,0.000000,0.000000,0.000000,53.994000,0.000000
324,47380,2012-07-31,6,289,44017.9573,143,36,0.001388,33040.321200,8587.161200,2148.000850,242.474000
1340,47381,2012-07-31,6,278,602.70,3,2,0.000000,0.000000,602.700000,0.000000,0.000000
938,47382,2012-07-31,1,280,65.6018,1,1,0.000000,0.000000,65.601800,0.000000,0.000000
1444,47383,2012-07-31,6,289,4493.5622,32,14,0.000000,1879.176000,2089.030000,343.677700,181.678500
672,47384,2012-07-31,3,277,44013.7502,144,49,0.000000,35467.216500,6634.316500,1603.997200,308.220000
1218,47385,2012-07-31,1,280,3147.5673,5,4,0.000000,0.000000,3147.567300,0.000000,0.000000
1204,47386,2012-07-31,4,281,3613.6431,11,8,0.000000,939.588000,2653.868600,0.000000,20.186500
764,47387,2012-07-31,1,281,39972.1321,106,31,0.000000,24288.093200,15342.128900,341.910000,0.000000
658,47388,2012-07-31,10,282,202.332,1,1,0.000000,0.000000,202.332000,0.000000,0.000000
386,47389,2012-07-31,6,278,4356.8575,8,4,0.000000,0.000000,4356.857500,0.000000,0.000000
886,47390,2012-07-31,6,289,780.8182,1,1,0.000000,0.000000,780.818200,0.000000,0.000000
1842,47391,2012-07-31,7,290,74487.755,126,34,0.000000,61390.429500,13097.325500,0.000000,0.000000
826,47392,2012-07-31,5,279,324.4527,1,1,0.000000,0.000000,324.452700,0.000000,0.000000
872,47393,2012-07-31,3,277,20.52,1,1,0.000000,0.000000,20.520000,0.000000,0.000000
1188,47394,2012-07-31,3,275,32887.0262,144,37,0.002702,25188.810700,5163.045500,2271.713950,263.456000
786,47395,2012-07-31,2,275,146154.5653,392,66,0.003484,112022.123576,30464.506276,3024.265400,643.670000
1798,47396,2012-07-31,6,289,19717.9571,50,13,0.000000,17346.353600,1938.517500,433.086000,0.000000
512,47397,2012-07-31,6,278,7951.1594,58,21,0.000952,5637.528000,994.691700,1125.267176,193.672500
1916,47398,2012-07-31,6,289,60281.31,152,53,0.000000,49815.168000,8760.271600,1358.396400,347.474000
1040,47399,2012-07-31,6,278,26509.1108,76,19,0.005263,21287.453800,4737.284500,484.372500,0.000000
978,47400,2012-07-31,4,276,103226.8852,499,57,0.011228,65894.883400,29057.972924,7128.390493,1145.638377
1062,47401,2012-07-31,6,274,469.794,1,1,0.000000,469.794000,0.000000,0.000000,0.000000
1472,47402,2012-07-31,10,282,9680.119,21,11,0.000000,8646.391000,899.571500,113.970000,20.186500
472,47403,2012-07-31,1,280,54801.3542,228,53,0.000754,33715.101000,17398.984200,3194.333020,492.935936
1968,47404,2012-07-31,4,277,4868.6565,12,5,0.000000,3871.608000,997.048500,0.000000,0.000000
1092,47405,2012-07-31,4,276,780.8182,1,1,0.000000,0.000000,780.818200,0.000000,0.000000
1064,47406,2012-07-31,5,279,4709.2037,7,3,0.000000,0.000000,4709.203700,0.000000,0.000000
398,47407,2012-07-31,4,277,2521.6976,3,2,0.000000,2485.703600,0.000000,35.994000,0.000000
504,47408,2012-07-31,4,276,1263.0383,2,2,0.000000,1242.851800,0.000000,0.000000,20.186500
296,47409,2012-07-31,3,277,61492.5041,109,42,0.000000,45211.110000,15915.043400,366.350700,0.000000
1114,47410,2012-07-31,7,290,15445.5784,66,20,0.000000,13631.191100,418.546000,1012.297800,383.543500
928,47411,2012-07-31,6,289,37479.6554,92,24,0.002083,31730.940300,4998.923500,749.791550,0.000000
864,47412,2012-07-31,6,289,202.332,1,1,0.000000,0.000000,202.332000,0.000000,0.000000
668,47413,2012-07-31,6,278,39367.0149,134,31,0.001612,29800.351200,7759.951100,1545.437075,261.275500
1168,47414,2012-07-31,5,279,684.03,2,2,0.000000,469.794000,214.236000,0.000000,0.000000
1132,47415,2012-07-31,6,289,2779.8855,33,13,0.000000,0.000000,2261.810200,316.210300,201.865000
798,47416,2012-07-31,5,275,103299.6849,342,53,0.003396,76850.585798,22800.443382,2957.378620,691.277108
1296,47417,2012-07-31,4,276,49342.2867,96,29,0.000000,34163.507700,14973.633000,205.146000,0.000000
902,47418,2012-07-31,4,277,91.176,4,1,0.000000,0.000000,0.000000,91.176000,0.000000
702,47419,2012-07-31,3,277,12931.2387,34,11,0.000000,10805.262000,2125.976700,0.000000,0.000000
526,47420,2012-07-31,4,276,491.406,4,2,0.000000,0.000000,491.406000,0.000000,0.000000
878,47421,2012-07-31,2,275,9146.6459,14,8,0.000000,7171.554000,1975.091900,0.000000,0.000000
1330,47422,2012-07-31,4,277,62505.2769,246,57,0.001403,42115.213708,17002.297400,2738.204228,649.561592
506,47423,2012-07-31,4,277,4262.9036,13,7,0.000000,2818.764000,1374.926200,28.840400,40.373000
752,47424,2012-07-31,5,279,12625.0615,29,13,0.000000,11145.487500,1320.016000,159.558000,0.000000
1392,47425,2012-07-31,4,276,3934.0566,31,11,0.000000,2818.764000,502.954400,471.032700,141.305500
1170,47426,2012-07-31,3,276,1308.9375,1,1,0.000000,1308.937500,0.000000,0.000000,0.000000
1066,47427,2012-07-31,4,281,34385.2153,80,23,0.002173,26231.639800,7642.276900,511.298625,0.000000
1346,47428,2012-07-31,3,277,2685.8932,7,4,0.000000,1409.382000,1276.511200,0.000000,0.000000
726,47429,2012-07-31,3,277,1259.7431,11,5,0.000000,0.000000,1158.810600,0.000000,100.932500
520,47430,2012-07-31,2,275,469.794,1,1,0.000000,469.794000,0.000000,0.000000,0.000000
492,47431,2012-07-31,4,276,288.117,3,3,0.000000,0.000000,180.129000,107.988000,0.000000
716,47432,2012-07-31,2,275,7200.2181,32,12,0.000000,5637.528000,992.196000,570.494100,0.000000
912,47433,2012-07-31,4,276,91.176,4,1,0.000000,0.000000,0.000000,91.176000,0.000000
1278,47434,2012-07-31,4,276,37284.7428,131,36,0.000555,27909.505400,7134.144000,1936.674876,304.418500
788,47435,2012-07-31,4,277,47871.2182,236,52,0.002115,32671.836500,10883.739100,3758.700635,556.942000
1026,47436,2012-07-31,4,281,17147.1425,52,14,0.000000,12684.438000,4442.518000,0.000000,20.186500
966,47437,2012-07-31,4,276,214.236,1,1,0.000000,0.000000,214.236000,0.000000,0.000000
1334,47438,2012-07-31,4,277,56590.5553,103,31,0.000000,43537.379300,12825.236000,227.940000,0.000000
642,47439,2012-07-31,4,277,59292.4303,237,54,0.000740,42913.204500,12577.883500,3250.412332,550.930000
638,47440,2012-07-31,3,277,8610.1714,38,16,0.000000,7430.325000,380.801000,698.112900,100.932500
478,47441,2012-07-31,4,281,112287.2527,212,37,0.002432,86181.243300,25704.382500,401.626900,0.000000
1246,47442,2012-07-31,1,280,245.25,2,2,0.000000,0.000000,209.256000,35.994000,0.000000
1016,47443,2012-07-31,1,283,7619.5865,42,18,0.000000,6187.473200,531.639500,799.541300,100.932500
388,47444,2012-07-31,1,276,9020.689,47,16,0.000000,5637.528000,2963.831100,318.397400,100.932500
1386,47445,2012-07-31,10,282,1116.925,18,7,0.000000,0.000000,866.785000,250.140000,0.000000
1074,47446,2012-07-31,2,275,379.467,2,2,0.000000,0.000000,379.467000,0.000000,0.000000
432,47447,2012-07-31,10,282,56817.8354,152,56,0.000000,45282.121500,9758.030400,1452.047000,325.636500
304,47448,2012-07-31,1,283,2112.5395,3,3,0.000000,1242.851800,869.687700,0.000000,0.000000
1378,47449,2012-07-31,5,279,10719.3352,21,11,0.000000,9902.635700,657.141500,159.558000,0.000000
1356,47450,2012-07-31,2,275,65150.7457,244,56,0.002142,45236.645833,16481.269900,2909.719500,523.110500
1844,47451,2012-07-31,10,282,101725.1038,223,36,0.005555,79093.448704,21915.228257,716.426817,0.000000
1150,47452,2012-07-31,1,280,6066.4671,43,18,0.000000,1879.176000,3466.150800,579.834800,141.305500
298,47453,2012-07-31,2,275,2269.2651,4,2,0.000000,0.000000,2269.265100,0.000000,0.000000
292,47454,2012-07-31,5,279,27429.5294,153,37,0.003243,18180.106600,6719.379500,2181.450305,348.593000
814,47455,2012-07-31,5,279,112722.8945,180,46,0.000000,93424.123500,19215.936600,82.834400,0.000000
1836,47456,2012-07-31,4,277,48267.602,134,32,0.002187,38673.115300,8876.402500,677.711208,40.373000
734,47457,2012-07-31,5,279,4950.8203,19,11,0.000000,3728.555400,1033.866500,188.398400,0.000000
862,47458,2012-07-31,4,276,55601.855,123,33,0.000606,43009.921400,11960.901900,631.031708,0.000000
560,47459,2012-07-31,3,275,6423.515,6,2,0.000000,6214.259000,209.256000,0.000000,0.000000
932,47658,2012-08-30,4,277,99514.5024,144,33,0.000000,92901.676500,6612.825900,0.000000,0.000000
1822,47659,2012-08-30,3,277,5033.644,21,9,0.000000,4697.940000,0.000000,335.704000,0.000000
722,47660,2012-08-30,5,279,469.794,1,1,0.000000,469.794000,0.000000,0.000000,0.000000
484,47661,2012-08-30,4,276,469.794,1,1,0.000000,469.794000,0.000000,0.000000,0.000000
852,47662,2012-08-30,6,289,34681.7052,178,46,0.000434,21247.275100,10267.265800,2823.757760,343.406500
1418,47663,2012-08-30,6,289,73798.9622,165,38,0.001052,55585.462900,18171.112600,42.386700,0.000000
1878,47664,2012-08-30,2,275,41365.4632,87,20,0.005000,35499.674400,5216.159800,649.629000,0.000000
558,47665,2012-08-30,1,283,40.373,2,1,0.000000,0.000000,0.000000,0.000000,40.373000
518,47666,2012-08-30,1,283,75002.6273,179,35,0.001142,66720.149220,6269.507100,1549.005024,463.966000
930,47667,2012-08-30,1,276,2024.5486,9,5,0.000000,1229.458900,752.703000,42.386700,0.000000
768,47668,2012-08-30,6,289,44166.0665,170,49,0.000000,32465.904000,8859.756400,2399.073100,441.333000
944,47669,2012-08-30,10,282,9304.4953,22,8,0.000000,7986.498000,1297.810800,0.000000,20.186500
592,47670,2012-08-30,6,289,77480.9635,246,57,0.000350,54966.670500,19735.335300,2319.618676,459.339000
1138,47671,2012-08-30,1,274,40.373,2,1,0.000000,0.000000,0.000000,0.000000,40.373000
1186,47672,2012-08-30,1,283,70.6445,5,1,0.000000,0.000000,0.000000,70.644500,0.000000
1882,47673,2012-08-30,6,289,30842.6667,84,21,0.004761,25716.704000,4348.877200,777.085450,0.000000
1372,47674,2012-08-30,3,275,7719.321,19,6,0.000000,7516.704000,202.617000,0.000000,0.000000
1086,47675,2012-08-30,2,275,47948.7516,115,41,0.000000,44524.491000,2151.226900,1017.740200,255.293500
570,47676,2012-08-30,4,274,29482.0603,67,19,0.000000,25308.476000,3831.674300,341.910000,0.000000
874,47677,2012-08-30,4,276,41679.2782,184,48,0.000416,29036.596000,9607.999500,2462.118100,572.564608
590,47678,2012-08-30,7,290,6919.2582,33,8,0.000000,6147.294500,0.000000,771.963700,0.000000
1986,47679,2012-08-30,7,290,348.7055,8,5,0.000000,0.000000,245.730800,87.974700,15.000000
1234,47680,2012-08-30,7,290,29157.5473,120,31,0.001612,23257.786200,3788.061400,1845.473675,266.226000
1898,47681,2012-08-30,5,279,28874.4471,120,33,0.000606,23071.591800,3683.729100,1882.074708,237.051500
568,47682,2012-08-30,5,279,264.711,4,2,0.000000,0.000000,196.329000,68.382000,0.000000
1050,47683,2012-08-30,3,277,82582.8222,143,32,0.000000,77904.951000,4641.889200,0.000000,35.982000
1018,47684,2012-08-30,5,275,1692.4137,19,8,0.000000,1229.458900,0.000000,462.954800,0.000000
664,47685,2012-08-30,2,275,51197.9881,167,36,0.001111,39915.967100,9026.182500,1948.414000,307.424500
1044,47686,2012-08-30,6,278,65.6018,1,1,0.000000,0.000000,65.601800,0.000000,0.000000
1184,47687,2012-08-30,4,281,47238.6521,125,47,0.000000,40281.832500,5588.068400,1082.338700,286.412500
390,47688,2012-08-30,1,283,2485.7036,2,1,0.000000,2485.703600,0.000000,0.000000,0.000000
302,47689,2012-08-30,4,281,812.4274,3,3,0.000000,600.262500,198.036000,14.128900,0.000000
908,47690,2012-08-30,6,278,2960.1511,14,10,0.000000,2348.970000,391.991700,219.189400,0.000000
1826,47691,2012-08-30,5,279,40.373,2,1,0.000000,0.000000,0.000000,0.000000,40.373000
1002,47692,2012-08-30,4,281,3604.1268,16,9,0.000000,3288.558000,67.539000,248.029800,0.000000
1046,47693,2012-08-30,5,279,33129.1617,108,33,0.000606,27581.199400,3972.860600,1228.129676,346.972000
762,47694,2012-08-30,1,283,72337.8288,153,30,0.001333,63902.775416,8377.666700,42.386700,15.000000
1470,47695,2012-08-30,1,280,113.97,5,1,0.000000,0.000000,0.000000,113.970000,0.000000
1430,47696,2012-08-30,6,289,60516.8114,142,27,0.002222,41292.312500,18895.794180,328.704676,0.000000
1048,47697,2012-08-30,1,274,383.052,3,2,0.000000,0.000000,360.258000,22.794000,0.000000
318,47698,2012-08-30,1,280,72887.4109,192,34,0.002941,63755.218200,7147.137500,1634.281700,350.773500
640,47699,2012-08-30,1,276,6174.861,14,7,0.000000,6107.322000,67.539000,0.000000,0.000000
1294,47700,2012-08-30,4,277,35142.7647,163,37,0.000540,20519.359100,11429.866400,2598.906692,594.632500
744,47701,2012-08-30,1,283,6413.6311,16,10,0.000000,6187.473200,0.000000,226.157900,0.000000
684,47702,2012-08-30,3,277,7536.3114,13,4,0.000000,7376.753400,0.000000,159.558000,0.000000
366,47703,2012-08-30,5,279,6185.5671,26,11,0.000000,5637.528000,67.539000,480.500100,0.000000
1154,47704,2012-08-30,7,290,648.9054,2,1,0.000000,0.000000,648.905400,0.000000,0.000000
982,47705,2012-08-30,7,290,18715.3153,139,28,0.001428,13772.167708,1824.595500,2698.790592,419.761500
692,47706,2012-08-30,2,275,29731.4902,64,23,0.000000,20559.537800,9103.570400,68.382000,0.000000
952,47707,2012-08-30,3,277,269.964,6,2,0.000000,0.000000,0.000000,269.964000,0.000000
1840,47708,2012-08-30,6,289,66707.6253,252,49,0.001632,41358.406200,21999.469080,2784.788440,564.961608
1162,47709,2012-08-30,6,289,5360.1565,16,7,0.000000,4931.228500,0.000000,428.928000,0.000000
584,47710,2012-08-30,2,275,183.9382,1,1,0.000000,0.000000,183.938200,0.000000,0.000000
1256,47711,2012-08-30,4,277,51.0518,3,2,0.000000,0.000000,0.000000,51.051800,0.000000
662,47712,2012-08-30,4,277,99262.9841,163,35,0.001714,85766.594798,13482.260400,14.128900,0.000000
820,47713,2012-08-30,2,275,67.539,1,1,0.000000,0.000000,67.539000,0.000000,0.000000
392,47714,2012-08-30,3,275,3863.8275,24,11,0.000000,2818.764000,527.069700,517.993800,0.000000
496,47715,2012-08-30,4,277,3784.6176,23,10,0.000000,3288.558000,0.000000,496.059600,0.000000
1976,47716,2012-08-30,3,275,48997.224,196,55,0.001090,40330.197000,5330.548100,2704.150272,632.328608
1862,47717,2012-08-30,5,279,1409.382,3,1,0.000000,1409.382000,0.000000,0.000000,0.000000
548,47718,2012-08-30,2,275,86493.3807,200,51,0.000000,76376.488500,8663.149200,1138.951500,314.791500
1388,47719,2012-08-30,1,280,9845.1474,25,8,0.000000,8926.086000,919.061400,0.000000,0.000000
1414,47720,2012-08-30,4,281,43386.8027,182,48,0.000416,35559.397500,4717.820900,2593.251276,516.333000
534,47721,2012-08-30,10,282,52719.4376,199,53,0.000754,43324.531676,6099.171100,2813.233276,482.501500
1128,47722,2012-08-30,1,276,183.9382,1,1,0.000000,0.000000,183.938200,0.000000,0.000000
1964,47723,2012-08-30,10,282,1308.9375,1,1,0.000000,1308.937500,0.000000,0.000000,0.000000
954,47724,2012-08-30,3,276,48434.2657,198,47,0.001702,39159.276192,5841.344900,2884.746152,548.898436
792,47725,2012-08-30,5,279,43807.0013,157,48,0.000416,33798.321000,7280.983100,2545.782676,181.914500
440,47726,2012-08-30,5,279,28570.8366,126,35,0.002000,22516.912700,4084.677800,1602.647074,366.599000
326,47727,2012-08-30,5,279,209.256,1,1,0.000000,0.000000,209.256000,0.000000,0.000000
1096,47728,2012-08-30,5,279,1308.9375,1,1,0.000000,1308.937500,0.000000,0.000000,0.000000
1428,47729,2012-08-30,5,279,324.4527,1,1,0.000000,0.000000,324.452700,0.000000,0.000000
1948,47730,2012-08-30,2,274,26305.4643,57,22,0.000000,20044.166600,6033.357700,227.940000,0.000000
986,47960,2012-09-30,6,289,11547.357,27,8,0.000000,11145.487500,0.000000,401.869500,0.000000
1864,47961,2012-09-30,6,278,647.994,1,1,0.000000,647.994000,0.000000,0.000000,0.000000
1332,47962,2012-09-30,3,275,38499.6136,75,24,0.000000,25424.237200,12901.689500,173.686900,0.000000
608,47963,2012-09-30,6,289,5031.8056,9,4,0.000000,4917.835600,0.000000,113.970000,0.000000
1988,47964,2012-09-30,6,289,2618.892,13,5,0.000000,1935.804000,596.124000,0.000000,86.964000
1182,47965,2012-09-30,5,279,49578.7581,89,33,0.000000,43867.896000,5480.138900,230.723200,0.000000
412,47966,2012-09-30,6,278,4940.797,22,10,0.000000,4228.146000,324.452700,388.198300,0.000000
1972,47967,2012-09-30,6,289,38408.1469,72,24,0.000000,26072.231200,12221.945700,113.970000,0.000000
1924,47968,2012-09-30,5,275,273.0916,6,3,0.000000,0.000000,216.576000,56.515600,0.000000
1400,47969,2012-09-30,7,287,8724.1741,11,5,0.000000,8632.998100,0.000000,91.176000,0.000000
1032,47970,2012-09-30,1,276,72224.6384,134,26,0.001923,61242.728800,10331.235900,650.673725,0.000000
1456,47971,2012-09-30,5,279,5637.528,12,5,0.000000,5637.528000,0.000000,0.000000,0.000000
1796,47972,2012-09-30,4,276,3048.5294,26,7,0.000000,2458.917800,0.000000,589.611600,0.000000
1200,47973,2012-09-30,6,289,47151.2741,125,46,0.000000,41537.562000,4212.468800,1079.644300,321.599000
1192,47974,2012-09-30,6,289,642.6492,4,2,0.000000,600.262500,0.000000,42.386700,0.000000
344,47975,2012-09-30,2,275,49380.0704,125,46,0.000000,43555.174500,4617.423400,959.812000,247.660500
1052,47976,2012-09-30,2,275,40041.8772,79,20,0.002500,35659.518400,3825.468600,536.703725,20.186500
1406,47977,2012-09-30,6,289,8206.4946,7,3,0.000000,5864.040000,2342.454600,0.000000,0.000000
1312,47978,2012-09-30,6,278,23268.741,39,13,0.000000,22574.607000,694.134000,0.000000,0.000000
732,47979,2012-09-30,6,289,3554.6638,20,9,0.000000,2348.970000,851.522400,354.171400,0.000000
622,47980,2012-09-30,6,278,22534.867,162,33,0.001212,10458.867224,8835.018700,2838.636092,402.345000
738,47981,2012-09-30,6,274,2709.6518,13,4,0.000000,2458.917800,0.000000,250.734000,0.000000
1412,47982,2012-09-30,1,284,67.549,2,1,0.000000,0.000000,67.549000,0.000000,0.000000
1344,47983,2012-09-30,2,275,469.794,1,1,0.000000,469.794000,0.000000,0.000000,0.000000
1134,47984,2012-09-30,4,276,5887.3122,37,9,0.000000,3758.352000,1243.514100,885.446100,0.000000
1320,47985,2012-09-30,1,276,20.52,1,1,0.000000,0.000000,20.520000,0.000000,0.000000
1424,47986,2012-09-30,1,283,87654.2364,249,51,0.000392,64040.221484,20274.177100,2876.697300,463.140500
452,47987,2012-09-30,3,275,1597.9839,12,3,0.000000,1409.382000,0.000000,188.601900,0.000000
1896,47988,2012-09-30,6,289,95370.5312,203,51,0.000000,85942.399500,8022.602000,1027.526200,378.003500
556,47989,2012-09-30,4,281,7477.5973,32,11,0.000000,5637.528000,1365.349800,474.719500,0.000000
1992,47990,2012-09-30,4,277,100216.5341,198,46,0.000000,89258.985000,9747.548600,846.643500,363.357000
1290,47991,2012-09-30,1,276,35291.1994,67,22,0.000909,30501.481400,4347.637800,373.092192,68.988000
1834,47992,2012-09-30,1,284,43496.3848,163,47,0.000000,29165.314700,11261.200200,2619.518900,450.351000
414,47993,2012-09-30,5,279,9138.3399,30,9,0.000000,8632.998100,0.000000,505.341800,0.000000
1944,47994,2012-09-30,4,276,47221.4229,84,33,0.000000,41512.086000,5709.336900,0.000000,0.000000
746,47995,2012-09-30,3,275,14495.9644,47,11,0.000000,13624.026000,472.773000,399.165400,0.000000
1858,47996,2012-09-30,3,277,40134.6567,84,28,0.000000,30488.088500,9360.947400,285.620800,0.000000
1028,47997,2012-09-30,1,283,4162.9556,25,7,0.002857,3688.376700,0.000000,474.578892,0.000000
498,47998,2012-09-30,1,284,11405.6226,21,7,0.000000,11132.094600,0.000000,273.528000,0.000000
1970,47999,2012-09-30,1,276,34148.3461,76,30,0.000000,25583.645800,8330.713900,233.986400,0.000000
1828,48000,2012-09-30,6,289,780.8182,1,1,0.000000,0.000000,780.818200,0.000000,0.000000
1328,48001,2012-09-30,1,284,36396.9284,176,48,0.000416,25783.233100,7602.025300,2414.031476,597.638500
728,48002,2012-09-30,2,275,4610.739,16,5,0.000000,4228.146000,202.617000,179.976000,0.000000
1480,48003,2012-09-30,3,277,242.2492,10,3,0.000000,0.000000,0.000000,242.249200,0.000000
1900,48004,2012-09-30,3,281,44025.5899,76,30,0.000000,39288.741000,4736.848900,0.000000,0.000000
1962,48005,2012-09-30,7,290,87994.6863,251,56,0.000357,64275.360000,20710.930400,2302.901800,705.494092
1486,48006,2012-09-30,7,290,14563.614,31,6,0.000000,14563.614000,0.000000,0.000000,0.000000
628,48007,2012-09-30,7,290,647.994,1,1,0.000000,647.994000,0.000000,0.000000,0.000000
1394,48008,2012-09-30,6,289,654.82,25,6,0.000000,0.000000,0.000000,654.820000,0.000000
1142,48009,2012-09-30,7,290,7980.9201,24,8,0.000000,7457.110800,0.000000,523.809300,0.000000
808,48010,2012-09-30,7,290,66141.7711,228,48,0.000416,45548.761200,17474.592400,2478.485900,639.931608
634,48011,2012-09-30,2,275,7516.704,16,3,0.000000,7516.704000,0.000000,0.000000,0.000000
790,48012,2012-09-30,4,276,51103.1263,190,52,0.000000,35344.716000,13069.918300,2159.369500,529.122500
494,48013,2012-09-30,3,277,1998.4284,12,6,0.000000,0.000000,1998.428400,0.000000,0.000000
1270,48014,2012-09-30,1,284,209.256,1,1,0.000000,0.000000,209.256000,0.000000,0.000000
1468,48015,2012-09-30,5,279,3025.7355,21,9,0.000000,2458.917800,0.000000,566.817700,0.000000
1254,48016,2012-09-30,4,276,44297.9357,115,39,0.000000,40149.940500,2634.062100,1332.018600,181.914500
1422,48017,2012-09-30,2,275,36304.538,155,47,0.000851,24234.521600,9426.566200,2177.242292,466.207936
352,48018,2012-09-30,5,279,44583.9686,77,33,0.000000,39260.436000,5323.532600,0.000000,0.000000
610,48019,2012-09-30,5,279,6214.259,5,1,0.000000,6214.259000,0.000000,0.000000,0.000000
988,48020,2012-09-30,5,279,7573.9797,19,8,0.000000,7046.910000,527.069700,0.000000,0.000000
1868,48021,2012-09-30,2,275,35564.8016,68,26,0.000000,26706.832300,8616.829300,241.140000,0.000000
332,48022,2012-09-30,6,278,4038.8509,8,4,0.000000,1242.851800,2773.205100,22.794000,0.000000
970,48023,2012-09-30,6,278,31147.1853,71,20,0.001000,24928.296192,6218.889100,0.000000,0.000000
916,48024,2012-09-30,3,275,20.1865,1,1,0.000000,0.000000,0.000000,0.000000,20.186500
466,48025,2012-09-30,6,289,1366.2229,7,4,0.000000,1229.458900,0.000000,136.764000,0.000000
832,48026,2012-09-30,2,275,46280.8779,94,33,0.000000,36581.089500,9657.401700,42.386700,0.000000
900,48027,2012-09-30,4,276,314.4612,13,3,0.000000,0.000000,0.000000,314.461200,0.000000
1832,48028,2012-09-30,10,282,32755.9308,172,42,0.000476,20057.994900,9555.577300,2605.279576,537.079000
1068,48029,2012-09-30,1,283,20.1865,1,1,0.000000,0.000000,0.000000,0.000000,20.186500
948,48030,2012-09-30,6,289,3259.0306,27,7,0.000000,2458.917800,0.000000,800.112800,0.000000
1220,48031,2012-09-30,10,282,36513.5572,122,36,0.001388,29378.730300,5349.616700,1393.238175,391.972000
1102,48032,2012-09-30,10,282,2449.1909,12,6,0.000000,0.000000,2449.190900,0.000000,0.000000
562,48033,2012-09-30,6,278,47565.7446,195,45,0.001777,38672.583400,5449.003500,2877.078668,567.079000
1450,48034,2012-09-30,2,275,15617.7534,39,8,0.000000,14563.614000,1054.139400,0.000000,0.000000
602,48035,2012-09-30,10,282,52295.4773,103,39,0.000000,48305.046000,3028.779500,784.364300,177.287500
782,48036,2012-09-30,6,278,34718.3544,168,42,0.001428,28221.840208,3492.396700,2525.977028,478.140500
780,48037,2012-09-30,6,289,20859.9112,28,12,0.000000,14809.777500,5982.010800,68.122900,0.000000
428,48038,2012-09-30,6,278,8218.6358,37,10,0.005000,7390.146300,0.000000,828.489525,0.000000
1056,48039,2012-09-30,6,278,1720.802,6,3,0.000000,0.000000,1652.420000,68.382000,0.000000
418,48040,2012-09-30,6,289,1503.2122,3,3,0.000000,0.000000,1480.418200,22.794000,0.000000
958,48041,2012-09-30,4,276,10151.684,17,9,0.000000,4049.313000,6088.242100,14.128900,0.000000
962,48042,2012-09-30,7,290,2143.8403,16,7,0.000000,647.994000,1205.366700,290.479600,0.000000
816,48043,2012-09-30,4,281,97455.6692,189,46,0.000000,86817.243000,9517.825600,757.243600,363.357000
1280,48044,2012-09-30,3,277,217.332,2,2,0.000000,0.000000,202.332000,0.000000,15.000000
546,48045,2012-09-30,3,277,1153.7883,5,4,0.000000,0.000000,1125.530500,28.257800,0.000000
604,48046,2012-09-30,2,275,325.8977,11,4,0.000000,0.000000,0.000000,325.897700,0.000000
1838,48047,2012-09-30,4,276,14.1289,1,1,0.000000,0.000000,0.000000,14.128900,0.000000
598,48048,2012-09-30,4,277,95134.0915,189,51,0.000000,84978.759000,9053.119000,778.993500,323.220000
370,48049,2012-09-30,4,276,41005.0451,120,35,0.000571,32419.113000,6841.971200,1451.300392,292.660500
422,48050,2012-09-30,2,275,33644.3587,53,24,0.000000,25571.518500,7985.459500,87.380700,0.000000
1202,48051,2012-09-30,5,279,42754.9923,74,24,0.000000,37336.948600,5070.087300,347.956400,0.000000
848,48052,2012-09-30,4,277,24644.2293,74,27,0.000000,15601.523500,8883.147800,159.558000,0.000000
1236,48053,2012-09-30,6,289,38319.8765,93,27,0.000000,34971.345700,2158.442300,1008.410000,181.678500
1478,48054,2012-09-30,4,276,2818.764,6,3,0.000000,2818.764000,0.000000,0.000000,0.000000
1458,48055,2012-09-30,4,276,2014.254,6,3,0.000000,1879.176000,135.078000,0.000000,0.000000
474,48056,2012-09-30,4,281,59569.2312,96,31,0.000000,46049.829000,13454.567800,64.834400,0.000000
1982,48057,2012-09-30,1,284,86679.6063,197,50,0.000000,75777.649500,9444.590100,1147.761700,309.605000
892,48058,2012-09-30,1,283,20.52,1,1,0.000000,0.000000,20.520000,0.000000,0.000000
794,48059,2012-09-30,6,278,44241.9264,170,45,0.000000,39091.680000,2226.542500,2462.743900,460.960000
822,48060,2012-09-30,1,283,1409.382,3,2,0.000000,1409.382000,0.000000,0.000000,0.000000
1416,48061,2012-09-30,5,279,939.588,2,1,0.000000,939.588000,0.000000,0.000000,0.000000
1164,48062,2012-09-30,5,279,14288.7081,40,10,0.000000,13550.833700,0.000000,737.874400,0.000000
340,48063,2012-09-30,5,279,36401.1336,191,47,0.000000,20652.417300,12459.495100,2726.769200,562.452000
536,48064,2012-09-30,1,284,88.932,1,1,0.000000,0.000000,88.932000,0.000000,0.000000
1266,48065,2012-09-30,3,276,79066.7942,179,45,0.000000,71634.012000,6050.006200,1112.482500,270.293500
1214,48066,2012-09-30,4,276,39124.5205,70,22,0.000909,33147.029000,5643.947400,309.556108,23.988000
1362,48067,2012-09-30,5,279,35.994,1,1,0.000000,0.000000,0.000000,35.994000,0.000000
1090,48068,2012-09-30,5,279,2526.5694,12,7,0.000000,469.794000,2042.646500,14.128900,0.000000
372,48069,2012-09-30,4,277,66436.2142,177,40,0.001250,52516.415800,12140.423000,1583.286350,196.089000
1946,48070,2012-09-30,4,277,183.9382,1,1,0.000000,0.000000,183.938200,0.000000,0.000000
976,48071,2012-09-30,4,277,34271.4228,73,27,0.000000,23692.800000,10428.658800,149.964000,0.000000
1156,48072,2012-09-30,6,289,3920.3085,12,5,0.000000,3715.162500,0.000000,205.146000,0.000000
846,48073,2012-09-30,2,275,10244.7396,10,6,0.000000,7902.285000,2342.454600,0.000000,0.000000
960,48074,2012-09-30,6,289,202.332,1,1,0.000000,0.000000,202.332000,0.000000,0.000000
1350,48075,2012-09-30,5,279,18768.9736,30,14,0.000000,14201.547000,4553.297700,14.128900,0.000000
1070,48076,2012-09-30,2,275,64525.5304,164,34,0.002058,57936.665100,4703.678400,1651.141417,234.045500
1316,48077,2012-09-30,2,275,39668.0599,161,40,0.001000,33402.072000,3229.161800,2406.891508,629.934592
964,48078,2012-09-30,1,283,2458.9178,2,1,0.000000,2458.917800,0.000000,0.000000,0.000000
600,48079,2012-09-30,1,284,43444.0996,71,28,0.000000,39870.367500,3573.732100,0.000000,0.000000
1108,48080,2012-09-30,4,276,49789.1608,131,46,0.000000,41385.037500,7237.531300,941.298500,225.293500
1410,48081,2012-09-30,10,282,1466.01,1,1,0.000000,1466.010000,0.000000,0.000000,0.000000
1466,48082,2012-09-30,6,278,1229.4589,1,1,0.000000,1229.458900,0.000000,0.000000,0.000000
368,48083,2012-09-30,1,281,6941.8359,41,10,0.000000,6160.687400,0.000000,781.148500,0.000000
1802,48084,2012-09-30,10,287,3923.9585,18,11,0.000000,3288.558000,391.991700,203.035800,40.373000
1408,48085,2012-09-30,7,290,1141.92,3,2,0.000000,939.588000,202.332000,0.000000,0.000000
1116,48086,2012-09-30,10,282,67.539,1,1,0.000000,0.000000,67.539000,0.000000,0.000000
1174,48087,2012-09-30,1,283,47836.8929,77,31,0.000000,42387.225000,5449.667900,0.000000,0.000000
1398,48088,2012-09-30,10,282,11173.6908,12,4,0.000000,11105.308800,0.000000,68.382000,0.000000
1242,48089,2012-09-30,3,276,60818.3513,201,40,0.003000,49263.488300,9332.565800,1883.841208,338.456000
710,48090,2012-09-30,5,279,7540.9104,34,12,0.000000,6107.322000,919.061400,514.527000,0.000000
1034,48091,2012-09-30,3,277,1308.9375,1,1,0.000000,1308.937500,0.000000,0.000000,0.000000
620,48092,2012-09-30,5,279,235.266,5,3,0.000000,0.000000,235.266000,0.000000,0.000000
950,48286,2012-10-30,4,276,5637.528,12,3,0.000000,5637.528000,0.000000,0.000000,0.000000
1062,48287,2012-10-30,6,289,198.036,1,1,0.000000,0.000000,198.036000,0.000000,0.000000
406,48288,2012-10-30,3,275,383.052,3,2,0.000000,0.000000,360.258000,22.794000,0.000000
1876,48289,2012-10-30,1,283,635.8102,4,3,0.000000,0.000000,635.810200,0.000000,0.000000
544,48290,2012-10-30,2,275,9342.1184,30,9,0.000000,8926.086000,202.617000,173.042400,40.373000
1212,48291,2012-10-30,6,289,736.1455,1,1,0.000000,0.000000,736.145500,0.000000,0.000000
516,48292,2012-10-30,3,281,35418.1338,101,28,0.001785,31944.355900,2285.711300,1046.761075,141.305500
1984,48293,2012-10-30,10,282,36265.7138,73,21,0.002380,32459.291700,3148.530400,657.891725,0.000000
612,48294,2012-10-30,1,283,2485.7036,2,1,0.000000,2485.703600,0.000000,0.000000,0.000000
1336,48295,2012-10-30,4,276,79000.3618,372,56,0.007142,60254.574075,12607.955400,5347.204075,790.628275
812,48296,2012-10-30,6,289,44080.9805,114,37,0.000000,40649.758500,1864.097000,1279.651000,287.474000
1816,48297,2012-10-30,6,278,7971.9658,28,8,0.000000,7457.110800,0.000000,514.855000,0.000000
1274,48298,2012-10-30,7,290,183.9382,1,1,0.000000,0.000000,183.938200,0.000000,0.000000
1322,48299,2012-10-30,6,289,37649.1609,178,43,0.000465,26839.890500,7312.084700,3157.580660,339.605000
1368,48300,2012-10-30,6,278,40.373,2,1,0.000000,0.000000,0.000000,0.000000,40.373000
1364,48301,2012-10-30,6,278,44.994,1,1,0.000000,0.000000,0.000000,44.994000,0.000000
776,48302,2012-10-30,4,281,324.4527,1,1,0.000000,0.000000,324.452700,0.000000,0.000000
312,48303,2012-10-30,6,289,24.2945,1,1,0.000000,0.000000,24.294500,0.000000,0.000000
998,48304,2012-10-30,6,289,12686.0788,26,6,0.000000,12321.374800,0.000000,364.704000,0.000000
382,48305,2012-10-30,3,275,600.2625,1,1,0.000000,600.262500,0.000000,0.000000,0.000000
828,48306,2012-10-30,6,289,89561.754,253,49,0.001224,65701.771600,20465.041300,2985.788576,409.152500
648,48307,2012-10-30,6,289,87693.7567,250,52,0.001153,74886.721500,9971.848600,2096.149720,739.036872
802,48308,2012-10-30,1,284,3027.3802,29,7,0.000000,2348.970000,135.078000,543.332200,0.000000
342,48309,2012-10-30,4,277,489.9805,2,2,0.000000,469.794000,0.000000,0.000000,20.186500
1966,48310,2012-10-30,1,284,24679.6632,42,24,0.000000,18190.812000,6474.722300,14.128900,0.000000
1426,48311,2012-10-30,4,281,78756.7981,235,56,0.001071,59266.421060,16563.582400,2591.580600,335.214000
1082,48312,2012-10-30,4,281,1152.0771,4,2,0.000000,600.262500,551.814600,0.000000,0.000000
1014,48313,2012-10-30,4,281,13285.8532,47,11,0.004545,12334.767700,0.000000,951.085525,0.000000
1376,48314,2012-10-30,4,276,4707.8632,13,7,0.000000,4228.146000,459.530700,0.000000,20.186500
1978,48315,2012-10-30,4,276,250.83,2,1,0.000000,0.000000,250.830000,0.000000,0.000000
1216,48316,2012-10-30,4,277,324.4527,1,1,0.000000,0.000000,324.452700,0.000000,0.000000
1830,48317,2012-10-30,7,290,35416.9871,70,33,0.000000,25645.063500,9745.800700,14.128900,11.994000
1994,48318,2012-10-30,3,277,31261.9011,132,32,0.003125,26178.068200,3124.772000,1566.293400,392.767500
1324,48319,2012-10-30,7,290,4971.4072,4,2,0.000000,4971.407200,0.000000,0.000000,0.000000
510,48320,2012-10-30,6,289,164.7109,8,4,0.000000,0.000000,0.000000,104.710900,60.000000
324,48321,2012-10-30,6,289,32197.4623,115,29,0.001379,25095.495800,5197.844600,1630.292900,273.829000
938,48322,2012-10-30,1,284,600.2625,1,1,0.000000,600.262500,0.000000,0.000000,0.000000
1444,48323,2012-10-30,6,289,3298.931,9,4,0.000000,3288.558000,0.000000,10.373000,0.000000
1340,48324,2012-10-30,6,278,2451.1372,4,3,0.000000,1670.319000,780.818200,0.000000,0.000000
672,48325,2012-10-30,3,277,48509.9926,117,41,0.000000,44816.580000,2384.165500,964.219600,345.027500
1218,48326,2012-10-30,1,284,1684.2578,9,3,0.000000,0.000000,1684.257800,0.000000,0.000000
1204,48327,2012-10-30,4,281,3463.579,16,7,0.000000,1466.010000,1919.188300,78.380700,0.000000
764,48328,2012-10-30,1,281,30063.6207,62,22,0.000000,24354.622300,5549.440400,159.558000,0.000000
658,48329,2012-10-30,10,282,1070.0565,2,2,0.000000,1070.056500,0.000000,0.000000,0.000000
1106,48330,2012-10-30,6,289,65.6018,1,1,0.000000,0.000000,65.601800,0.000000,0.000000
386,48331,2012-10-30,6,278,3457.9857,8,4,0.000000,1308.937500,2149.048200,0.000000,0.000000
1842,48332,2012-10-30,7,290,42866.5361,76,25,0.000000,36942.618000,5873.172100,10.373000,40.373000
1188,48333,2012-10-30,3,275,33557.6539,107,30,0.000666,27421.355400,4427.559000,1547.247524,161.492000
872,48334,2012-10-30,3,277,2458.9178,2,1,0.000000,2458.917800,0.000000,0.000000,0.000000
826,48335,2012-10-30,5,279,983.1502,2,2,0.000000,0.000000,983.150200,0.000000,0.000000
786,48336,2012-10-30,2,275,100452.5877,293,56,0.001785,75347.872106,22055.531600,2579.356428,469.827592
1798,48337,2012-10-30,6,289,12649.8919,25,6,0.000000,12307.981900,0.000000,341.910000,0.000000
512,48338,2012-10-30,6,278,3839.7654,19,12,0.000000,2818.764000,716.444400,284.370500,20.186500
1916,48339,2012-10-30,6,289,49713.2287,124,46,0.000000,43482.462000,4890.158000,1020.394700,320.214000
1040,48340,2012-10-30,6,278,26615.21,72,19,0.005263,23124.728000,2954.823000,535.659000,0.000000
978,48341,2012-10-30,4,276,70011.40,319,48,0.003750,44318.866900,19915.261800,5035.464380,741.806872
560,48342,2012-10-30,3,275,8699.9626,7,2,0.000000,8699.962600,0.000000,0.000000,0.000000
1064,48343,2012-10-30,5,279,790.9342,4,3,0.000000,0.000000,790.934200,0.000000,0.000000
504,48344,2012-10-30,4,276,1242.8518,1,1,0.000000,1242.851800,0.000000,0.000000,0.000000
1968,48345,2012-10-30,4,277,4049.6465,8,6,0.000000,1909.200000,2140.446500,0.000000,0.000000
398,48346,2012-10-30,4,277,2458.9178,2,1,0.000000,2458.917800,0.000000,0.000000,0.000000
472,48347,2012-10-30,1,280,44305.4838,185,46,0.000000,26786.754300,14303.151600,2784.617900,430.960000
1114,48348,2012-10-30,7,290,4556.4245,34,8,0.000000,3701.769600,0.000000,854.654900,0.000000
296,48349,2012-10-30,3,277,54184.2506,114,40,0.000000,47695.392000,5700.109200,611.785400,176.964000
928,48350,2012-10-30,6,289,35251.0065,85,20,0.005000,32658.443600,2062.602400,529.960500,0.000000
668,48351,2012-10-30,6,278,36305.9355,95,27,0.001851,30727.854500,4680.342700,716.059750,181.678500
844,48352,2012-10-30,6,289,2283.84,6,3,0.000000,1879.176000,404.664000,0.000000,0.000000
1960,48353,2012-10-30,10,282,1529.5854,4,2,0.000000,0.000000,1529.585400,0.000000,0.000000
1288,48354,2012-10-30,6,289,202.332,1,1,0.000000,0.000000,202.332000,0.000000,0.000000
1132,48355,2012-10-30,6,289,70.3324,9,2,0.000000,0.000000,0.000000,70.332400,0.000000
1296,48356,2012-10-30,4,276,27258.3596,70,23,0.000000,16156.202600,10919.805000,182.352000,0.000000
1168,48357,2012-10-30,5,279,246.4609,4,3,0.000000,0.000000,202.332000,14.128900,30.000000
902,48358,2012-10-30,4,277,68.382,3,1,0.000000,0.000000,0.000000,68.382000,0.000000
798,48359,2012-10-30,5,274,79994.1743,243,47,0.001489,67825.201383,9081.914700,2528.967200,558.091000
702,48360,2012-10-30,3,277,11075.418,27,7,0.000000,10805.262000,270.156000,0.000000,0.000000
878,48361,2012-10-30,2,275,11084.5422,14,8,0.000000,6250.602000,4833.940200,0.000000,0.000000
526,48362,2012-10-30,4,276,275.388,2,1,0.000000,0.000000,275.388000,0.000000,0.000000
1330,48363,2012-10-30,4,277,51034.7029,190,49,0.000816,40346.281500,7637.149400,2616.746516,434.525500
506,48364,2012-10-30,4,277,3423.9685,19,7,0.000000,2818.764000,135.078000,449.940000,20.186500
752,48365,2012-10-30,5,279,10080.9959,17,7,0.000000,9875.849900,0.000000,205.146000,0.000000
1392,48366,2012-10-30,4,276,1981.2567,10,4,0.000000,1879.176000,0.000000,102.080700,0.000000
1346,48367,2012-10-30,3,277,2489.4544,5,5,0.000000,1778.731500,710.722900,0.000000,0.000000
520,48368,2012-10-30,2,275,183.9382,1,1,0.000000,0.000000,183.938200,0.000000,0.000000
492,48369,2012-10-30,4,276,4425.7929,24,10,0.000000,0.000000,4086.366900,244.269500,95.156500
1066,48370,2012-10-30,4,281,36234.3369,54,21,0.000000,32037.670800,4173.872100,22.794000,0.000000
716,48371,2012-10-30,2,275,4039.3958,17,8,0.000000,3758.352000,202.617000,78.426800,0.000000
726,48372,2012-10-30,3,277,107.2672,7,2,0.000000,0.000000,0.000000,107.267200,0.000000
1278,48373,2012-10-30,4,276,38235.7269,109,32,0.000000,31891.219700,4784.548000,1297.534700,262.424500
1026,48374,2012-10-30,4,281,7921.746,24,9,0.000000,7516.704000,135.078000,269.964000,0.000000
788,48375,2012-10-30,4,277,30032.4467,169,45,0.000444,15734.581700,11314.012300,2629.837240,354.015500
966,48376,2012-10-30,4,276,1409.382,3,1,0.000000,1409.382000,0.000000,0.000000,0.000000
836,48377,2012-10-30,2,275,1409.382,3,1,0.000000,1409.382000,0.000000,0.000000,0.000000
642,48378,2012-10-30,4,277,42720.336,190,46,0.001304,35449.584192,3931.957100,2820.281232,518.513500
638,48379,2012-10-30,3,277,1788.1822,23,8,0.000000,1229.458900,0.000000,558.723300,0.000000
1334,48380,2012-10-30,4,277,33099.4312,65,27,0.000000,22370.026200,10569.847000,159.558000,0.000000
1016,48381,2012-10-30,1,283,3045.615,22,9,0.000000,2485.703600,0.000000,559.911400,0.000000
308,48382,2012-10-30,3,277,20.52,1,1,0.000000,0.000000,20.520000,0.000000,0.000000
1246,48383,2012-10-30,1,280,2940.8598,6,4,0.000000,1242.851800,1652.420000,45.588000,0.000000
478,48384,2012-10-30,4,281,67778.5075,133,30,0.000000,46103.440300,21393.133200,281.934000,0.000000
388,48385,2012-10-30,1,276,7046.91,15,6,0.000000,7046.910000,0.000000,0.000000,0.000000
432,48386,2012-10-30,10,282,51394.2049,110,41,0.000000,44846.604000,5505.750600,860.171800,181.678500
304,48387,2012-10-30,1,283,4069.2518,9,6,0.000000,1229.458900,2794.204900,45.588000,0.000000
1386,48388,2012-10-30,10,282,182.352,8,2,0.000000,0.000000,0.000000,182.352000,0.000000
1844,48389,2012-10-30,10,282,72958.7103,133,30,0.000000,54261.681300,18423.501000,273.528000,0.000000
1150,48390,2012-10-30,1,284,4296.2135,18,10,0.000000,3758.352000,324.452700,213.408800,0.000000
1378,48391,2012-10-30,5,279,3756.7587,6,4,0.000000,3688.376700,0.000000,68.382000,0.000000
1356,48392,2012-10-30,2,275,50378.9269,183,50,0.000400,40034.688000,7509.085400,2364.262700,470.890764
814,48393,2012-10-30,5,279,97962.4024,153,38,0.000000,88379.149500,9538.258900,44.994000,0.000000
298,48394,2012-10-30,2,275,2485.7036,2,1,0.000000,2485.703600,0.000000,0.000000,0.000000
292,48395,2012-10-30,5,279,32562.6538,111,34,0.000000,23839.686500,7194.439600,1191.133200,337.394500
1836,48396,2012-10-30,4,277,31548.6467,73,27,0.000000,21260.668000,9887.280700,400.698000,0.000000
862,48397,2012-10-30,4,276,30460.4065,72,26,0.000000,22503.519800,7660.564700,296.322000,0.000000
734,48398,2012-10-30,5,279,3711.1707,4,3,0.000000,3688.376700,0.000000,22.794000,0.000000
1472,48399,2012-10-30,10,282,2595.6818,8,5,0.000000,2458.917800,0.000000,136.764000,0.000000
1046,48730,2012-11-30,5,279,35984.4499,79,22,0.000909,33755.279700,1195.815500,992.981692,40.373000
1822,48731,2012-11-30,3,275,7046.91,15,5,0.000000,7046.910000,0.000000,0.000000,0.000000
1186,48732,2012-11-30,1,283,414.4407,3,3,0.000000,0.000000,324.452700,89.988000,0.000000
1986,48733,2012-11-30,7,290,878.358,7,3,0.000000,647.994000,0.000000,230.364000,0.000000
1898,48734,2012-11-30,5,279,22956.3155,64,22,0.000000,20652.417300,1162.041000,1040.924700,100.932500
1050,48735,2012-11-30,3,275,80097.995,115,26,0.000000,79936.503000,0.000000,0.000000,161.492000
1952,48736,2012-11-30,6,278,33.7745,1,1,0.000000,0.000000,33.774500,0.000000,0.000000
302,48737,2012-11-30,4,281,1394.0205,8,3,0.000000,1070.056500,0.000000,323.964000,0.000000
1002,48738,2012-11-30,4,281,3288.558,7,4,0.000000,3288.558000,0.000000,0.000000,0.000000
1948,48739,2012-11-30,2,277,20553.594,44,14,0.001428,18788.357300,1392.144500,373.092192,0.000000
932,48740,2012-11-30,4,275,80857.134,105,25,0.000000,80586.978000,270.156000,0.000000,0.000000
762,48741,2012-11-30,1,283,37020.0401,75,21,0.000000,33701.149500,2934.545900,384.344700,0.000000
1470,48742,2012-11-30,1,284,45.588,2,1,0.000000,0.000000,0.000000,45.588000,0.000000
1048,48743,2012-11-30,1,276,627.768,3,1,0.000000,0.000000,627.768000,0.000000,0.000000
1430,48744,2012-11-30,6,289,18986.0765,58,15,0.001333,12348.160600,6592.327896,45.588000,0.000000
1294,48745,2012-11-30,4,275,8874.407,78,23,0.000000,2458.917800,5277.962200,885.239500,252.287500
318,48746,2012-11-30,1,280,71599.4665,109,20,0.001000,68561.714352,2384.945000,652.807100,0.000000
744,48747,2012-11-30,1,283,8742.9763,13,5,0.000000,8606.212300,0.000000,136.764000,0.000000
684,48748,2012-11-30,3,275,1548.5749,15,4,0.000000,1229.458900,0.000000,319.116000,0.000000
640,48749,2012-11-30,1,276,3288.558,7,4,0.000000,3288.558000,0.000000,0.000000,0.000000
592,48750,2012-11-30,6,289,53989.976,180,44,0.001136,41651.137125,10335.319400,1597.932500,405.587000
1086,48751,2012-11-30,2,277,42079.4855,68,27,0.000000,41674.002000,0.000000,344.924000,60.559500
568,48752,2012-11-30,5,279,647.994,1,1,0.000000,647.994000,0.000000,0.000000,0.000000
1878,48753,2012-11-30,2,277,30333.7908,49,13,0.000000,28810.658300,1317.986500,205.146000,0.000000
852,48754,2012-11-30,6,289,24351.9855,112,41,0.000000,14438.593700,8095.520600,1440.663200,377.208000
1234,48755,2012-11-30,7,290,24987.5865,66,18,0.001111,23137.685500,891.646000,958.255024,0.000000
880,48756,2012-11-30,1,283,647.994,1,1,0.000000,647.994000,0.000000,0.000000,0.000000
518,48757,2012-11-30,1,283,63864.7068,102,20,0.002500,61256.557100,1796.142000,812.007725,0.000000
874,48758,2012-11-30,4,276,40230.98,129,40,0.000000,31930.963000,6233.545800,1739.449700,327.021500
1018,48759,2012-11-30,5,277,1275.0469,3,2,0.000000,1229.458900,0.000000,45.588000,0.000000
440,48760,2012-11-30,5,279,21705.4863,60,19,0.000000,19290.335600,1433.839500,961.124700,20.186500
768,48761,2012-11-30,6,289,29407.0435,122,36,0.000000,22888.752000,4582.439000,1624.390500,311.462000
908,48762,2012-11-30,6,278,2818.764,6,4,0.000000,2818.764000,0.000000,0.000000,0.000000
982,48763,2012-11-30,7,290,4802.334,71,17,0.000000,2818.764000,0.000000,1561.598000,421.972000
1418,48764,2012-11-30,6,289,41665.7599,108,28,0.000000,33890.355000,7507.125500,248.092900,20.186500
930,48765,2012-11-30,1,276,1499.1678,8,4,0.000000,1242.851800,33.774500,161.982000,60.559500
792,48766,2012-11-30,5,279,36874.6869,116,40,0.000000,33034.719000,2076.072700,1481.048200,282.847000
570,48767,2012-11-30,4,281,26692.5733,55,13,0.003846,25689.918200,526.260500,476.394600,0.000000
1882,48768,2012-11-30,6,289,32159.5245,45,13,0.000000,31282.969000,648.615500,227.940000,0.000000
1414,48769,2012-11-30,4,281,24016.5101,113,36,0.000000,19843.476000,2241.617100,1568.383500,363.033500
664,48770,2012-11-30,2,277,35765.7551,102,23,0.004347,32103.764500,2512.306500,1129.497600,20.186500
534,48771,2012-11-30,10,282,30663.3284,128,39,0.000000,25728.148500,2941.496700,1673.233200,320.450000
944,48772,2012-11-30,10,282,4228.146,9,6,0.000000,4228.146000,0.000000,0.000000,0.000000
1372,48773,2012-11-30,3,277,4228.146,9,5,0.000000,4228.146000,0.000000,0.000000,0.000000
590,48774,2012-11-30,7,290,3847.9347,10,5,0.000000,3688.376700,0.000000,159.558000,0.000000
1184,48775,2012-11-30,4,281,39579.4797,78,30,0.000000,38737.138500,270.156000,471.252700,100.932500
692,48776,2012-11-30,2,277,23264.4941,48,21,0.000000,17399.054400,5683.087700,182.352000,0.000000
366,48777,2012-11-30,5,279,3758.352,8,4,0.000000,3758.352000,0.000000,0.000000,0.000000
1840,48778,2012-11-30,6,289,54444.9062,147,42,0.000000,37244.069100,15374.463400,1528.556700,297.817000
1162,48779,2012-11-30,6,289,2631.8687,9,4,0.000000,2472.310700,0.000000,159.558000,0.000000
662,48780,2012-11-30,4,275,46261.8667,118,29,0.001724,38200.141900,7673.515000,388.209800,0.000000
584,48781,2012-11-30,2,277,403.8704,3,2,0.000000,0.000000,367.876400,35.994000,0.000000
574,48782,2012-11-30,1,283,469.794,1,1,0.000000,469.794000,0.000000,0.000000,0.000000
820,48783,2012-11-30,2,277,1308.9375,1,1,0.000000,1308.937500,0.000000,0.000000,0.000000
1256,48784,2012-11-30,4,275,197.976,4,2,0.000000,0.000000,0.000000,197.976000,0.000000
392,48785,2012-11-30,3,277,4228.146,9,5,0.000000,4228.146000,0.000000,0.000000,0.000000
1976,48786,2012-11-30,3,277,22843.3007,110,43,0.000000,16320.585000,4847.729000,1386.953200,288.033500
496,48787,2012-11-30,4,275,4228.146,9,5,0.000000,4228.146000,0.000000,0.000000,0.000000
548,48788,2012-11-30,2,277,85919.8459,124,32,0.000000,85286.932500,202.617000,309.177400,121.119000
1388,48789,2012-11-30,1,284,9865.674,21,6,0.000000,9865.674000,0.000000,0.000000,0.000000
1964,48790,2012-11-30,10,282,1899.3625,5,3,0.000000,1879.176000,0.000000,0.000000,20.186500
954,48791,2012-11-30,3,276,28063.2571,109,33,0.000000,25203.150000,1133.780700,1373.931900,352.394500
1428,48792,2012-11-30,5,279,469.794,1,1,0.000000,469.794000,0.000000,0.000000,0.000000
326,48793,2012-11-30,5,279,209.256,1,1,0.000000,0.000000,209.256000,0.000000,0.000000
1096,48794,2012-11-30,5,279,469.794,1,1,0.000000,469.794000,0.000000,0.000000,0.000000
986,49039,2012-12-31,6,289,5168.5696,15,5,0.000000,4917.835600,0.000000,250.734000,0.000000
1332,49040,2012-12-31,3,277,17259.8627,45,20,0.000000,10710.038300,6390.860400,158.964000,0.000000
608,49041,2012-12-31,6,289,205.146,9,3,0.000000,0.000000,0.000000,205.146000,0.000000
1988,49042,2012-12-31,6,289,1839.291,5,3,0.000000,1778.731500,0.000000,0.000000,60.559500
818,49043,2012-12-31,1,283,209.256,1,1,0.000000,0.000000,209.256000,0.000000,0.000000
1924,49044,2012-12-31,5,277,404.865,3,3,0.000000,0.000000,350.871000,53.994000,0.000000
412,49045,2012-12-31,6,278,7046.91,15,5,0.000000,7046.910000,0.000000,0.000000,0.000000
1796,49046,2012-12-31,4,276,2595.6818,8,3,0.000000,2458.917800,0.000000,136.764000,0.000000
1192,49047,2012-12-31,6,289,489.9805,2,2,0.000000,469.794000,0.000000,0.000000,20.186500
732,49048,2012-12-31,6,289,4697.94,10,4,0.000000,4697.940000,0.000000,0.000000,0.000000
738,49049,2012-12-31,6,289,136.764,6,2,0.000000,0.000000,0.000000,136.764000,0.000000
1344,49050,2012-12-31,2,277,251.4772,2,2,0.000000,0.000000,251.477200,0.000000,0.000000
1412,49051,2012-12-31,1,284,1242.8518,1,1,0.000000,1242.851800,0.000000,0.000000,0.000000
1896,49052,2012-12-31,6,289,88446.7968,126,31,0.000000,87859.567500,67.539000,398.571300,121.119000
1424,49053,2012-12-31,1,283,48743.2715,162,43,0.000465,37257.462000,9238.858800,1877.345692,369.605000
1028,49054,2012-12-31,1,283,1320.6349,5,4,0.000000,1229.458900,0.000000,91.176000,0.000000
920,49055,2012-12-31,6,278,22.794,1,1,0.000000,0.000000,0.000000,22.794000,0.000000
628,49056,2012-12-31,7,290,647.994,1,1,0.000000,647.994000,0.000000,0.000000,0.000000
634,49057,2012-12-31,2,277,2348.97,5,2,0.000000,2348.970000,0.000000,0.000000,0.000000
790,49058,2012-12-31,4,276,38334.652,145,41,0.000000,31078.578000,4883.976000,2074.251000,297.847000
1270,49059,2012-12-31,1,284,263.25,2,2,0.000000,0.000000,209.256000,53.994000,0.000000
948,49060,2012-12-31,6,289,1411.8109,9,4,0.000000,1229.458900,0.000000,182.352000,0.000000
1220,49061,2012-12-31,10,282,38285.4856,80,21,0.002380,36067.746400,1174.968000,1022.584700,20.186500
1832,49062,2012-12-31,10,282,25710.6223,97,33,0.000000,17478.976400,6567.320900,1368.099000,296.226000
900,49063,2012-12-31,4,276,159.558,7,2,0.000000,0.000000,0.000000,159.558000,0.000000
766,49064,2012-12-31,5,279,8158.241,8,4,0.000000,8158.241000,0.000000,0.000000,0.000000
602,49065,2012-12-31,10,282,42740.6653,66,23,0.000000,42512.850000,0.000000,227.815300,0.000000
562,49066,2012-12-31,6,278,22577.6026,96,32,0.000000,19529.773500,1096.993100,1679.983000,270.853000
1806,49067,2012-12-31,3,275,1242.8518,1,1,0.000000,1242.851800,0.000000,0.000000,0.000000
1450,49068,2012-12-31,2,277,11275.056,24,6,0.000000,11275.056000,0.000000,0.000000,0.000000
782,49069,2012-12-31,6,278,6123.1246,77,22,0.000000,3288.558000,1053.569400,1498.150200,282.847000
780,49070,2012-12-31,6,289,23623.3817,34,15,0.000000,20303.044500,3284.343200,35.994000,0.000000
1056,49071,2012-12-31,6,278,418.512,2,1,0.000000,0.000000,418.512000,0.000000,0.000000
356,49072,2012-12-31,6,278,10532.3468,12,7,0.000000,7563.383200,2968.963600,0.000000,0.000000
428,49073,2012-12-31,6,278,2641.2698,10,4,0.000000,2458.917800,0.000000,182.352000,0.000000
958,49074,2012-12-31,4,276,20078.2551,28,14,0.000000,17637.933000,2440.322100,0.000000,0.000000
418,49075,2012-12-31,6,289,209.256,1,1,0.000000,0.000000,209.256000,0.000000,0.000000
816,49076,2012-12-31,4,281,79070.5683,119,29,0.000000,78394.951500,202.617000,472.999800,0.000000
524,49077,2012-12-31,3,275,647.994,1,1,0.000000,647.994000,0.000000,0.000000,0.000000
962,49078,2012-12-31,7,287,24617.2453,47,18,0.000000,18921.415500,5225.829400,470.000400,0.000000
1824,49079,2012-12-31,4,276,469.794,1,1,0.000000,469.794000,0.000000,0.000000,0.000000
546,49080,2012-12-31,3,275,343.996,6,3,0.000000,0.000000,209.256000,53.994000,80.746000
1438,49081,2012-12-31,1,284,1229.4589,1,1,0.000000,1229.458900,0.000000,0.000000,0.000000
1838,49082,2012-12-31,4,276,672.2505,3,2,0.000000,600.262500,0.000000,71.988000,0.000000
700,49083,2012-12-31,4,276,1229.4589,1,1,0.000000,1229.458900,0.000000,0.000000,0.000000
1052,49084,2012-12-31,2,277,24715.3619,39,10,0.000000,23032.283900,1432.344000,250.734000,0.000000
1972,49085,2012-12-31,6,289,23124.2315,48,26,0.000000,13750.421000,9228.640500,145.170000,0.000000
1944,49086,2012-12-31,4,276,42594.4535,55,23,0.000000,42486.541500,67.539000,0.000000,40.373000
1828,49087,2012-12-31,6,289,324.4527,1,1,0.000000,0.000000,324.452700,0.000000,0.000000
988,49088,2012-12-31,5,279,5637.528,12,6,0.000000,5637.528000,0.000000,0.000000,0.000000
1394,49089,2012-12-31,6,289,1389.0169,8,3,0.000000,1229.458900,0.000000,159.558000,0.000000
352,49090,2012-12-31,5,279,40433.3035,61,25,0.000000,40149.940500,202.617000,0.000000,80.746000
1182,49091,2012-12-31,5,279,43681.833,64,24,0.000000,43141.713000,270.156000,269.964000,0.000000
1328,49092,2012-12-31,1,284,20053.9916,105,37,0.000000,13328.800100,4739.966700,1606.631800,378.593000
1858,49093,2012-12-31,3,275,22243.3338,39,19,0.000000,16222.731700,5975.014100,45.588000,0.000000
1200,49094,2012-12-31,6,289,44603.9551,71,27,0.000000,43975.735500,67.539000,520.307600,40.373000
1032,49095,2012-12-31,1,276,66265.3313,94,16,0.003750,63037.248792,3066.100500,161.982000,0.000000
414,49096,2012-12-31,5,279,6375.2345,15,4,0.000000,6147.294500,0.000000,227.940000,0.000000
1400,49097,2012-12-31,7,290,4999.6105,7,4,0.000000,4931.228500,0.000000,68.382000,0.000000
1112,49098,2012-12-31,6,289,1242.8518,1,1,0.000000,1242.851800,0.000000,0.000000,0.000000
1992,49099,2012-12-31,4,275,78580.1157,117,28,0.000000,77825.286000,472.773000,282.056700,0.000000
622,49100,2012-12-31,6,278,17060.9144,103,20,0.002000,15280.206448,0.000000,1404.295500,376.412500
1834,49101,2012-12-31,1,284,25503.1481,110,36,0.000000,16777.410800,6753.053300,1603.109000,369.575000
1406,49102,2012-12-31,6,289,606.996,3,1,0.000000,0.000000,606.996000,0.000000,0.000000
1312,49103,2012-12-31,6,278,17494.4072,27,15,0.000000,15558.849000,1935.558200,0.000000,0.000000
1254,49104,2012-12-31,4,276,44669.7475,79,27,0.000000,43999.492500,0.000000,670.255000,0.000000
1970,49105,2012-12-31,1,276,25187.5169,45,21,0.000000,18180.106600,6893.440300,113.970000,0.000000
970,49106,2012-12-31,6,278,15161.9116,38,8,0.000000,15033.408000,0.000000,128.503600,0.000000
1320,49107,2012-12-31,1,276,74.838,1,1,0.000000,0.000000,74.838000,0.000000,0.000000
728,49108,2012-12-31,2,277,1409.382,3,3,0.000000,1409.382000,0.000000,0.000000,0.000000
1134,49109,2012-12-31,4,276,6577.116,14,5,0.000000,6577.116000,0.000000,0.000000,0.000000
1310,49110,2012-12-31,5,279,141.615,1,1,0.000000,0.000000,141.615000,0.000000,0.000000
556,49111,2012-12-31,4,281,4228.146,9,6,0.000000,4228.146000,0.000000,0.000000,0.000000
498,49112,2012-12-31,1,284,5054.5996,10,5,0.000000,4917.835600,0.000000,136.764000,0.000000
1422,49113,2012-12-31,2,277,25124.6122,110,38,0.000000,14345.278800,8573.049600,1907.051800,299.232000
1290,49114,2012-12-31,1,276,33016.168,54,13,0.000000,31691.197000,824.097000,500.874000,0.000000
422,49115,2012-12-31,2,277,20038.3553,39,19,0.000000,15976.858500,4025.502800,35.994000,0.000000
1900,49116,2012-12-31,3,281,41513.136,57,23,0.000000,41385.037500,67.539000,0.000000,60.559500
1868,49117,2012-12-31,2,277,24520.0453,52,23,0.000000,17452.190600,6862.708700,205.146000,0.000000
1962,49118,2012-12-31,7,290,53917.6388,175,44,0.000454,44499.876176,7270.335600,1822.586000,324.841000
746,49119,2012-12-31,3,277,7986.498,17,6,0.000000,7986.498000,0.000000,0.000000,0.000000
466,49120,2012-12-31,6,289,68.382,3,2,0.000000,0.000000,0.000000,68.382000,0.000000
1468,49121,2012-12-31,5,279,1320.6349,5,4,0.000000,1229.458900,0.000000,91.176000,0.000000
1456,49122,2012-12-31,5,279,12684.438,27,6,0.000000,12684.438000,0.000000,0.000000,0.000000
344,49123,2012-12-31,2,277,44130.0247,72,27,0.000000,43452.733500,135.078000,501.840200,40.373000
1202,49124,2012-12-31,5,279,38994.1166,60,16,0.000000,36688.954600,1986.046000,319.116000,0.000000
848,49125,2012-12-31,4,275,24252.0932,49,24,0.000000,16302.653700,7767.346600,182.092900,0.000000
1486,49126,2012-12-31,7,290,10805.262,23,6,0.000000,10805.262000,0.000000,0.000000,0.000000
598,49127,2012-12-31,4,274,74205.0084,130,34,0.000000,72724.405500,851.522400,568.521000,60.559500
452,49128,2012-12-31,3,277,1879.176,4,2,0.000000,1879.176000,0.000000,0.000000,0.000000
808,49129,2012-12-31,7,290,43071.7873,132,42,0.000000,29933.844800,11355.354700,1492.933300,289.654500
494,49130,2012-12-31,3,275,1416.8495,4,3,0.000000,1308.937500,67.539000,0.000000,40.373000
348,49131,2012-12-31,3,276,141.615,1,1,0.000000,0.000000,141.615000,0.000000,0.000000
370,49132,2012-12-31,4,276,31128.3693,78,22,0.002272,28135.878500,1998.973000,973.331325,20.186500
710,49133,2012-12-31,5,279,10335.468,22,6,0.000000,10335.468000,0.000000,0.000000,0.000000
1142,49134,2012-12-31,7,287,5031.8056,9,4,0.000000,4917.835600,0.000000,113.970000,0.000000
540,49135,2012-12-31,3,277,736.1455,1,1,0.000000,0.000000,736.145500,0.000000,0.000000
1982,49136,2012-12-31,1,284,70164.5193,128,32,0.000000,69022.681500,270.156000,730.376300,141.305500
1478,49137,2012-12-31,4,276,2348.97,5,4,0.000000,2348.970000,0.000000,0.000000,0.000000
1236,49138,2012-12-31,6,289,33688.8473,69,17,0.000000,31970.706300,1195.723500,522.417500,0.000000
474,49139,2012-12-31,4,281,22820.8449,55,20,0.000000,18834.595500,3972.120500,14.128900,0.000000
794,49140,2012-12-31,6,278,20987.1856,110,35,0.000000,15489.409500,3358.518300,1751.087300,388.170500
1458,49141,2012-12-31,4,276,939.588,2,1,0.000000,939.588000,0.000000,0.000000,0.000000
892,49142,2012-12-31,1,283,209.256,1,1,0.000000,0.000000,209.256000,0.000000,0.000000
822,49143,2012-12-31,1,283,198.036,1,1,0.000000,0.000000,198.036000,0.000000,0.000000
1416,49144,2012-12-31,5,279,324.4527,1,1,0.000000,0.000000,324.452700,0.000000,0.000000
1164,49145,2012-12-31,5,279,5054.5996,10,5,0.000000,4917.835600,0.000000,136.764000,0.000000
1214,49146,2012-12-31,4,276,26581.4832,50,10,0.005000,24709.714100,1437.258500,434.510625,0.000000
1266,49147,2012-12-31,3,276,82168.7862,127,31,0.000000,81585.634500,0.000000,462.032700,121.119000
1362,49148,2012-12-31,5,279,736.1455,1,1,0.000000,0.000000,736.145500,0.000000,0.000000
340,49149,2012-12-31,5,279,23586.0261,100,40,0.000000,16236.560000,5693.178100,1462.379500,193.908500
536,49150,2012-12-31,1,284,1877.4529,2,2,0.000000,1877.452900,0.000000,0.000000,0.000000
372,49151,2012-12-31,4,275,62702.5353,137,24,0.002916,58068.852500,3249.410500,1343.899292,40.373000
976,49152,2012-12-31,4,274,23097.0182,51,24,0.000000,16223.167100,6645.911100,227.940000,0.000000
1156,49153,2012-12-31,6,289,2527.2998,5,3,0.000000,2458.917800,0.000000,68.382000,0.000000
1090,49154,2012-12-31,5,279,577.782,3,2,0.000000,469.794000,0.000000,107.988000,0.000000
1946,49155,2012-12-31,4,275,1308.9375,1,1,0.000000,1308.937500,0.000000,0.000000,0.000000
846,49156,2012-12-31,2,277,3995.3819,15,7,0.000000,939.588000,3001.799900,53.994000,0.000000
1070,49157,2012-12-31,2,277,66688.4432,128,20,0.005000,63635.988300,1837.837000,1214.617925,0.000000
1316,49158,2012-12-31,2,277,17782.3246,99,24,0.000000,15972.996000,0.000000,1474.114600,335.214000
1350,49159,2012-12-31,5,279,10830.0207,30,15,0.000000,6585.379500,4172.653200,71.988000,0.000000
1108,49160,2012-12-31,4,276,50953.322,79,33,0.000000,50074.386000,391.991700,406.198300,80.746000
600,49161,2012-12-31,1,284,50262.906,58,24,0.000000,50262.906000,0.000000,0.000000,0.000000
1410,49162,2012-12-31,10,282,939.588,2,1,0.000000,939.588000,0.000000,0.000000,0.000000
368,49163,2012-12-31,1,281,7736.0481,20,5,0.000000,7416.932100,0.000000,319.116000,0.000000
1398,49164,2012-12-31,10,282,7490.7234,11,5,0.000000,7376.753400,0.000000,113.970000,0.000000
1802,49165,2012-12-31,10,282,6107.322,13,5,0.000000,6107.322000,0.000000,0.000000,0.000000
1242,49166,2012-12-31,3,276,55911.9636,111,21,0.004285,52634.869660,2167.937500,1109.156408,0.000000
1174,49167,2012-12-31,1,283,43394.4135,57,24,0.000000,43191.796500,202.617000,0.000000,0.000000
1034,49168,2012-12-31,3,275,489.9805,2,2,0.000000,469.794000,0.000000,0.000000,20.186500
832,49169,2012-12-31,2,277,35380.64,56,21,0.000000,33301.627500,2079.012500,0.000000,0.000000
620,49170,2012-12-31,5,279,4085.4098,15,8,0.000000,3173.440900,717.864000,194.104900,0.000000
1064,49443,2013-01-28,5,279,67.539,1,1,0.000000,0.000000,67.539000,0.000000,0.000000
1968,49444,2013-01-28,4,275,6509.2516,10,6,0.000000,5235.750000,1237.507600,35.994000,0.000000
950,49445,2013-01-28,4,276,2818.764,6,3,0.000000,2818.764000,0.000000,0.000000,0.000000
544,49446,2013-01-28,2,277,13624.026,29,6,0.000000,13624.026000,0.000000,0.000000,0.000000
406,49447,2013-01-28,3,277,107.988,2,1,0.000000,0.000000,0.000000,107.988000,0.000000
1436,49448,2013-01-28,3,275,1275.0469,3,2,0.000000,1229.458900,0.000000,45.588000,0.000000
612,49449,2013-01-28,1,283,45.588,2,1,0.000000,0.000000,0.000000,45.588000,0.000000
1984,49450,2013-01-28,10,282,32730.2215,54,15,0.000000,31295.926500,1120.162000,314.133000,0.000000
1816,49451,2013-01-28,6,278,2595.6818,8,3,0.000000,2458.917800,0.000000,136.764000,0.000000
1274,49452,2013-01-28,7,287,1308.9375,1,1,0.000000,1308.937500,0.000000,0.000000,0.000000
312,49453,2013-01-28,6,289,1242.8518,1,1,0.000000,1242.851800,0.000000,0.000000,0.000000
998,49454,2013-01-28,6,289,6192.8825,7,3,0.000000,6147.294500,0.000000,45.588000,0.000000
382,49455,2013-01-28,3,277,469.794,1,1,0.000000,469.794000,0.000000,0.000000,0.000000
1082,49456,2013-01-28,4,281,624.7205,7,3,0.000000,469.794000,0.000000,53.994000,100.932500
1978,49457,2013-01-28,4,276,67.549,2,1,0.000000,0.000000,67.549000,0.000000,0.000000
1340,49458,2013-01-28,6,278,198.036,1,1,0.000000,0.000000,198.036000,0.000000,0.000000
1106,49459,2013-01-28,6,289,648.9054,2,1,0.000000,0.000000,648.905400,0.000000,0.000000
826,49460,2013-01-28,5,279,2186.5347,4,3,0.000000,1466.010000,720.524700,0.000000,0.000000
1472,49461,2013-01-28,10,282,182.352,8,3,0.000000,0.000000,0.000000,182.352000,0.000000
1092,49462,2013-01-28,4,276,648.9054,2,1,0.000000,0.000000,648.905400,0.000000,0.000000
398,49463,2013-01-28,4,275,2539.6638,6,2,0.000000,2458.917800,0.000000,0.000000,80.746000
472,49464,2013-01-28,1,280,34218.0617,125,41,0.000000,20678.767700,11628.849200,1610.417300,300.027500
296,49465,2013-01-28,3,275,41071.8424,89,31,0.000000,39890.427000,135.078000,925.218400,121.119000
1114,49466,2013-01-28,7,290,8629.0063,8,3,0.000000,8606.212300,0.000000,22.794000,0.000000
928,49467,2013-01-28,6,289,38254.4351,53,15,0.000000,37496.792600,506.908500,250.734000,0.000000
668,49468,2013-01-28,6,278,36476.2562,51,15,0.000000,35699.261700,526.260500,250.734000,0.000000
844,49469,2013-01-28,6,289,667.83,2,2,0.000000,469.794000,198.036000,0.000000,0.000000
1168,49470,2013-01-28,5,279,546.9942,7,3,0.000000,0.000000,324.452700,161.982000,60.559500
1960,49471,2013-01-28,10,282,2525.4469,3,2,0.000000,2525.446900,0.000000,0.000000,0.000000
1296,49472,2013-01-28,4,276,14819.6397,31,14,0.000000,12494.611700,2302.234000,22.794000,0.000000
798,49473,2013-01-28,5,277,13841.621,102,28,0.000714,10805.262000,1115.386900,1608.950636,312.021500
902,49474,2013-01-28,4,275,2472.3107,2,2,0.000000,2472.310700,0.000000,0.000000,0.000000
1172,49475,2013-01-28,3,275,67.539,1,1,0.000000,0.000000,67.539000,0.000000,0.000000
878,49476,2013-01-28,2,277,17725.0947,23,11,0.000000,15306.175500,2418.919200,0.000000,0.000000
702,49477,2013-01-28,3,275,7046.91,15,6,0.000000,7046.910000,0.000000,0.000000,0.000000
776,49478,2013-01-28,4,281,1833.8864,3,2,0.000000,1466.010000,367.876400,0.000000,0.000000
786,49479,2013-01-28,2,277,80564.8492,194,44,0.000454,71973.064692,6647.353700,1687.782300,256.648500
812,49480,2013-01-28,6,289,45662.0012,71,25,0.000000,45234.589500,0.000000,427.411700,0.000000
978,49481,2013-01-28,4,276,36850.5686,198,38,0.001842,20665.810200,12490.761500,3158.862415,535.134500
1798,49482,2013-01-28,6,289,5009.0116,8,5,0.000000,4917.835600,0.000000,91.176000,0.000000
862,49483,2013-01-28,4,276,6125.1688,33,12,0.000000,2458.917800,3529.487000,136.764000,0.000000
1322,49484,2013-01-28,6,289,20587.4764,112,38,0.000000,13843.735900,4799.541400,1575.183600,369.015500
648,49485,2013-01-28,6,289,86352.4057,142,33,0.000000,84630.910500,919.061400,661.128300,141.305500
1376,49486,2013-01-28,4,276,4228.146,9,5,0.000000,4228.146000,0.000000,0.000000,0.000000
1378,49487,2013-01-28,5,279,1366.2229,7,4,0.000000,1229.458900,0.000000,136.764000,0.000000
1830,49488,2013-01-28,7,290,31541.5658,62,23,0.000000,26267.086500,5152.362400,122.116900,0.000000
1014,49489,2013-01-28,4,281,11605.2572,33,6,0.008333,11105.308800,0.000000,499.948400,0.000000
1336,49490,2013-01-28,4,276,44295.8324,215,41,0.000975,33919.251000,6636.225400,2959.946108,780.409936
694,49491,2013-01-28,4,275,183.9382,1,1,0.000000,0.000000,183.938200,0.000000,0.000000
516,49492,2013-01-28,3,281,32553.2291,54,14,0.000000,31282.533600,905.991500,364.704000,0.000000
802,49493,2013-01-28,1,284,4228.146,9,4,0.000000,4228.146000,0.000000,0.000000,0.000000
1966,49494,2013-01-28,1,284,18993.1049,42,18,0.000000,15415.569000,3541.541900,35.994000,0.000000
292,49495,2013-01-28,5,279,24232.7654,64,18,0.002777,21802.389600,1369.617500,1060.758325,0.000000
1916,49496,2013-01-28,6,289,43758.0999,72,29,0.000000,43190.373000,202.617000,324.736900,40.373000
388,49497,2013-01-28,1,276,10335.468,22,6,0.000000,10335.468000,0.000000,0.000000,0.000000
1426,49498,2013-01-28,4,281,57027.7694,174,43,0.000930,47966.880224,7301.695600,1472.545120,286.648500
1994,49499,2013-01-28,3,275,32712.378,49,15,0.000000,31704.589900,560.127000,447.661100,0.000000
938,49500,2013-01-28,1,284,537.333,2,2,0.000000,469.794000,67.539000,0.000000,0.000000
828,49501,2013-01-28,6,289,47271.1253,161,43,0.000465,33134.071500,12152.448900,1676.384924,308.220000
672,49502,2013-01-28,3,275,41602.4379,66,25,0.000000,41102.340000,0.000000,399.165400,100.932500
764,49503,2013-01-28,1,281,3372.3862,18,11,0.000000,0.000000,3238.229700,113.970000,20.186500
1842,49504,2013-01-28,7,290,19662.661,35,15,0.000000,18242.596500,1330.076500,89.988000,0.000000
1324,49505,2013-01-28,7,290,22.794,1,1,0.000000,0.000000,0.000000,22.794000,0.000000
1204,49506,2013-01-28,4,281,823.066,5,3,0.000000,600.262500,202.617000,0.000000,20.186500
324,49507,2013-01-28,6,289,26975.8649,55,16,0.000000,25663.567800,743.529000,568.768100,0.000000
386,49508,2013-01-28,6,278,1376.4765,2,2,0.000000,1308.937500,67.539000,0.000000,0.000000
814,49509,2013-01-28,5,279,89758.5394,119,30,0.000000,88841.271000,851.522400,5.186500,60.559500
432,49510,2013-01-28,10,282,47084.1057,74,29,0.000000,46486.899000,270.156000,327.050700,0.000000
512,49511,2013-01-28,6,278,2348.97,5,4,0.000000,2348.970000,0.000000,0.000000,0.000000
1188,49512,2013-01-28,3,277,19309.8372,46,17,0.000000,17612.034600,1128.174500,569.628100,0.000000
1040,49513,2013-01-28,6,278,25725.4118,48,13,0.001538,23653.492100,1701.228500,370.691224,0.000000
872,49514,2013-01-28,3,275,22.794,1,1,0.000000,0.000000,0.000000,22.794000,0.000000
1836,49515,2013-01-28,4,275,29669.6029,58,24,0.000000,20878.790400,8699.636500,91.176000,0.000000
654,49516,2013-01-28,5,279,1317.6898,2,2,0.000000,1242.851800,74.838000,0.000000,0.000000
1444,49517,2013-01-28,6,289,2818.764,6,3,0.000000,2818.764000,0.000000,0.000000,0.000000
1356,49518,2013-01-28,2,277,31319.6394,123,40,0.000000,26724.364500,2499.130500,1724.358900,371.785500
510,49519,2013-01-28,6,289,94.367,3,2,0.000000,0.000000,0.000000,53.994000,40.373000
734,49520,2013-01-28,5,279,2595.6818,8,4,0.000000,2458.917800,0.000000,136.764000,0.000000
1844,49521,2013-01-28,10,282,33205.2526,91,29,0.000000,21247.275100,11639.385700,318.591800,0.000000
526,49522,2013-01-28,4,276,1601.5227,3,3,0.000000,647.994000,953.528700,0.000000,0.000000
1330,49523,2013-01-28,4,275,22612.411,105,34,0.000000,17712.754500,3100.090300,1478.290700,321.275500
752,49524,2013-01-28,5,279,3916.3167,13,5,0.000000,3688.376700,0.000000,227.940000,0.000000
1392,49525,2013-01-28,4,276,1409.382,3,2,0.000000,1409.382000,0.000000,0.000000,0.000000
506,49526,2013-01-28,4,275,2348.97,5,3,0.000000,2348.970000,0.000000,0.000000,0.000000
1066,49527,2013-01-28,4,281,34916.4348,52,13,0.000000,33333.658800,1377.630000,205.146000,0.000000
492,49528,2013-01-28,4,276,803.0295,12,5,0.000000,0.000000,418.512000,323.958000,60.559500
1346,49529,2013-01-28,3,275,417.9682,3,3,0.000000,0.000000,381.974200,35.994000,0.000000
520,49530,2013-01-28,2,277,1633.3902,2,2,0.000000,1308.937500,324.452700,0.000000,0.000000
716,49531,2013-01-28,2,277,4228.146,9,4,0.000000,4228.146000,0.000000,0.000000,0.000000
1278,49532,2013-01-28,4,276,40310.0159,77,18,0.000000,37829.438100,1757.438000,723.139800,0.000000
788,49533,2013-01-28,4,275,26461.1006,102,36,0.000000,16831.417800,7883.377800,1428.271500,318.033500
1026,49534,2013-01-28,4,281,7046.91,15,5,0.000000,7046.910000,0.000000,0.000000,0.000000
966,49535,2013-01-28,4,276,202.332,1,1,0.000000,0.000000,202.332000,0.000000,0.000000
836,49536,2013-01-28,2,277,396.072,2,1,0.000000,0.000000,396.072000,0.000000,0.000000
1148,49537,2013-01-28,3,275,469.794,1,1,0.000000,469.794000,0.000000,0.000000,0.000000
642,49538,2013-01-28,4,275,23383.1281,105,33,0.000000,20209.405500,1561.960300,1325.909300,285.853000
1016,49539,2013-01-28,1,283,3792.9456,7,5,0.000000,3701.769600,0.000000,91.176000,0.000000
1334,49540,2013-01-28,4,275,17254.0031,49,24,0.000000,9995.515200,7025.084100,233.403800,0.000000
478,49541,2013-01-28,4,281,36603.1395,89,27,0.000000,21194.138900,15181.060600,227.940000,0.000000
638,49542,2013-01-28,3,275,2527.2998,5,2,0.000000,2458.917800,0.000000,68.382000,0.000000
1246,49543,2013-01-28,1,280,209.256,1,1,0.000000,0.000000,209.256000,0.000000,0.000000
304,49544,2013-01-28,1,283,405.585,2,2,0.000000,0.000000,405.585000,0.000000,0.000000
1074,49545,2013-01-28,2,277,418.8197,4,3,0.000000,0.000000,324.452700,53.994000,40.373000
1386,49546,2013-01-28,10,282,113.97,5,2,0.000000,0.000000,0.000000,113.970000,0.000000
298,49547,2013-01-28,2,277,2485.7036,2,1,0.000000,2485.703600,0.000000,0.000000,0.000000
1150,49548,2013-01-28,1,284,6577.116,14,6,0.000000,6577.116000,0.000000,0.000000,0.000000
932,49821,2013-02-28,4,275,78175.0524,148,35,0.000000,68461.687500,9713.364900,0.000000,0.000000
1046,49822,2013-02-28,5,279,32230.2682,119,36,0.000000,24194.778300,5929.326600,1697.570300,408.593000
1822,49823,2013-02-28,3,275,4226.4567,17,8,0.000000,3758.352000,391.991700,76.113000,0.000000
484,49824,2013-02-28,4,276,44.994,1,1,0.000000,0.000000,0.000000,44.994000,0.000000
1878,49825,2013-02-28,2,277,33587.773,81,25,0.002000,26799.711800,6265.318800,522.742400,0.000000
518,49826,2013-02-28,1,283,73963.2625,195,39,0.001794,60027.098200,11690.967400,1947.349917,297.847000
768,49827,2013-02-28,6,289,39283.2714,176,48,0.000833,26515.507500,9688.910100,2612.707348,466.146500
592,49828,2013-02-28,6,289,88328.0713,250,58,0.000689,66300.096192,18953.640800,2707.735276,366.599000
1138,49829,2013-02-28,1,284,1691.3283,14,4,0.000000,0.000000,1297.810800,332.958000,60.559500
1986,49830,2013-02-28,7,290,458.7732,6,3,0.000000,0.000000,360.258000,86.521200,11.994000
874,49831,2013-02-28,4,276,47965.2654,203,47,0.001914,31851.041000,12548.663700,2926.490850,639.069856
570,49832,2013-02-28,4,281,36206.1428,73,24,0.000833,30026.724300,5692.356300,487.062192,0.000000
1234,49833,2013-02-28,7,290,39666.1085,118,39,0.000000,32485.642100,5639.991300,1323.374100,217.101000
590,49834,2013-02-28,7,290,4336.8572,27,8,0.000000,3688.376700,0.000000,648.480500,0.000000
568,49835,2013-02-28,5,279,213.552,8,2,0.000000,0.000000,0.000000,213.552000,0.000000
1898,49836,2013-02-28,5,279,45571.035,124,40,0.000000,36928.720600,6962.142800,1389.132100,291.039500
1050,49837,2013-02-28,3,275,89596.3322,138,35,0.000000,84240.928500,5272.575300,28.840400,53.988000
1002,49838,2013-02-28,4,281,6016.6542,20,8,0.000000,5637.528000,202.617000,176.509200,0.000000
908,49839,2013-02-28,6,278,7907.5701,28,12,0.000000,6577.116000,1040.897100,289.557000,0.000000
302,49840,2013-02-28,4,281,2131.8743,3,3,0.000000,2066.272500,65.601800,0.000000,0.000000
1184,49841,2013-02-28,4,281,43579.4597,119,46,0.000000,36756.094500,5536.426500,998.079700,288.859000
1428,49842,2013-02-28,5,279,324.4527,1,1,0.000000,0.000000,324.452700,0.000000,0.000000
664,49843,2013-02-28,2,277,80512.2219,209,41,0.003658,69361.226500,9005.755500,1919.150875,226.089000
762,49844,2013-02-28,1,283,75104.6539,167,34,0.001764,64922.333092,9688.805500,352.209800,141.305500
698,49845,2013-02-28,5,279,4228.146,9,2,0.000000,4228.146000,0.000000,0.000000,0.000000
430,49846,2013-02-28,1,284,249.54,2,2,0.000000,0.000000,249.540000,0.000000,0.000000
1470,49847,2013-02-28,1,284,281.9162,13,2,0.010000,0.000000,0.000000,281.916192,0.000000
1430,49848,2013-02-28,6,289,59222.562,130,27,0.001481,40261.570100,18613.094708,347.897224,0.000000
318,49849,2013-02-28,1,280,49152.4316,183,36,0.003888,38208.735376,8732.388600,1925.484624,285.823000
744,49850,2013-02-28,1,283,5373.1714,20,9,0.000000,4931.228500,0.000000,441.942900,0.000000
1294,49851,2013-02-28,4,275,37216.7222,153,36,0.001944,25543.467100,9171.106000,1882.266776,619.882275
640,49852,2013-02-28,1,276,6712.194,16,6,0.000000,6577.116000,135.078000,0.000000,0.000000
684,49853,2013-02-28,3,275,4030.2867,18,4,0.000000,3688.376700,0.000000,341.910000,0.000000
1154,49854,2013-02-28,7,290,669.0919,3,2,0.000000,0.000000,648.905400,0.000000,20.186500
852,49855,2013-02-28,6,289,36114.8778,182,46,0.001956,23679.842500,8916.006800,2938.134268,580.894275
1418,49856,2013-02-28,6,289,86085.8004,170,37,0.001891,70593.500126,15418.119800,53.994000,20.186500
722,49857,2013-02-28,5,279,44.994,1,1,0.000000,0.000000,0.000000,44.994000,0.000000
558,49858,2013-02-28,1,283,469.794,1,1,0.000000,469.794000,0.000000,0.000000,0.000000
1372,49859,2013-02-28,3,277,2886.303,7,5,0.000000,2818.764000,67.539000,0.000000,0.000000
1882,49860,2013-02-28,6,289,37997.662,70,24,0.000000,32499.035000,5225.099000,273.528000,0.000000
930,49861,2013-02-28,1,276,1328.8962,8,4,0.000000,647.994000,540.387000,140.515200,0.000000
944,49862,2013-02-28,10,282,4471.212,13,7,0.000000,4228.146000,135.078000,107.988000,0.000000
1118,49863,2013-02-28,1,284,107.988,2,1,0.000000,0.000000,0.000000,107.988000,0.000000
1086,49864,2013-02-28,2,277,45918.6785,110,40,0.000000,41622.217500,3140.103700,886.329800,270.027500
792,49865,2013-02-28,5,279,42502.1691,181,49,0.000408,30283.564708,9449.787700,2317.670200,451.146500
1186,49866,2013-02-28,1,283,123.2826,3,2,0.000000,0.000000,65.601800,57.680800,0.000000
1044,49867,2013-02-28,6,278,183.9382,1,1,0.000000,0.000000,183.938200,0.000000,0.000000
1018,49868,2013-02-28,5,277,1516.1703,16,7,0.000000,1229.458900,0.000000,286.711400,0.000000
440,49869,2013-02-28,5,279,38642.3176,120,35,0.001428,35011.089000,1926.142700,1497.798375,207.287500
1976,49870,2013-02-28,3,277,56816.9351,200,52,0.002307,43812.160351,9874.264100,2508.844800,621.665860
1162,49871,2013-02-28,6,289,5292.9001,18,7,0.000000,4931.228500,0.000000,361.671600,0.000000
1096,49872,2013-02-28,5,274,600.2625,1,1,0.000000,600.262500,0.000000,0.000000,0.000000
1338,49873,2013-02-28,5,279,1269.8319,3,2,0.000000,1229.458900,0.000000,0.000000,40.373000
584,49874,2013-02-28,2,277,508.3909,2,2,0.000000,0.000000,508.390900,0.000000,0.000000
1048,49875,2013-02-28,1,276,540.387,3,1,0.000000,0.000000,540.387000,0.000000,0.000000
982,49876,2013-02-28,7,290,11804.2083,125,32,0.001250,5167.734000,4000.787600,2193.322184,442.364500
692,49877,2013-02-28,2,277,36459.767,72,22,0.000000,29245.672100,6917.772900,296.322000,0.000000
366,49878,2013-02-28,5,279,4568.697,26,10,0.000000,3288.558000,919.061400,361.077600,0.000000
1840,49879,2013-02-28,6,289,78405.7478,248,49,0.001020,60302.703400,14603.702000,2740.361800,758.980615
952,49880,2013-02-28,3,275,339.7375,12,3,0.000000,0.000000,0.000000,339.737500,0.000000
820,49881,2013-02-28,2,277,1308.9375,1,1,0.000000,1308.937500,0.000000,0.000000,0.000000
1256,49882,2013-02-28,4,275,57.6808,2,1,0.000000,0.000000,0.000000,57.680800,0.000000
574,49883,2013-02-28,1,283,89.988,2,1,0.000000,0.000000,0.000000,89.988000,0.000000
662,49884,2013-02-28,4,275,97791.621,167,40,0.001750,82251.250367,15315.879000,209.491600,15.000000
392,49885,2013-02-28,3,277,4263.1696,26,10,0.000000,3758.352000,0.000000,424.071600,80.746000
1862,49886,2013-02-28,5,279,2932.02,2,1,0.000000,2932.020000,0.000000,0.000000,0.000000
496,49887,2013-02-28,4,275,3502.5609,13,7,0.000000,3288.558000,0.000000,214.002900,0.000000
548,49888,2013-02-28,2,277,96605.9056,206,52,0.000000,88316.550000,6843.031300,993.792800,452.531500
1388,49889,2013-02-28,1,284,7149.1797,19,8,0.000000,6577.116000,527.069700,44.994000,0.000000
1414,49890,2013-02-28,4,274,42653.9411,177,45,0.002222,34606.196675,5148.515100,2340.938000,558.291275
534,49891,2013-02-28,10,282,42641.7932,179,54,0.001296,31425.451692,8376.449100,2390.887000,449.005360
1964,49892,2013-02-28,10,287,968.4284,3,2,0.000000,939.588000,0.000000,28.840400,0.000000
954,49893,2013-02-28,3,276,31787.5245,150,41,0.000487,23808.846176,5450.778700,2236.064600,291.835000
1948,49894,2013-02-28,2,277,40267.242,66,22,0.000000,34971.345700,5045.162300,250.734000,0.000000
1332,50189,2013-03-30,3,277,30041.9727,62,23,0.000000,20479.615800,9380.004900,182.352000,0.000000
1988,50190,2013-03-30,6,289,767.7657,10,4,0.000000,600.262500,0.000000,86.521200,80.982000
1182,50191,2013-03-30,5,279,40518.0541,88,34,0.000000,33917.974500,6239.913600,360.166000,0.000000
412,50192,2013-03-30,6,278,5219.0495,27,12,0.000000,4228.146000,459.530700,490.999800,40.373000
1400,50193,2013-03-30,7,290,6320.2454,12,4,0.000000,6160.687400,0.000000,159.558000,0.000000
1326,50194,2013-03-30,10,282,1409.382,3,1,0.000000,1409.382000,0.000000,0.000000,0.000000
1972,50195,2013-03-30,6,289,29654.2607,61,24,0.000000,19396.608000,10120.888700,136.764000,0.000000
1924,50196,2013-03-30,5,277,598.0678,5,2,0.000000,0.000000,540.387000,57.680800,0.000000
1406,50197,2013-03-30,6,289,3218.1375,3,2,0.000000,3218.137500,0.000000,0.000000,0.000000
700,50198,2013-03-30,4,276,3701.7696,3,2,0.000000,3701.769600,0.000000,0.000000,0.000000
1312,50199,2013-03-30,6,278,23863.0438,32,12,0.000000,20940.579000,2922.464800,0.000000,0.000000
732,50200,2013-03-30,6,289,5605.2482,22,10,0.000000,4697.940000,648.905400,258.402800,0.000000
452,50201,2013-03-30,3,277,1879.176,4,3,0.000000,1879.176000,0.000000,0.000000,0.000000
738,50202,2013-03-30,6,289,2550.0938,6,3,0.000000,2458.917800,0.000000,91.176000,0.000000
622,50203,2013-03-30,6,278,39485.6067,204,36,0.002500,28001.053483,8069.714100,3023.631200,391.207936
1896,50204,2013-03-30,6,289,97597.1168,203,53,0.000000,88047.496500,7921.739400,1400.406900,227.474000
1134,50205,2013-03-30,4,274,5255.3088,30,12,0.000000,4228.146000,527.069700,500.093100,0.000000
1424,50206,2013-03-30,1,283,59836.4792,245,48,0.002916,38792.780600,17005.262932,3605.295140,433.140500
1320,50207,2013-03-30,1,276,736.1455,1,1,0.000000,0.000000,736.145500,0.000000,0.000000
1992,50208,2013-03-30,4,275,94673.1417,194,46,0.000000,83326.225500,10017.764700,1046.540500,282.611000
1834,50209,2013-03-30,1,284,30242.8503,163,43,0.000000,19343.036400,7397.824600,3064.221800,437.767500
1290,50210,2013-03-30,1,276,36879.256,73,27,0.000000,30661.325400,5839.408600,312.540000,65.982000
746,50211,2013-03-30,3,277,9795.1414,30,11,0.000000,9395.880000,135.078000,264.183400,0.000000
414,50212,2013-03-30,5,279,6670.4813,27,9,0.002222,6160.687400,0.000000,509.793892,0.000000
1858,50213,2013-03-30,3,275,26985.2625,56,21,0.000000,18193.499500,8700.587000,91.176000,0.000000
1944,50214,2013-03-30,4,276,50702.1158,79,32,0.000000,45286.669500,5415.446300,0.000000,0.000000
498,50215,2013-03-30,1,284,3792.9456,7,5,0.000000,3701.769600,0.000000,91.176000,0.000000
1028,50216,2013-03-30,1,283,1484.4572,13,6,0.000000,1229.458900,0.000000,254.998300,0.000000
1970,50217,2013-03-30,1,276,32359.8822,58,23,0.000000,22423.597800,9853.773500,82.510900,0.000000
1328,50218,2013-03-30,1,284,34098.5966,163,42,0.000952,18735.221100,12216.219400,2623.576520,523.579592
1480,50219,2013-03-30,3,275,448.7518,16,3,0.000000,0.000000,0.000000,448.751800,0.000000
1486,50220,2013-03-30,7,290,12417.261,29,7,0.000000,12214.644000,202.617000,0.000000,0.000000
1900,50221,2013-03-30,3,281,44987.8766,76,32,0.000000,39628.362000,5359.514600,0.000000,0.000000
1962,50222,2013-03-30,7,290,93455.6598,253,56,0.001428,72656.724400,17883.488700,2474.082260,441.364436
1394,50223,2013-03-30,6,289,1590.0398,16,6,0.000000,1229.458900,0.000000,360.580900,0.000000
1142,50224,2013-03-30,7,290,4003.2158,16,8,0.000000,3701.769600,0.000000,301.446200,0.000000
808,50225,2013-03-30,7,290,67717.6755,218,48,0.000000,42281.570000,22536.209500,2537.452000,362.444000
790,50226,2013-03-30,4,276,56174.6585,184,55,0.000727,39348.493500,14038.181500,2201.397876,586.585592
336,50227,2013-03-30,1,276,149.031,1,1,0.000000,0.000000,149.031000,0.000000,0.000000
1868,50228,2013-03-30,2,277,28292.153,71,22,0.000000,20679.203100,7465.812900,147.137000,0.000000
332,50229,2013-03-30,6,278,2504.5058,4,2,0.000000,2458.917800,0.000000,45.588000,0.000000
988,50230,2013-03-30,5,279,8074.4839,31,11,0.000000,6577.116000,1189.217400,287.964000,20.186500
352,50231,2013-03-30,5,279,45752.4717,81,34,0.000000,38511.069000,7043.426700,197.976000,0.000000
970,50232,2013-03-30,6,278,26154.5589,63,20,0.001000,23411.764676,2482.251000,240.356700,20.186500
466,50233,2013-03-30,6,289,3870.7287,11,4,0.000000,3688.376700,0.000000,182.352000,0.000000
620,50234,2013-03-30,5,279,517.2087,12,4,0.000000,0.000000,177.864000,339.344700,0.000000
832,50235,2013-03-30,2,277,38464.61,81,30,0.000000,28655.620500,9808.989500,0.000000,0.000000
1220,50236,2013-03-30,10,282,26839.0921,115,36,0.000555,20493.008700,4399.543600,1590.343808,356.196000
1832,50237,2013-03-30,10,282,30197.6692,165,40,0.001000,18273.421500,9069.345000,2275.208808,579.693936
900,50238,2013-03-30,4,276,159.558,7,2,0.000000,0.000000,0.000000,159.558000,0.000000
948,50239,2013-03-30,6,289,1743.454,24,5,0.000000,1229.458900,0.000000,513.995100,0.000000
1068,50240,2013-03-30,1,283,65.6018,1,1,0.000000,0.000000,65.601800,0.000000,0.000000
818,50241,2013-03-30,1,283,153.576,4,2,0.000000,0.000000,0.000000,153.576000,0.000000
562,50242,2013-03-30,6,278,36530.6354,175,48,0.000000,29334.271500,3973.942000,2650.156400,572.265500
1450,50243,2013-03-30,2,277,20139.2416,57,11,0.000000,18321.966000,1446.131100,350.958000,20.186500
602,50244,2013-03-30,10,287,43180.9774,116,39,0.000000,38083.668000,3933.458100,816.879300,346.972000
782,50245,2013-03-30,6,278,31536.6745,164,45,0.000444,23715.084000,5178.817800,2201.999192,440.773500
780,50246,2013-03-30,6,289,26049.4939,39,15,0.000000,19146.631500,6859.749400,31.119000,11.994000
1806,50247,2013-03-30,3,275,1229.4589,1,1,0.000000,1229.458900,0.000000,0.000000,0.000000
356,50248,2013-03-30,6,278,894.24,6,3,0.000000,647.994000,177.864000,68.382000,0.000000
958,50249,2013-03-30,4,276,14251.5357,19,12,0.000000,8816.692500,5434.843200,0.000000,0.000000
428,50250,2013-03-30,6,278,2993.1557,23,7,0.000000,2485.703600,0.000000,507.452100,0.000000
1056,50251,2013-03-30,6,278,540.387,3,1,0.000000,0.000000,540.387000,0.000000,0.000000
816,50252,2013-03-30,4,281,95415.1188,187,46,0.000000,87685.135500,6372.285400,1196.205900,161.492000
962,50253,2013-03-30,7,290,4017.1687,25,10,0.000000,3173.440900,266.796000,496.185800,80.746000
1824,50254,2013-03-30,4,276,469.794,1,1,0.000000,469.794000,0.000000,0.000000,0.000000
1280,50255,2013-03-30,3,275,45.00,3,1,0.000000,0.000000,0.000000,0.000000,45.000000
546,50256,2013-03-30,3,275,86.5212,3,1,0.000000,0.000000,0.000000,86.521200,0.000000
1838,50257,2013-03-30,4,276,324.4527,1,1,0.000000,0.000000,324.452700,0.000000,0.000000
604,50258,2013-03-30,2,277,170.7286,7,3,0.000000,0.000000,0.000000,170.728600,0.000000
344,50259,2013-03-30,2,277,46990.45,125,47,0.000000,40413.429000,5152.811100,1147.374900,276.835000
1456,50260,2013-03-30,5,279,7651.782,18,7,0.000000,7516.704000,135.078000,0.000000,0.000000
986,50261,2013-03-30,6,289,5482.7026,29,7,0.000000,4917.835600,0.000000,564.867000,0.000000
608,50262,2013-03-30,6,289,182.352,8,2,0.000000,0.000000,0.000000,182.352000,0.000000
1052,50263,2013-03-30,2,277,30252.3325,60,21,0.000000,24723.107000,5165.115500,364.110000,0.000000
1344,50264,2013-03-30,2,277,3926.8125,3,1,0.000000,3926.812500,0.000000,0.000000,0.000000
1200,50265,2013-03-30,6,289,45840.9314,135,48,0.000000,39099.943500,5236.567500,1205.188400,299.232000
556,50266,2013-03-30,4,281,5514.1513,20,10,0.000000,4697.940000,716.444400,99.766900,0.000000
1412,50267,2013-03-30,1,284,1229.4589,1,1,0.000000,1229.458900,0.000000,0.000000,0.000000
1192,50268,2013-03-30,6,289,527.4748,3,2,0.000000,469.794000,0.000000,57.680800,0.000000
1796,50269,2013-03-30,4,276,1731.3963,22,7,0.000000,1229.458900,0.000000,501.937400,0.000000
1032,50270,2013-03-30,1,276,78041.5646,190,26,0.007692,64021.334600,12855.931500,1164.298525,0.000000
1828,50271,2013-03-30,6,289,600.2625,1,1,0.000000,600.262500,0.000000,0.000000,0.000000
1254,50272,2013-03-30,4,276,44893.2146,100,40,0.000000,41367.825000,2586.646900,711.268700,227.474000
1310,50273,2013-03-30,5,279,744.2727,1,1,0.000000,0.000000,744.272700,0.000000,0.000000
494,50274,2013-03-30,3,275,2184.6753,12,6,0.000000,0.000000,2184.675300,0.000000,0.000000
1398,50275,2013-03-30,10,282,5128.1681,14,4,0.000000,4917.835600,0.000000,210.332500,0.000000
710,50276,2013-03-30,5,279,11497.0491,44,10,0.000000,10805.262000,270.156000,421.631100,0.000000
728,50277,2013-03-30,2,277,2551.491,9,6,0.000000,2348.970000,67.539000,134.982000,0.000000
1936,50278,2013-03-30,2,277,324.4527,1,1,0.000000,0.000000,324.452700,0.000000,0.000000
1468,50279,2013-03-30,5,279,453.1758,17,6,0.000000,0.000000,0.000000,453.175800,0.000000
1422,50280,2013-03-30,2,277,33630.3655,161,43,0.000930,22476.734000,8271.672200,2408.887992,473.071264
1802,50281,2013-03-30,10,282,4507.6761,17,10,0.000000,4228.146000,0.000000,259.343600,20.186500
976,50282,2013-03-30,4,275,33591.9302,67,22,0.000000,22290.539600,11231.814600,45.588000,23.988000
846,50283,2013-03-30,2,277,4974.1475,7,4,0.000000,1070.056500,3904.091000,0.000000,0.000000
794,50284,2013-03-30,6,278,44798.9579,168,49,0.000408,35454.552000,6397.888600,2479.575340,466.942000
540,50285,2013-03-30,3,277,283.23,2,1,0.000000,0.000000,283.230000,0.000000,0.000000
1416,50286,2013-03-30,5,279,324.4527,1,1,0.000000,0.000000,324.452700,0.000000,0.000000
822,50287,2013-03-30,1,283,183.9382,1,1,0.000000,0.000000,183.938200,0.000000,0.000000
766,50288,2013-03-30,5,279,647.994,1,1,0.000000,647.994000,0.000000,0.000000,0.000000
598,50289,2013-03-30,4,275,105310.5088,204,53,0.000000,96561.007500,7093.743400,1331.152900,324.605000
422,50290,2013-03-30,2,277,37329.3665,51,20,0.000000,31481.371500,5847.995000,0.000000,0.000000
650,50291,2013-03-30,5,279,606.996,3,2,0.000000,0.000000,606.996000,0.000000,0.000000
848,50292,2013-03-30,4,275,41211.6058,73,24,0.000000,31109.732100,9896.727700,205.146000,0.000000
1202,50293,2013-03-30,5,279,22957.5775,76,22,0.002272,17083.705900,5209.236500,664.635050,0.000000
370,50294,2013-03-30,4,276,29909.6622,146,35,0.004285,22423.162400,4997.431000,2203.215750,285.853000
1236,50295,2013-03-30,6,289,25261.8384,97,25,0.004000,21695.246400,2118.937300,1306.349200,141.305500
1478,50296,2013-03-30,4,276,2818.764,6,4,0.000000,2818.764000,0.000000,0.000000,0.000000
1982,50297,2013-03-30,1,284,103362.3362,206,53,0.000000,93975.153000,7807.255900,1211.147800,368.779500
474,50298,2013-03-30,4,281,41637.5885,69,29,0.000000,35525.841000,6111.747500,0.000000,0.000000
892,50299,2013-03-30,1,283,819.1107,2,2,0.000000,0.000000,819.110700,0.000000,0.000000
1458,50300,2013-03-30,4,276,604.872,3,2,0.000000,469.794000,135.078000,0.000000,0.000000
1214,50301,2013-03-30,4,276,42528.456,82,22,0.000909,38145.222000,3801.978300,440.273708,140.982000
1164,50302,2013-03-30,5,279,11710.0113,36,9,0.002222,11105.308800,0.000000,604.702492,0.000000
1362,50303,2013-03-30,5,279,74.838,1,1,0.000000,0.000000,74.838000,0.000000,0.000000
1266,50304,2013-03-30,3,276,93032.5066,184,45,0.000000,87351.781500,4427.065000,867.464100,386.196000
536,50305,2013-03-30,1,284,647.994,1,1,0.000000,647.994000,0.000000,0.000000,0.000000
340,50306,2013-03-30,5,279,32258.7344,165,42,0.001666,22397.247400,6899.091000,2434.005860,528.390108
1090,50307,2013-03-30,5,279,3279.9311,19,9,0.000000,469.794000,2478.799500,331.337600,0.000000
1156,50308,2013-03-30,6,289,2618.4758,9,4,0.000000,2458.917800,0.000000,159.558000,0.000000
1946,50309,2013-03-30,4,275,198.036,1,1,0.000000,0.000000,198.036000,0.000000,0.000000
372,50310,2013-03-30,4,275,69705.7546,204,39,0.004358,58686.936684,8567.211000,1990.087425,461.519500
1316,50311,2013-03-30,2,277,25721.2332,153,39,0.000512,18791.092708,4111.750300,2412.833200,405.557000
1070,50312,2013-03-30,2,277,68243.9474,170,36,0.002777,55703.249600,10674.097200,1548.007625,318.593000
1108,50313,2013-03-30,4,276,53097.089,147,48,0.000000,45465.502500,5956.438000,1332.301500,342.847000
600,50314,2013-03-30,1,284,45674.4609,75,30,0.000000,42978.096000,2646.184400,50.180500,0.000000
1350,50315,2013-03-30,5,279,18868.8352,34,13,0.000000,13836.745500,5032.089700,0.000000,0.000000
368,50316,2013-03-30,1,281,6711.1976,28,8,0.000000,6174.080300,0.000000,537.117300,0.000000
1410,50317,2013-03-30,10,282,954.588,3,2,0.000000,939.588000,0.000000,0.000000,15.000000
1408,50318,2013-03-30,7,290,202.332,1,1,0.000000,0.000000,202.332000,0.000000,0.000000
348,50319,2013-03-30,3,276,780.7197,2,2,0.000000,0.000000,780.719700,0.000000,0.000000
1034,50320,2013-03-30,3,275,600.2625,1,1,0.000000,600.262500,0.000000,0.000000,0.000000
1174,50321,2013-03-30,1,283,44161.7113,77,30,0.000000,39912.483000,4249.228300,0.000000,0.000000
1242,50322,2013-03-30,3,276,71610.9964,183,41,0.001219,60754.578800,8712.885500,1791.933125,351.599000
950,50658,2013-04-30,4,276,6107.322,13,3,0.000000,6107.322000,0.000000,0.000000,0.000000
1436,50659,2013-04-30,3,275,1297.8409,4,2,0.000000,1229.458900,0.000000,68.382000,0.000000
1212,50660,2013-04-30,6,289,22.794,1,1,0.000000,0.000000,0.000000,22.794000,0.000000
516,50661,2013-04-30,3,281,29514.1242,87,31,0.000000,23666.449600,4580.094000,984.969600,282.611000
1984,50662,2013-04-30,10,282,33974.7691,69,24,0.000833,28690.993000,4883.626600,400.149508,0.000000
1336,50663,2013-04-30,4,276,87340.1019,393,56,0.007678,68136.489219,13022.512300,5139.783474,1041.316952
812,50664,2013-04-30,6,289,42464.0041,118,41,0.000000,38419.869000,2884.564100,810.978000,348.593000
1274,50665,2013-04-30,7,290,214.6328,2,2,0.000000,0.000000,214.632800,0.000000,0.000000
1368,50666,2013-04-30,6,278,94.367,3,2,0.000000,0.000000,0.000000,53.994000,40.373000
998,50667,2013-04-30,6,289,11443.227,25,6,0.000000,11078.523000,0.000000,364.704000,0.000000
828,50668,2013-04-30,6,289,59466.419,249,47,0.001914,41753.241300,13614.443300,3690.377400,408.357000
802,50669,2013-04-30,1,284,3733.9223,18,10,0.000000,3288.558000,67.539000,377.825300,0.000000
342,50670,2013-04-30,4,275,523.788,2,2,0.000000,469.794000,0.000000,53.994000,0.000000
1966,50671,2013-04-30,1,284,22994.9099,32,16,0.000000,18987.562500,4007.347400,0.000000,0.000000
1426,50672,2013-04-30,4,281,78942.2843,255,55,0.000363,61531.132676,14068.344400,2854.529700,488.277500
1830,50673,2013-04-30,7,290,41158.8457,78,26,0.000000,32456.512500,8666.339200,35.994000,0.000000
510,50674,2013-04-30,6,289,324.6176,5,2,0.000000,0.000000,209.256000,115.361600,0.000000
1994,50675,2013-04-30,3,275,38382.5083,114,37,0.000000,31189.654100,5506.919300,1403.087900,282.847000
324,50676,2013-04-30,6,289,34893.3366,119,39,0.000512,28797.265400,4318.222800,1435.237408,342.611000
1444,50677,2013-04-30,6,289,1910.295,10,3,0.000000,1879.176000,0.000000,31.119000,0.000000
764,50678,2013-04-30,1,281,16810.2243,51,16,0.000000,7430.325000,9106.371300,273.528000,0.000000
658,50679,2013-04-30,10,282,386.2702,2,2,0.000000,0.000000,386.270200,0.000000,0.000000
386,50680,2013-04-30,6,278,1844.5036,8,5,0.000000,0.000000,1844.503600,0.000000,0.000000
1842,50681,2013-04-30,7,290,37815.8335,74,28,0.000000,32509.720500,5216.125000,89.988000,0.000000
1188,50682,2013-04-30,3,277,38777.8774,113,35,0.000000,30621.582100,6595.576200,1318.481100,242.238000
786,50683,2013-04-30,2,277,104482.9633,284,56,0.002321,76995.237863,24786.104628,2363.400812,338.220000
1798,50684,2013-04-30,6,289,7813.8312,24,6,0.000000,7403.539200,0.000000,410.292000,0.000000
512,50685,2013-04-30,6,278,6631.7072,27,10,0.000000,6107.322000,67.539000,456.846200,0.000000
1472,50686,2013-04-30,10,287,1502.9869,13,4,0.000000,1229.458900,0.000000,273.528000,0.000000
1040,50687,2013-04-30,6,278,37150.2321,59,20,0.000000,31837.648100,5153.026000,159.558000,0.000000
978,50688,2013-04-30,4,276,58120.4322,306,44,0.006590,34482.760300,18522.551995,4347.704075,767.415872
1916,50689,2013-04-30,6,289,46260.7274,120,45,0.000000,40314.981000,4672.971700,979.554700,293.220000
560,50690,2013-04-30,3,277,2458.9178,2,1,0.000000,2458.917800,0.000000,0.000000,0.000000
1064,50691,2013-04-30,5,279,183.9382,1,1,0.000000,0.000000,183.938200,0.000000,0.000000
504,50692,2013-04-30,4,276,3715.1625,3,2,0.000000,3715.162500,0.000000,0.000000,0.000000
472,50693,2013-04-30,1,280,32195.7427,179,44,0.000909,19409.565500,9361.939100,2944.413492,479.824608
648,50694,2013-04-30,6,289,95434.9101,251,53,0.000000,83328.777000,9268.569300,2260.671300,576.892500
398,50695,2013-04-30,4,275,418.512,2,1,0.000000,0.000000,418.512000,0.000000,0.000000
296,50696,2013-04-30,3,275,47192.4665,107,37,0.000000,41201.361000,5008.637900,871.485600,110.982000
1114,50697,2013-04-30,7,290,7866.7665,26,7,0.000000,7376.753400,0.000000,490.013100,0.000000
928,50698,2013-04-30,6,289,26439.9864,53,20,0.000000,19845.014700,6298.649700,296.322000,0.000000
668,50699,2013-04-30,6,278,28916.5984,106,28,0.000714,22583.441800,4584.713700,1445.645392,302.797500
1132,50700,2013-04-30,6,289,181.6957,6,3,0.000000,0.000000,0.000000,181.695700,0.000000
1168,50701,2013-04-30,5,279,777.2902,10,6,0.000000,0.000000,517.473800,244.816400,15.000000
1296,50702,2013-04-30,4,276,34930.4656,70,23,0.000000,25543.467100,9159.058500,227.940000,0.000000
798,50703,2013-04-30,5,277,58041.2413,213,46,0.000434,47451.118692,7728.991800,2202.666800,658.464000
878,50704,2013-04-30,2,277,12263.9593,17,10,0.000000,7793.872500,4470.086800,0.000000,0.000000
702,50705,2013-04-30,3,275,10763.151,29,8,0.000000,10335.468000,337.695000,89.988000,0.000000
544,50706,2013-04-30,2,277,9913.52,34,12,0.000000,8926.086000,594.608700,372.638800,20.186500
1376,50707,2013-04-30,4,276,3720.9227,11,8,0.000000,3288.558000,391.991700,0.000000,40.373000
1816,50708,2013-04-30,6,278,5311.5351,20,7,0.000000,4971.407200,0.000000,340.127900,0.000000
312,50709,2013-04-30,6,289,2458.9178,2,1,0.000000,2458.917800,0.000000,0.000000,0.000000
1340,50710,2013-04-30,6,278,784.2007,2,2,0.000000,600.262500,183.938200,0.000000,0.000000
406,50711,2013-04-30,3,277,482.6262,8,3,0.000000,0.000000,180.129000,302.497200,0.000000
672,50712,2013-04-30,3,275,44541.9552,112,41,0.000000,41385.037500,1844.572900,1045.882800,266.462000
1082,50713,2013-04-30,4,281,737.7278,3,3,0.000000,469.794000,267.933800,0.000000,0.000000
382,50714,2013-04-30,3,277,469.794,1,1,0.000000,469.794000,0.000000,0.000000,0.000000
1218,50715,2013-04-30,1,284,2817.8617,11,5,0.000000,0.000000,2817.861700,0.000000,0.000000
1322,50716,2013-04-30,6,289,31643.6024,175,44,0.002272,19937.894200,8216.288100,3257.319110,232.101000
776,50717,2013-04-30,4,281,2718.3195,4,2,0.000000,2718.319500,0.000000,0.000000,0.000000
938,50718,2013-04-30,1,284,1416.9255,3,2,0.000000,1308.937500,0.000000,107.988000,0.000000
1978,50719,2013-04-30,4,276,425.8598,3,2,0.000000,0.000000,425.859800,0.000000,0.000000
1836,50720,2013-04-30,4,275,27105.9276,70,24,0.000000,18153.320800,8815.842800,136.764000,0.000000
1014,50721,2013-04-30,4,281,13976.0223,26,8,0.000000,13577.619500,0.000000,398.402800,0.000000
432,50722,2013-04-30,10,287,49862.2699,117,43,0.000000,44260.429500,4638.319300,701.686100,261.835000
826,50723,2013-04-30,5,279,1531.7112,5,3,0.000000,600.262500,931.448700,0.000000,0.000000
862,50724,2013-04-30,4,276,22106.9986,60,20,0.000000,13049.290800,8767.367800,290.340000,0.000000
1204,50725,2013-04-30,4,281,4391.9964,19,9,0.000000,1466.010000,2704.823900,221.162500,0.000000
814,50726,2013-04-30,5,279,96011.0908,165,39,0.000000,83324.524500,12671.566300,0.000000,15.000000
1356,50727,2013-04-30,2,277,45716.9177,184,50,0.000800,32684.341900,10189.387700,2395.843100,447.345000
1844,50728,2013-04-30,10,282,44597.1778,131,30,0.002000,24487.245100,19585.935144,523.997576,0.000000
966,50729,2013-04-30,4,274,1466.01,1,1,0.000000,1466.010000,0.000000,0.000000,0.000000
1386,50730,2013-04-30,10,282,205.146,9,2,0.000000,0.000000,0.000000,205.146000,0.000000
1448,50731,2013-04-30,3,275,68.382,3,1,0.000000,0.000000,0.000000,68.382000,0.000000
320,50732,2013-04-30,2,277,324.4527,1,1,0.000000,0.000000,324.452700,0.000000,0.000000
716,50733,2013-04-30,2,277,2953.842,8,5,0.000000,2818.764000,135.078000,0.000000,0.000000
308,50734,2013-04-30,3,275,2232.8181,3,1,0.000000,0.000000,2232.818100,0.000000,0.000000
844,50735,2013-04-30,6,289,2003.7163,6,4,0.000000,0.000000,2003.716300,0.000000,0.000000
1968,50736,2013-04-30,4,275,5835.6552,12,8,0.000000,4415.242500,1420.412700,0.000000,0.000000
1392,50737,2013-04-30,4,276,2451.0507,11,5,0.000000,2348.970000,0.000000,102.080700,0.000000
1330,50738,2013-04-30,4,275,43678.96,175,49,0.001428,32394.060000,8319.624800,2332.538600,632.736553
506,50739,2013-04-30,4,275,2458.6124,15,6,0.000000,1409.382000,648.905400,359.952000,40.373000
752,50740,2013-04-30,5,279,8961.5152,22,6,0.000000,8619.605200,0.000000,341.910000,0.000000
520,50741,2013-04-30,2,277,508.3909,2,2,0.000000,0.000000,508.390900,0.000000,0.000000
1346,50742,2013-04-30,3,275,573.9927,3,3,0.000000,0.000000,573.992700,0.000000,0.000000
1066,50743,2013-04-30,4,281,31201.3606,59,20,0.001000,27935.855800,2910.360700,355.144108,0.000000
492,50744,2013-04-30,4,276,2009.3707,22,9,0.000000,0.000000,1514.915500,401.479200,92.976000
1278,50745,2013-04-30,4,276,33977.5113,113,31,0.001612,28810.658300,3620.675400,1263.566625,282.611000
1026,50746,2013-04-30,4,281,7654.3937,33,10,0.000000,7046.910000,135.078000,472.405700,0.000000
788,50747,2013-04-30,4,275,36204.2021,155,40,0.000000,23546.784300,10024.035400,2127.688400,505.694000
642,50748,2013-04-30,4,275,39230.5508,160,44,0.000454,31296.406692,5356.564000,2127.788600,449.791500
1334,50749,2013-04-30,4,275,25585.0564,61,24,0.000000,13102.862400,12310.642000,159.558000,11.994000
1016,50750,2013-04-30,1,283,2802.5973,16,7,0.000000,2472.310700,0.000000,330.286600,0.000000
638,50751,2013-04-30,3,275,1493.9703,16,7,0.000000,1229.458900,0.000000,264.511400,0.000000
1954,50752,2013-04-30,5,279,1295.988,2,1,0.000000,1295.988000,0.000000,0.000000,0.000000
478,50753,2013-04-30,4,281,52108.7806,132,27,0.000000,29405.516100,22292.972500,410.292000,0.000000
388,50754,2013-04-30,1,276,8256.654,21,6,0.000000,7986.498000,270.156000,0.000000,0.000000
1074,50755,2013-04-30,2,277,671.4104,5,3,0.000000,0.000000,617.416400,53.994000,0.000000
292,50756,2013-04-30,5,279,37643.0609,114,36,0.001388,31864.433900,4061.615000,1405.786025,311.226000
1378,50757,2013-04-30,5,279,1320.6349,5,3,0.000000,1229.458900,0.000000,91.176000,0.000000
1150,50758,2013-04-30,1,284,4515.9833,17,9,0.000000,4228.146000,0.000000,287.837300,0.000000
734,50759,2013-04-30,5,279,1252.2529,2,2,0.000000,1229.458900,0.000000,22.794000,0.000000
1046,51081,2013-05-30,5,279,36701.5004,202,51,0.011176,26931.696000,6334.740000,3064.338976,370.725450
670,51082,2013-05-30,4,276,818.70,1,1,0.000000,0.000000,818.700000,0.000000,0.000000
1152,51083,2013-05-30,10,282,8410.9927,74,21,0.040476,6668.781600,404.958000,831.756000,505.497075
940,51084,2013-05-30,10,282,22690.4492,61,27,0.050000,18402.249225,4228.212000,59.988000,0.000000
1822,51085,2013-05-30,3,275,5824.4177,85,25,0.018000,3013.170000,1001.970000,1198.548000,610.729725
722,51086,2013-05-30,5,279,323.994,1,1,0.000000,323.994000,0.000000,0.000000,0.000000
564,51087,2013-05-30,9,286,2288.7072,3,1,0.200000,2288.707200,0.000000,0.000000,0.000000
1878,51088,2013-05-30,2,277,36907.494,85,35,0.000000,28771.278000,7632.288000,503.928000,0.000000
518,51089,2013-05-30,1,283,74149.9515,184,42,0.002380,59608.680000,13238.574000,1302.697500,0.000000
874,51090,2013-05-30,4,276,77241.2964,385,66,0.011969,50632.428000,20692.782000,3635.504301,2280.582075
542,51091,2013-05-30,3,275,4805.5328,52,17,0.038235,3623.786400,139.944000,567.228000,474.574425
768,51092,2013-05-30,6,289,49426.411,305,49,0.016122,31116.466108,13636.842000,3150.460267,1522.642625
330,51093,2013-05-30,1,283,149.874,1,1,0.000000,0.000000,149.874000,0.000000,0.000000
1366,51094,2013-05-30,9,286,5527.9561,9,7,0.078571,5460.918075,67.038000,0.000000,0.000000
742,51095,2013-05-30,4,281,803.766,16,6,0.000000,0.000000,755.220000,48.546000,0.000000
592,51096,2013-05-30,6,289,81230.9424,171,35,0.002857,61003.432275,20096.794125,64.728000,65.988000
880,51097,2013-05-30,1,283,2753.988,2,1,0.000000,2753.988000,0.000000,0.000000,0.000000
888,51098,2013-05-30,8,288,1344.588,2,1,0.000000,1344.588000,0.000000,0.000000,0.000000
630,51099,2013-05-30,4,281,4536.257,11,8,0.087500,4314.424950,221.832000,0.000000,0.000000
1882,51100,2013-05-30,6,289,35151.162,84,31,0.000000,26395.002000,8252.232000,503.928000,0.000000
1086,51101,2013-05-30,2,277,34969.3511,156,43,0.011860,29029.458000,3950.262000,1687.668952,301.962150
570,51102,2013-05-30,4,281,30410.736,92,34,0.000000,24117.708000,5495.142000,797.886000,0.000000
1986,51103,2013-05-30,7,290,2935.758,10,4,0.000000,0.000000,2930.262000,0.000000,5.496000
1234,51104,2013-05-30,7,290,28963.5908,182,51,0.006862,18617.820000,7127.274000,2571.698400,646.798425
1050,51105,2013-05-30,3,275,71513.4488,131,29,0.000689,63485.880000,7929.060000,98.508824,0.000000
1990,51106,2013-05-30,4,276,50161.4111,111,36,0.063888,42856.609050,7304.802000,0.000000,0.000000
568,51107,2013-05-30,5,279,187.128,2,2,0.000000,0.000000,187.128000,0.000000,0.000000
1898,51108,2013-05-30,5,279,24474.4816,209,52,0.010961,14192.844000,6129.528000,3170.797408,981.312150
770,51109,2013-05-30,8,288,66934.7011,365,51,0.046862,38221.863300,23896.578000,3245.300474,1570.959300
1018,51110,2013-05-30,5,277,6887.6444,76,20,0.022500,4130.982000,729.666000,1424.508000,602.488425
664,51111,2013-05-30,2,277,35035.4864,132,35,0.008571,24379.002000,8993.442000,1640.040675,23.001675
1036,51112,2013-05-30,2,277,27275.3063,62,31,0.056451,20907.116325,6368.190000,0.000000,0.000000
720,51113,2013-05-30,6,278,10686.736,26,19,0.060526,8790.057975,1801.896000,94.782000,0.000000
1044,51114,2013-05-30,6,278,672.294,1,1,0.000000,672.294000,0.000000,0.000000,0.000000
1338,51115,2013-05-30,5,279,2783.988,2,1,0.000000,2783.988000,0.000000,0.000000,0.000000
908,51116,2013-05-30,6,278,5300.8981,88,23,0.021739,3385.776000,385.368000,1039.270950,490.483125
1002,51117,2013-05-30,4,281,11631.4315,106,24,0.020416,8116.140000,2139.216000,1064.823732,311.251725
1428,51118,2013-05-30,5,279,26.724,1,1,0.000000,0.000000,26.724000,0.000000,0.000000
772,51119,2013-05-30,2,277,1725.8568,3,2,0.100000,1525.804800,200.052000,0.000000,0.000000
1302,51120,2013-05-30,10,282,56981.3473,339,67,0.009850,36506.778000,14927.022000,3711.781501,1835.765799
302,51121,2013-05-30,4,281,79635.122,231,53,0.008867,67081.746000,10133.460000,1737.557476,682.358475
932,51122,2013-05-30,4,275,60843.8315,136,34,0.001470,49287.054000,11336.892000,147.885500,72.000000
762,51123,2013-05-30,1,283,93397.6369,323,53,0.012452,64442.433540,24840.378000,2963.343901,1151.481459
1430,51124,2013-05-30,6,289,77253.4169,230,45,0.002444,42140.372424,34233.970080,879.074400,0.000000
876,51125,2013-05-30,8,288,1244.4926,4,2,0.000000,1127.505600,0.000000,116.987000,0.000000
1404,51126,2013-05-30,4,276,108651.1426,183,33,0.051212,90645.406599,17940.948000,64.788000,0.000000
318,51127,2013-05-30,1,280,71235.1175,162,32,0.004687,58956.558000,10748.928000,1529.631450,0.000000
744,51128,2013-05-30,1,283,1331.238,17,5,0.000000,0.000000,995.286000,335.952000,0.000000
684,51129,2013-05-30,3,275,5156.682,39,9,0.000000,2753.988000,1433.838000,965.862000,2.994000
852,51130,2013-05-30,6,289,40912.524,125,40,0.000000,26174.832000,14443.734000,293.958000,0.000000
652,51131,2013-05-30,4,281,163930.3943,483,60,0.048500,110917.050300,48097.225475,3020.576392,1895.542125
1418,51132,2013-05-30,6,289,97972.1953,167,34,0.003529,72699.691283,25250.928000,21.576000,0.000000
1196,51133,2013-05-30,4,281,1020.594,1,1,0.000000,1020.594000,0.000000,0.000000,0.000000
718,51134,2013-05-30,9,286,5001.8872,17,11,0.077272,4375.991175,528.714000,97.182000,0.000000
944,51135,2013-05-30,10,282,5068.134,11,6,0.000000,5005.746000,0.000000,62.388000,0.000000
1138,51136,2013-05-30,1,284,647.988,2,1,0.000000,647.988000,0.000000,0.000000,0.000000
326,51137,2013-05-30,5,279,46420.614,87,30,0.000000,38461.254000,7581.414000,377.946000,0.000000
858,51138,2013-05-30,1,284,32901.6223,74,21,0.054761,27071.074275,5830.548000,0.000000,0.000000
614,51139,2013-05-30,4,281,8109.252,21,9,0.000000,3644.550000,4464.702000,0.000000,0.000000
1976,51140,2013-05-30,3,277,57950.2044,313,50,0.016000,43709.816592,9187.986000,3362.425535,1689.976253
1948,51141,2013-05-30,2,277,4009.596,5,3,0.000000,2753.988000,1255.608000,0.000000,0.000000
1100,51142,2013-05-30,4,275,2232.84,3,3,0.000000,1430.442000,802.398000,0.000000,0.000000
534,51143,2013-05-30,10,282,59333.5671,300,50,0.014800,42932.174592,11771.076000,3052.447391,1577.869110
496,51144,2013-05-30,4,275,7009.1177,70,21,0.021428,5426.964000,367.674000,738.768000,475.711725
1388,51145,2013-05-30,1,284,14614.3177,65,14,0.010714,11129.310000,3121.956000,349.668000,13.383675
1846,51146,2013-05-30,1,284,49685.6585,78,25,0.034000,36543.888525,13141.770000,0.000000,0.000000
792,51147,2013-05-30,5,279,57068.3685,288,50,0.015600,41073.906000,11537.556000,3198.311092,1258.595400
1888,51148,2013-05-30,1,280,41100.9587,122,44,0.047727,30425.452650,10668.738000,5.394000,1.374000
392,51149,2013-05-30,3,277,6768.216,34,11,0.000000,6350.334000,195.984000,221.898000,0.000000
550,51150,2013-05-30,9,286,26328.5293,66,35,0.050000,20930.215275,5368.926000,29.388000,0.000000
954,51151,2013-05-30,3,276,64785.1613,312,50,0.015000,46037.321308,13693.548000,3035.441066,2018.850930
688,51152,2013-05-30,9,286,9150.3819,18,12,0.054166,5515.869900,3634.512000,0.000000,0.000000
662,51153,2013-05-30,4,275,90421.7887,169,35,0.002285,70656.656408,19711.192328,53.940000,0.000000
1414,51154,2013-05-30,4,281,54253.0364,320,49,0.016326,38911.296000,9616.584000,3798.381017,1926.775375
1198,51155,2013-05-30,8,288,33802.11,64,26,0.000000,31248.912000,2324.688000,228.510000,0.000000
1162,51156,2013-05-30,6,289,3809.3904,30,7,0.007142,2753.988000,134.334000,921.068400,0.000000
692,51157,2013-05-30,2,277,50576.574,329,57,0.012280,26396.790000,18921.822000,3565.487641,1692.474312
366,51158,2013-05-30,5,279,2510.184,19,7,0.000000,2041.188000,409.662000,59.334000,0.000000
1256,51159,2013-05-30,4,275,484.632,8,3,0.000000,461.694000,0.000000,14.694000,8.244000
1840,51160,2013-05-30,6,289,98630.2745,484,71,0.012957,48748.386000,44577.144084,4090.654741,1214.089625
636,51161,2013-05-30,8,288,5619.4119,17,13,0.061538,4058.049900,1498.974000,62.388000,0.000000
1918,51162,2013-05-30,5,279,356.898,1,1,0.000000,0.000000,356.898000,0.000000,0.000000
574,51163,2013-05-30,1,283,323.994,1,1,0.000000,323.994000,0.000000,0.000000,0.000000
1470,51164,2013-05-30,1,284,700.3924,21,8,0.037500,0.000000,297.522000,335.952000,66.918375
1146,51165,2013-05-30,4,276,5497.4401,7,4,0.087500,5433.540075,63.900000,0.000000,0.000000
876,51166,2013-05-30,8,288,72.162,1,1,0.000000,0.000000,72.162000,0.000000,0.000000
1048,51167,2013-05-30,1,276,1037.154,2,2,0.000000,0.000000,1037.154000,0.000000,0.000000
982,51168,2013-05-30,7,290,23566.0588,265,34,0.023823,7970.304000,10427.700000,3373.311466,1794.743325
538,51169,2013-05-30,8,288,62654.9612,288,46,0.041956,47303.009493,11150.034000,3193.813675,1008.104024
1072,51170,2013-05-30,8,287,3711.966,8,7,0.000000,672.294000,3039.672000,0.000000,0.000000
1072,51171,2013-05-30,8,288,3792.4308,8,5,0.000000,1466.010000,2326.420800,0.000000,0.000000
736,51172,2013-05-30,8,288,2636.688,5,5,0.000000,0.000000,2576.700000,59.988000,0.000000
666,51173,2013-05-30,9,286,1243.3033,10,6,0.058333,1046.851275,0.000000,196.452000,0.000000
1054,51174,2013-05-30,9,286,283.9489,1,1,0.150000,283.948875,0.000000,0.000000,0.000000
1096,51175,2013-05-30,5,279,21.576,4,1,0.000000,0.000000,0.000000,21.576000,0.000000
420,51690,2013-06-30,8,288,3170.628,13,4,0.000000,2753.988000,63.900000,352.740000,0.000000
1332,51691,2013-06-30,3,277,32164.548,113,38,0.000000,18121.356000,13791.228000,251.964000,0.000000
1988,51692,2013-06-30,6,289,672.294,1,1,0.000000,672.294000,0.000000,0.000000,0.000000
1182,51693,2013-06-30,5,279,33973.89,77,31,0.000000,22541.628000,11362.140000,70.122000,0.000000
608,51694,2013-06-30,6,289,2061.582,14,7,0.000000,1376.994000,348.636000,335.952000,0.000000
830,51695,2013-06-30,8,288,249.5428,1,1,0.000000,0.000000,249.542800,0.000000,0.000000
1400,51696,2013-06-30,7,290,2006.046,12,7,0.000000,1376.994000,377.088000,251.964000,0.000000
830,51697,2013-06-30,8,288,356.898,1,1,0.000000,0.000000,356.898000,0.000000,0.000000
412,51698,2013-06-30,6,278,5836.104,76,24,0.000000,3013.170000,1191.348000,1102.578000,529.008000
1276,51699,2013-06-30,6,289,21892.136,52,29,0.053448,18309.025950,3583.110000,0.000000,0.000000
732,51700,2013-06-30,6,289,4823.568,75,24,0.000000,1344.588000,2363.400000,698.808000,416.772000
554,51701,2013-06-30,5,279,2254.7148,3,2,0.100000,2254.714800,0.000000,0.000000,0.000000
490,51702,2013-06-30,6,289,1506.564,5,3,0.000000,1430.442000,0.000000,0.000000,76.122000
622,51703,2013-06-30,6,278,50300.616,286,38,0.007368,27660.194217,18507.474000,2703.942125,1429.005692
1940,51704,2013-06-30,6,278,24026.606,153,49,0.031632,17607.493950,3731.094000,1697.094000,990.924000
364,51705,2013-06-30,5,279,5219.922,61,18,0.000000,3061.782000,1034.604000,661.074000,462.462000
1134,51706,2013-06-30,4,276,7728.264,30,12,0.000000,6771.552000,724.578000,211.140000,20.994000
1320,51707,2013-06-30,1,276,790.728,4,3,0.000000,323.994000,466.734000,0.000000,0.000000
1396,51708,2013-06-30,7,290,4005.036,74,22,0.000000,1376.994000,695.856000,1520.196000,411.990000
452,51709,2013-06-30,3,277,173.394,5,2,0.000000,0.000000,0.000000,152.400000,20.994000
410,51710,2013-06-30,9,286,18061.4216,35,13,0.065384,17707.331625,310.008000,44.082000,0.000000
1424,51711,2013-06-30,1,283,101609.2864,290,55,0.001636,62156.322000,37734.446024,1704.208392,14.310000
1230,51712,2013-06-30,1,284,27185.7408,153,49,0.036122,21136.113375,3206.358000,1842.769425,1000.500000
914,51713,2013-06-30,4,275,323.994,1,1,0.000000,323.994000,0.000000,0.000000,0.000000
1992,51714,2013-06-30,4,275,78790.812,227,52,0.000000,62003.190000,14234.316000,1813.698000,739.608000
1290,51715,2013-06-30,1,276,37540.9762,91,31,0.001612,32874.684000,3930.624000,735.668175,0.000000
374,51716,2013-06-30,3,275,52140.0648,75,20,0.057500,42443.740800,9696.324000,0.000000,0.000000
746,51717,2013-06-30,3,277,14366.49,49,12,0.000000,12101.292000,2148.900000,116.298000,0.000000
414,51718,2013-06-30,5,279,4715.8695,91,22,0.002272,1376.994000,873.222000,1528.693500,936.960000
360,51719,2013-06-30,3,277,7265.0535,21,12,0.025000,1135.795500,6091.158000,38.100000,0.000000
1858,51720,2013-06-30,3,275,51742.386,149,50,0.000000,36100.518000,15079.764000,562.104000,0.000000
1970,51721,2013-06-30,1,276,97526.0759,484,72,0.006388,65035.528108,27167.283856,3560.395034,1762.868941
1944,51722,2013-06-30,4,276,38335.386,64,31,0.000000,30616.890000,7686.132000,32.364000,0.000000
498,51723,2013-06-30,1,284,3492.012,16,7,0.000000,2753.988000,360.078000,377.946000,0.000000
946,51724,2013-06-30,7,290,8617.5497,20,16,0.059375,6785.299650,1769.862000,62.388000,0.000000
728,51725,2013-06-30,2,277,1295.976,4,1,0.000000,1295.976000,0.000000,0.000000,0.000000
1304,51726,2013-06-30,1,284,49258.2807,90,26,0.037307,35448.842730,13809.438000,0.000000,0.000000
1828,51727,2013-06-30,6,289,858.90,1,1,0.000000,0.000000,858.900000,0.000000,0.000000
1028,51728,2013-06-30,1,283,3107.022,60,20,0.000000,1376.994000,434.382000,604.686000,690.960000
1210,51729,2013-06-30,7,290,32904.684,66,26,0.000000,29604.636000,3208.350000,91.698000,0.000000
1900,51730,2013-06-30,3,281,4464.564,11,5,0.000000,0.000000,4464.564000,0.000000,0.000000
1480,51731,2013-06-30,3,275,2342.5409,73,21,0.000952,0.000000,1112.112000,630.014908,600.414000
508,51732,2013-06-30,7,290,356.898,1,1,0.000000,0.000000,356.898000,0.000000,0.000000
1894,51733,2013-06-30,7,290,29331.5099,59,30,0.061666,23824.895850,5506.614000,0.000000,0.000000
1962,51734,2013-06-30,7,290,84756.2421,354,54,0.008148,60014.033675,20180.964000,3083.309117,1477.935350
482,51735,2013-06-30,7,290,85091.667,183,34,0.042941,55377.117675,29698.367328,16.182000,0.000000
1380,51736,2013-06-30,7,290,2333.472,16,8,0.000000,1376.994000,578.532000,377.946000,0.000000
1486,51737,2013-06-30,7,287,6556.47,17,7,0.000000,5378.352000,1156.542000,21.576000,0.000000
1122,51738,2013-06-30,10,282,200.052,1,1,0.000000,0.000000,200.052000,0.000000,0.000000
808,51739,2013-06-30,7,290,111036.9487,476,72,0.004861,67876.629476,36446.957908,4328.917084,2384.444199
1394,51740,2013-06-30,6,289,3495.654,69,23,0.000000,1376.994000,488.850000,1169.832000,459.978000
634,51741,2013-06-30,2,277,2964.9942,35,7,0.007142,2041.188000,802.194000,121.612225,0.000000
1142,51742,2013-06-30,7,290,3547.02,71,21,0.000000,1376.994000,207.222000,1244.826000,717.978000
1936,51743,2013-06-30,2,277,2698.176,7,4,0.000000,0.000000,2698.176000,0.000000,0.000000
690,51744,2013-06-30,9,286,316.86,2,1,0.000000,0.000000,316.860000,0.000000,0.000000
1254,51745,2013-06-30,4,276,73437.9329,127,30,0.000666,68474.946000,4823.412000,139.574908,0.000000
988,51746,2013-06-30,5,279,5467.248,21,8,0.000000,4681.752000,668.544000,116.952000,0.000000
1868,51747,2013-06-30,2,277,1886.442,6,4,0.000000,677.988000,1208.454000,0.000000,0.000000
1422,51748,2013-06-30,2,277,53853.9505,325,64,0.004218,31490.496000,17517.756600,3763.096367,1082.601549
1094,51749,2013-06-30,3,275,2751.624,9,4,0.000000,0.000000,2751.624000,0.000000,0.000000
532,51750,2013-06-30,8,288,8398.5368,47,16,0.000000,6201.280800,1306.891500,743.406500,146.958000
834,51751,2013-06-30,8,288,58320.1019,371,65,0.006461,32975.190000,19366.944000,3840.954992,2137.012950
1958,51752,2013-06-30,7,290,57263.2706,146,44,0.001136,40421.466000,16083.288000,758.516625,0.000000
532,51753,2013-06-30,8,288,4667.6435,78,20,0.002500,2041.188000,1384.788000,709.131500,532.536000
332,51754,2013-06-30,6,278,461.694,1,1,0.000000,461.694000,0.000000,0.000000,0.000000
970,51755,2013-06-30,6,278,41563.506,71,18,0.000000,37931.688000,3604.848000,26.970000,0.000000
466,51756,2013-06-30,6,289,31.584,1,1,0.000000,0.000000,31.584000,0.000000,0.000000
1476,51757,2013-06-30,6,289,756.366,10,5,0.000000,0.000000,558.384000,125.982000,72.000000
620,51758,2013-06-30,5,279,1301.826,9,4,0.000000,0.000000,1301.826000,0.000000,0.000000
1872,51759,2013-06-30,5,279,672.294,1,1,0.000000,672.294000,0.000000,0.000000,0.000000
476,51760,2013-06-30,5,279,42188.4683,79,24,0.047916,35527.142250,6661.326000,0.000000,0.000000
1420,51761,2013-06-30,8,288,101223.4606,346,58,0.037068,78222.303225,18749.712000,2711.587644,1539.857724
832,51762,2013-06-30,2,277,46582.4759,79,30,0.000666,35639.195876,10927.098000,16.182000,0.000000
1220,51763,2013-06-30,10,282,40093.4149,189,52,0.001153,27456.984000,9165.834000,2493.790868,976.806000
900,51764,2013-06-30,4,276,1630.53,52,16,0.000000,0.000000,117.330000,936.750000,576.450000
1068,51765,2013-06-30,1,283,2753.988,2,1,0.000000,2753.988000,0.000000,0.000000,0.000000
948,51766,2013-06-30,6,289,8126.436,34,11,0.000000,6884.970000,638.562000,515.934000,86.970000
1926,51767,2013-06-30,8,288,748.134,3,2,0.000000,0.000000,748.134000,0.000000,0.000000
1102,51768,2013-06-30,10,282,26.724,1,1,0.000000,0.000000,26.724000,0.000000,0.000000
562,51769,2013-06-30,6,278,55641.332,109,33,0.000606,40435.184024,14744.892000,452.274000,8.982000
1450,51770,2013-06-30,2,277,17235.8129,69,13,0.001538,14839.080000,2183.982000,212.750908,0.000000
602,51771,2013-06-30,10,282,34352.052,163,44,0.000000,27514.836000,4253.136000,1865.592000,718.488000
780,51772,2013-06-30,6,289,43789.848,103,33,0.000000,29612.868000,13527.318000,240.804000,408.858000
816,51773,2013-06-30,4,281,35821.6748,159,48,0.000416,26696.814000,6181.416000,2082.024824,861.420000
962,51774,2013-06-30,7,290,47410.2927,335,62,0.005806,26879.502000,15347.766000,3474.714600,1708.310108
1030,51775,2013-06-30,5,279,38544.3379,175,48,0.000833,29005.152000,7165.728000,1882.993900,490.464000
1462,51776,2013-06-30,2,277,15681.3497,102,33,0.034848,12246.217725,1742.388000,1072.032000,620.712000
546,51777,2013-06-30,3,275,7262.256,26,11,0.000000,5288.904000,1637.400000,335.952000,0.000000
604,51778,2013-06-30,2,277,3051.9477,91,19,0.002631,0.000000,1370.202000,827.579675,854.166000
1864,51779,2013-06-30,6,278,63.90,1,1,0.000000,0.000000,63.900000,0.000000,0.000000
1456,51780,2013-06-30,5,279,10595.429,94,23,0.000869,5054.358000,4018.410000,889.774992,632.886000
986,51781,2013-06-30,6,289,6857.886,91,23,0.000000,4130.982000,570.438000,1616.712000,539.754000
1904,51782,2013-06-30,2,277,1.374,1,1,0.000000,0.000000,0.000000,0.000000,1.374000
1032,51783,2013-06-30,1,276,107270.1188,265,43,0.005581,86975.148752,17775.330000,2519.640000,0.000000
344,51784,2013-06-30,2,277,7407.696,11,6,0.000000,1466.010000,5941.686000,0.000000,0.000000
810,51785,2013-06-30,10,282,2130.7669,5,4,0.037500,1714.390875,416.376000,0.000000,0.000000
708,51786,2013-06-30,6,274,15842.6141,78,28,0.030357,13998.880050,674.946000,763.368000,405.420000
1326,51787,2013-06-30,10,282,858.90,1,1,0.000000,0.000000,858.900000,0.000000,0.000000
1232,51788,2013-06-30,10,282,29.388,2,1,0.000000,0.000000,0.000000,29.388000,0.000000
656,51789,2013-06-30,1,280,60425.9465,306,46,0.038478,39821.484000,15330.021772,3763.256775,1511.184000
1052,51790,2013-06-30,2,277,15148.1025,68,18,0.005555,6884.970000,7412.754000,850.378500,0.000000
1238,51791,2013-06-30,6,278,30005.918,162,41,0.001219,25149.654000,1841.412000,1843.393950,1171.458000
818,51792,2013-06-30,1,283,818.70,1,1,0.000000,0.000000,818.700000,0.000000,0.000000
1200,51793,2013-06-30,6,289,31666.098,162,48,0.000000,20330.514000,8773.926000,1552.422000,1009.236000
1856,51794,2013-06-30,2,277,1323.438,7,4,0.000000,0.000000,1323.438000,0.000000,0.000000
556,51795,2013-06-30,4,281,7633.056,68,26,0.000000,5378.352000,1074.858000,571.644000,608.202000
1924,51796,2013-06-30,5,277,20.394,4,2,0.000000,0.000000,16.272000,0.000000,4.122000
1412,51797,2013-06-30,1,284,31.584,1,1,0.000000,0.000000,31.584000,0.000000,0.000000
1814,51798,2013-06-30,4,276,762.9024,1,1,0.200000,762.902400,0.000000,0.000000,0.000000
1310,51799,2013-06-30,5,279,700.878,3,3,0.000000,323.994000,376.884000,0.000000,0.000000
1482,51800,2013-06-30,1,284,2666.2695,25,9,0.002222,1376.994000,641.700000,647.575476,0.000000
628,51801,2013-06-30,7,290,72.162,1,1,0.000000,0.000000,72.162000,0.000000,0.000000
992,51802,2013-06-30,1,283,3385.776,4,3,0.000000,3385.776000,0.000000,0.000000,0.000000
942,51803,2013-06-30,7,290,1717.80,2,2,0.000000,0.000000,1717.800000,0.000000,0.000000
456,51804,2013-06-30,9,286,868.854,4,3,0.000000,728.910000,139.944000,0.000000,0.000000
314,51805,2013-06-30,8,288,762.9024,1,1,0.200000,762.902400,0.000000,0.000000,0.000000
1464,51806,2013-06-30,9,286,14267.0691,128,26,0.027692,10826.473350,420.270000,1625.673792,1394.652000
494,51807,2013-06-30,3,275,3669.516,6,5,0.000000,0.000000,3669.516000,0.000000,0.000000
1812,51808,2013-06-30,4,275,1580.0004,5,4,0.050000,1491.812400,88.188000,0.000000,0.000000
372,51809,2013-06-30,4,275,43997.5604,217,52,0.001923,32276.466000,7809.954000,3134.866350,776.274000
1316,51810,2013-06-30,2,277,45822.421,299,37,0.011621,35833.656000,4358.184000,3374.527209,2256.053800
1272,51811,2013-06-30,10,287,356.898,1,1,0.000000,0.000000,356.898000,0.000000,0.000000
1140,51812,2013-06-30,10,282,5194.614,75,20,0.000000,2753.988000,182.928000,1406.502000,851.196000
348,51813,2013-06-30,3,276,857.196,4,3,0.000000,338.994000,518.202000,0.000000,0.000000
796,51814,2013-06-30,9,286,57103.0684,84,18,0.060555,45438.577044,11567.309328,97.182000,0.000000
1440,51815,2013-06-30,10,287,20455.5812,41,19,0.060526,17700.717225,2754.864000,0.000000,0.000000
1090,51816,2013-06-30,5,279,5195.85,8,6,0.000000,672.294000,4523.556000,0.000000,0.000000
1088,51817,2013-06-30,8,288,1822.908,2,2,0.000000,1466.010000,356.898000,0.000000,0.000000
1252,51818,2013-06-30,6,289,39731.712,81,31,0.000000,33808.578000,5629.176000,293.958000,0.000000
1398,51819,2013-06-30,10,282,7107.954,35,9,0.000000,5507.976000,886.080000,713.898000,0.000000
1802,51820,2013-06-30,10,282,4213.104,26,11,0.000000,2316.570000,1741.788000,121.752000,32.994000
368,51821,2013-06-30,1,281,4543.104,62,19,0.000000,2753.988000,105.888000,1073.238000,609.990000
1242,51822,2013-06-30,3,276,128873.2206,385,62,0.005000,101999.044877,22258.682260,3644.483425,971.010000
596,51823,2013-06-30,10,282,98066.5013,167,38,0.051052,80365.757175,17586.444092,114.300000,0.000000
1362,51824,2013-06-30,5,279,53024.0016,141,44,0.000909,37031.697476,15115.188000,811.128108,65.988000
976,51825,2013-06-30,4,275,55934.058,136,46,0.000000,39310.536000,16012.818000,568.716000,41.988000
838,51826,2013-06-30,1,283,71283.2401,105,28,0.040000,57874.872144,13408.368000,0.000000,0.000000
1874,51827,2013-06-30,4,281,22147.2853,57,30,0.060000,16584.133275,5563.152000,0.000000,0.000000
1266,51828,2013-06-30,3,276,66047.3337,224,46,0.002391,58318.332000,5083.326000,2012.927725,632.748000
338,51829,2013-06-30,4,281,9885.8499,14,7,0.071428,9050.907900,834.942000,0.000000,0.000000
600,51830,2013-06-30,1,274,112611.9697,285,50,0.001600,94191.133676,15847.164000,1789.868016,783.804000
1350,51831,2013-06-30,5,279,20403.594,28,14,0.000000,14498.406000,5905.188000,0.000000,0.000000
1236,51832,2013-06-30,6,289,44160.5991,211,49,0.002244,35454.954000,4636.146000,3116.441149,953.058000
1214,51833,2013-06-30,4,276,30516.5072,93,24,0.004166,23558.898000,5432.706000,1524.903225,0.000000
706,51834,2013-06-30,9,286,3560.754,72,20,0.000000,1376.994000,341.346000,1224.672000,617.742000
378,51835,2013-06-30,8,288,14124.1711,55,19,0.044736,12725.367075,596.202000,486.540000,316.062000
1946,51836,2013-06-30,4,275,37414.848,77,30,0.000000,32739.228000,4578.528000,97.092000,0.000000
582,51837,2013-06-30,8,287,68473.2873,293,46,0.029782,50102.164494,13404.438000,3248.144635,1718.540140
1982,51838,2013-06-30,1,284,39403.722,73,29,0.000000,30373.938000,8975.844000,53.940000,0.000000
794,51839,2013-06-30,6,278,42829.6815,268,49,0.005714,29021.724000,9413.340000,3086.406134,1308.211400
358,51840,2013-06-30,9,286,567.8978,2,1,0.150000,567.897750,0.000000,0.000000,0.000000
846,51841,2013-06-30,2,277,32.118,2,2,0.000000,0.000000,26.724000,5.394000,0.000000
474,51842,2013-06-30,4,281,44628.9968,109,35,0.000571,32901.528000,11035.014000,560.478824,131.976000
428,51843,2013-06-30,6,278,9759.948,95,22,0.000000,6884.970000,756.510000,1518.054000,600.414000
1478,51844,2013-06-30,4,276,5069.8348,91,21,0.002380,1992.576000,1598.460000,688.322775,790.476000
370,51845,2013-06-30,4,276,46428.3351,213,52,0.001346,36579.636000,5555.088000,3177.893083,1115.718000
822,51846,2013-06-30,1,274,971.982,3,1,0.000000,971.982000,0.000000,0.000000,0.000000
1056,51847,2013-06-30,6,278,9850.086,33,13,0.000000,5936.892000,3493.254000,419.940000,0.000000
1838,51848,2013-06-30,4,276,5986.686,14,9,0.000000,3507.198000,2479.488000,0.000000,0.000000
958,51849,2013-06-30,4,276,10805.37,16,9,0.000000,4624.908000,6180.462000,0.000000,0.000000
580,51850,2013-06-30,6,289,66845.6546,274,42,0.029761,51588.099906,10941.030000,2543.819833,1772.704824
1130,51851,2013-06-30,6,289,3521.495,9,6,0.058333,3045.191025,400.104000,76.200000,0.000000
766,51852,2013-06-30,5,279,4180.446,25,8,0.000000,2897.352000,863.154000,419.940000,0.000000
1202,51853,2013-06-30,5,279,35496.363,115,36,0.002777,28935.660000,5013.924000,1546.779000,0.000000
650,51854,2013-06-30,5,279,26.724,1,1,0.000000,0.000000,26.724000,0.000000,0.000000
598,51855,2013-06-30,4,275,72616.5242,239,53,0.001320,60496.800000,8848.074000,2130.288200,1141.362000
848,51856,2013-06-30,4,275,33634.68,135,45,0.000000,16250.244000,17090.478000,293.958000,0.000000
1262,51857,2013-06-30,7,290,94139.2728,251,45,0.052444,70078.825425,24055.677368,0.000000,4.770000
1300,51858,2013-06-30,7,290,122284.4578,223,41,0.054634,103107.209586,18384.882000,792.366250,0.000000
1292,51859,2013-06-30,1,284,1914.4429,3,3,0.050000,1714.390875,200.052000,0.000000,0.000000
422,51860,2013-06-30,2,277,71029.152,124,34,0.000000,55159.326000,15668.880000,200.946000,0.000000
1384,51861,2013-06-30,7,287,10284.1936,81,26,0.030769,5166.271575,3249.318000,740.898000,1127.706000
540,51862,2013-06-30,3,277,4130.982,3,1,0.000000,4130.982000,0.000000,0.000000,0.000000
892,51863,2013-06-30,1,283,461.694,1,1,0.000000,461.694000,0.000000,0.000000,0.000000
1164,51864,2013-06-30,5,279,3855.0766,98,21,0.004761,0.000000,1487.274000,1831.600575,536.202000
536,51865,2013-06-30,1,284,514.008,3,3,0.000000,323.994000,190.014000,0.000000,0.000000
1434,51866,2013-06-30,2,277,977.376,4,2,0.000000,971.982000,0.000000,5.394000,0.000000
1870,51867,2013-06-30,4,275,5270.5524,6,4,0.050000,5054.228400,216.324000,0.000000,0.000000
898,51868,2013-06-30,5,279,202.332,1,1,0.000000,0.000000,202.332000,0.000000,0.000000
1088,51869,2013-06-30,8,288,26.724,1,1,0.000000,0.000000,26.724000,0.000000,0.000000
1116,51870,2013-06-30,10,282,404.664,2,1,0.000000,0.000000,404.664000,0.000000,0.000000
972,51871,2013-06-30,9,286,200.052,1,1,0.000000,0.000000,200.052000,0.000000,0.000000
436,51872,2013-06-30,9,286,356.898,1,1,0.000000,0.000000,356.898000,0.000000,0.000000
1034,51873,2013-06-30,3,275,326.742,3,2,0.000000,323.994000,0.000000,0.000000,2.748000
1024,51874,2013-06-30,5,279,6557.411,14,12,0.054166,5204.543025,1292.880000,59.988000,0.000000
1866,51875,2013-06-30,9,286,38978.1074,86,29,0.058620,27235.249350,11678.070000,64.788000,0.000000
1484,53450,2013-07-31,10,282,21.576,4,1,0.000000,0.000000,0.000000,21.576000,0.000000
1804,53451,2013-07-31,1,284,1741.7689,3,2,0.075000,1741.768875,0.000000,0.000000,0.000000
1084,53452,2013-07-31,1,280,52952.3583,127,43,0.046511,38334.582300,14606.988000,10.788000,0.000000
1892,53453,2013-07-31,10,282,200.052,1,1,0.000000,0.000000,200.052000,0.000000,0.000000
516,53454,2013-07-31,3,281,40255.9142,182,48,0.001458,27393.390000,9164.268000,2677.842200,1020.414000
1984,53455,2013-07-31,10,282,31612.0704,105,34,0.001470,23578.314000,6898.542000,1135.214400,0.000000
812,53456,2013-07-31,6,289,26816.5751,58,26,0.000769,24477.360000,2257.524000,81.691076,0.000000
612,53457,2013-07-31,1,283,47000.9618,118,38,0.000526,31093.965792,15697.026000,209.970000,0.000000
856,53458,2013-07-31,10,282,92278.0501,394,51,0.040980,59060.718045,28023.859544,3786.597408,1406.875152
294,53459,2013-07-31,4,276,29133.471,167,49,0.027551,18340.683000,8526.912000,1583.412000,682.464000
1336,53460,2013-07-31,4,276,104273.0197,382,54,0.008148,69342.705000,28940.778000,3927.154267,2062.382424
1274,53461,2013-07-31,7,287,1466.01,1,1,0.000000,1466.010000,0.000000,0.000000,0.000000
578,53462,2013-07-31,8,288,228.582,4,2,0.000000,0.000000,228.582000,0.000000,0.000000
998,53463,2013-07-31,6,289,2901.9075,35,10,0.002000,1376.994000,508.992000,1015.921476,0.000000
648,53464,2013-07-31,6,289,64152.0919,134,34,0.001176,51214.446000,12809.898000,127.747900,0.000000
828,53465,2013-07-31,6,274,84713.7665,460,71,0.004929,50965.758000,28235.994432,3771.223797,1740.790320
342,53466,2013-07-31,4,275,1182.894,2,2,0.000000,323.994000,858.900000,0.000000,0.000000
802,53467,2013-07-31,1,284,5696.538,71,22,0.000000,2041.188000,2236.368000,744.744000,674.238000
1038,53468,2013-07-31,9,286,25283.1022,159,52,0.032692,18397.970175,4468.026000,1751.112000,665.994000
1966,53469,2013-07-31,1,284,21393.5597,36,15,0.001333,17130.433676,4263.126000,0.000000,0.000000
696,53470,2013-07-31,4,276,56184.0389,99,26,0.058461,35690.054025,20493.984884,0.000000,0.000000
382,53471,2013-07-31,3,277,38496.048,63,31,0.000000,29790.528000,8677.176000,26.970000,1.374000
984,53472,2013-07-31,10,282,92141.4113,353,54,0.005740,56429.122900,30832.948328,2616.088409,2263.251640
1808,53473,2013-07-31,1,276,1615.2769,5,3,0.050000,283.948875,1331.328000,0.000000,0.000000
394,53474,2013-07-31,5,279,26776.3823,69,33,0.050000,21447.440250,5320.698000,0.000000,8.244000
1830,53475,2013-07-31,7,290,39566.3847,258,49,0.004489,21423.810000,13151.184000,2667.322525,2324.068125
682,53476,2013-07-31,4,276,13119.4132,27,16,0.062500,12311.867175,754.158000,32.394000,20.994000
1928,53477,2013-07-31,6,278,24830.4239,60,30,0.055000,21386.069850,3444.354000,0.000000,0.000000
1324,53478,2013-07-31,7,290,39923.9842,124,40,0.001250,21821.892000,17186.454000,873.650175,41.988000
1286,53479,2013-07-31,7,290,225.63,5,3,0.000000,0.000000,181.548000,44.082000,0.000000
1994,53480,2013-07-31,3,275,44021.7035,211,50,0.003400,30441.372000,9761.082000,3245.829500,573.420000
566,53481,2013-07-31,6,289,242.40,3,3,0.000000,0.000000,227.706000,14.694000,0.000000
510,53482,2013-07-31,6,289,1475.634,11,3,0.000000,1139.682000,0.000000,335.952000,0.000000
464,53483,2013-07-31,6,278,61044.4562,293,44,0.029318,42250.875675,13565.556000,2919.645178,2308.379341
324,53484,2013-07-31,6,289,27975.6975,102,33,0.003030,20793.432000,6016.932000,1165.333500,0.000000
300,53485,2013-07-31,9,285,57771.7641,307,59,0.042711,44663.831550,8210.040000,3298.472500,1599.420000
806,53486,2013-07-31,6,289,4949.682,4,2,0.000000,4130.982000,818.700000,0.000000,0.000000
938,53487,2013-07-31,1,284,1466.01,1,1,0.000000,1466.010000,0.000000,0.000000,0.000000
1340,53488,2013-07-31,6,278,70.644,3,2,0.000000,0.000000,32.544000,38.100000,0.000000
1306,53489,2013-07-31,4,275,1525.8048,2,1,0.200000,1525.804800,0.000000,0.000000,0.000000
1204,53490,2013-07-31,4,281,3483.366,8,5,0.000000,0.000000,3467.184000,16.182000,0.000000
1932,53491,2013-07-31,4,276,202.332,1,1,0.000000,0.000000,202.332000,0.000000,0.000000
1370,53492,2013-07-31,9,285,17746.2521,78,33,0.030303,13269.970050,2980.128000,702.498000,793.656000
764,53493,2013-07-31,1,281,23384.652,100,30,0.000000,6884.970000,15826.404000,671.904000,1.374000
854,53494,2013-07-31,7,290,109.788,2,1,0.000000,0.000000,109.788000,0.000000,0.000000
658,53495,2013-07-31,10,282,4098.648,5,2,0.000000,4082.376000,16.272000,0.000000,0.000000
1490,53496,2013-07-31,4,276,3741.6939,11,9,0.072222,3356.517900,352.782000,32.394000,0.000000
1842,53497,2013-07-31,7,290,90020.6146,153,34,0.002647,67913.688276,21992.968328,113.958000,0.000000
384,53498,2013-07-31,9,286,1912.446,9,5,0.000000,0.000000,1912.446000,0.000000,0.000000
1188,53499,2013-07-31,3,277,28195.896,178,50,0.000000,16194.738000,8789.196000,2197.710000,1014.252000
824,53500,2013-07-31,1,281,40271.493,104,30,0.043333,24621.159000,15608.346000,0.000000,41.988000
826,53501,2013-07-31,5,279,1130.952,5,4,0.000000,0.000000,1130.952000,0.000000,0.000000
1042,53502,2013-07-31,9,285,31604.671,145,45,0.040000,24691.914975,4561.350000,1388.148000,963.258000
1798,53503,2013-07-31,6,289,4216.1064,31,6,0.008333,2753.988000,709.026000,753.092400,0.000000
1178,53504,2013-07-31,8,288,2045.292,5,3,0.000000,1430.442000,600.156000,14.694000,0.000000
446,53505,2013-07-31,8,288,40683.5406,194,51,0.001960,29831.190000,7001.178000,2772.024575,1079.148000
786,53506,2013-07-31,2,277,105505.3991,176,35,0.001428,76120.681125,29373.930000,10.788000,0.000000
380,53507,2013-07-31,6,289,4398.8328,5,4,0.050000,4386.688800,12.144000,0.000000,0.000000
1352,53508,2013-07-31,6,278,34771.9097,80,22,0.043181,21782.257725,12989.652000,0.000000,0.000000
512,53509,2013-07-31,6,278,3676.914,82,22,0.000000,1020.594000,1085.370000,800.748000,770.202000
1040,53510,2013-07-31,6,278,44411.3304,95,32,0.001562,33962.172000,9822.048000,627.110400,0.000000
1472,53511,2013-07-31,10,282,552.948,11,7,0.000000,0.000000,465.966000,83.988000,2.994000
1260,53512,2013-07-31,10,287,33631.8982,96,33,0.001515,27062.202000,5570.064000,999.632175,0.000000
618,53513,2013-07-31,6,289,47813.2429,289,47,0.046382,37444.855875,5916.126000,3292.603432,1159.657584
442,53514,2013-07-31,1,283,55103.4671,226,58,0.039655,40724.635050,11411.010000,1736.388000,1231.434000
1092,53515,2013-07-31,4,276,26.724,1,1,0.000000,0.000000,26.724000,0.000000,0.000000
1076,53516,2013-07-31,8,288,437.8429,2,2,0.075000,283.948875,153.894000,0.000000,0.000000
398,53517,2013-07-31,4,275,158.43,1,1,0.000000,0.000000,158.430000,0.000000,0.000000
472,53518,2013-07-31,1,280,87783.9431,342,61,0.003606,52757.415792,32480.265268,2367.873968,178.388108
1880,53519,2013-07-31,8,287,283.9489,1,1,0.150000,283.948875,0.000000,0.000000,0.000000
1250,53520,2013-07-31,8,288,46703.1548,122,42,0.051190,35344.734750,11329.032000,29.388000,0.000000
758,53521,2013-07-31,8,288,1373.556,7,4,0.000000,1020.594000,255.780000,97.182000,0.000000
1004,53522,2013-07-31,1,283,1135.7955,4,2,0.150000,1135.795500,0.000000,0.000000,0.000000
1114,53523,2013-07-31,7,290,3095.994,90,21,0.000000,0.000000,832.716000,1373.820000,889.458000
480,53524,2013-07-31,5,279,53584.4454,283,51,0.039411,40755.856275,8672.010000,2420.662657,1735.916432
1474,53525,2013-07-31,7,290,23624.4279,80,22,0.038636,21502.827900,764.034000,900.498000,457.068000
296,53526,2013-07-31,3,275,34891.325,73,29,0.000689,24834.000000,9983.844000,72.106992,1.374000
928,53527,2013-07-31,6,289,73920.7391,307,59,0.003728,58349.820000,11029.350000,3957.403100,584.166000
1298,53528,2013-07-31,6,289,3919.5255,27,8,0.002500,2405.658000,1076.262000,437.605476,0.000000
844,53529,2013-07-31,6,289,16.272,1,1,0.000000,0.000000,16.272000,0.000000,0.000000
798,53530,2013-07-31,5,277,75647.3619,342,44,0.010454,55088.127151,15030.828000,3621.494300,1906.912407
1296,53531,2013-07-31,4,276,38783.562,159,48,0.000000,23597.802000,13763.322000,990.438000,432.000000
1354,53532,2013-07-31,9,286,2186.73,3,1,0.000000,2186.730000,0.000000,0.000000,0.000000
316,53533,2013-07-31,4,281,24213.5442,61,31,0.050000,19226.326200,4987.218000,0.000000,0.000000
544,53534,2013-07-31,2,277,12423.5249,120,27,0.002592,9784.722000,852.402000,1178.222874,608.178000
626,53535,2013-07-31,6,289,96485.4353,200,37,0.059459,62761.715775,33647.519550,76.200000,0.000000
1322,53536,2013-07-31,6,289,43253.7414,318,61,0.004590,26267.532000,12243.138000,3308.421802,1434.649575
328,53537,2013-07-31,2,277,1638.8018,10,7,0.042857,567.897750,1032.804000,38.100000,0.000000
776,53538,2013-07-31,4,281,20607.78,33,16,0.000000,15729.912000,4877.868000,0.000000,0.000000
990,53539,2013-07-31,4,281,16674.9572,37,17,0.067647,16026.933150,558.042000,89.982000,0.000000
910,53540,2013-07-31,5,279,7416.3412,21,14,0.057142,5861.189175,1525.158000,29.994000,0.000000
1950,53541,2013-07-31,9,286,29423.4996,150,48,0.035833,22627.925775,4302.486000,1412.673792,1080.414000
1816,53542,2013-07-31,6,278,5942.0055,39,10,0.002000,4130.982000,627.126000,1183.897476,0.000000
312,53543,2013-07-31,6,289,46.968,2,1,0.000000,0.000000,46.968000,0.000000,0.000000
1078,53544,2013-07-31,6,289,1574.442,3,2,0.000000,1430.442000,0.000000,0.000000,144.000000
1444,53545,2013-07-31,6,289,3650.478,66,22,0.000000,2041.188000,374.022000,654.744000,580.524000
1082,53546,2013-07-31,4,281,33869.946,65,30,0.000000,24898.470000,8930.970000,37.758000,2.748000
1218,53547,2013-07-31,1,284,4321.224,6,3,0.000000,0.000000,4321.224000,0.000000,0.000000
672,53548,2013-07-31,3,275,33592.044,59,27,0.000000,29944.596000,3604.296000,43.152000,0.000000
1216,53549,2013-07-31,4,275,858.90,1,1,0.000000,0.000000,858.900000,0.000000,0.000000
1376,53550,2013-07-31,4,276,10687.854,28,10,0.000000,9833.334000,816.762000,37.758000,0.000000
1080,53551,2013-07-31,5,279,26261.707,67,34,0.054411,20652.684975,5609.022000,0.000000,0.000000
1014,53552,2013-07-31,4,281,7557.3266,91,22,0.002272,4130.982000,994.494000,1766.642625,665.208000
1166,53553,2013-07-31,6,278,370.794,3,2,0.000000,0.000000,370.794000,0.000000,0.000000
676,53554,2013-07-31,9,285,3671.958,79,20,0.000000,1376.994000,160.044000,1532.160000,602.760000
906,53555,2013-07-31,9,286,886.2949,2,2,0.075000,283.948875,602.346000,0.000000,0.000000
994,53556,2013-07-31,2,277,3977.1649,7,6,0.025000,3901.120875,76.044000,0.000000,0.000000
408,53557,2013-07-31,9,286,400.104,2,2,0.000000,0.000000,400.104000,0.000000,0.000000
886,53558,2013-07-31,6,289,1249.65,3,3,0.000000,1020.594000,229.056000,0.000000,0.000000
1442,53559,2013-07-31,7,290,283.9489,1,1,0.150000,283.948875,0.000000,0.000000,0.000000
1248,53560,2013-07-31,2,277,53277.6924,233,62,0.033870,38792.336400,11900.400000,1671.576000,913.380000
308,53561,2013-07-31,3,275,48717.09,132,45,0.000000,35968.560000,12286.596000,461.934000,0.000000
432,53562,2013-07-31,10,282,81476.3709,240,52,0.000769,66620.364000,11658.408000,1865.916876,1331.682000
814,53563,2013-07-31,5,279,81431.7128,147,36,0.000555,67916.448000,13382.226000,109.296824,23.742000
1074,53564,2013-07-31,2,277,2.748,2,1,0.000000,0.000000,0.000000,0.000000,2.748000
1938,53565,2013-07-31,9,286,28920.1932,150,47,0.041914,20930.019450,5596.500000,1414.227792,979.446000
624,53566,2013-07-31,9,286,63669.48,140,42,0.000000,49970.688000,13068.882000,629.910000,0.000000
444,53567,2013-07-31,2,277,28995.9788,172,53,0.033962,21786.145125,4364.940000,1567.625675,1277.268000
502,53568,2013-07-31,5,279,2614.5869,26,9,0.002222,1992.576000,514.800000,107.210908,0.000000
1282,53569,2013-07-31,1,284,25690.4699,64,34,0.045588,20171.591925,5518.878000,0.000000,0.000000
1356,53570,2013-07-31,2,277,63707.6101,310,51,0.007450,46128.264000,11711.646000,3485.305007,2382.395116
660,53571,2013-07-31,1,284,49517.6753,73,19,0.036842,39949.571325,9549.024000,0.000000,19.080000
1852,53572,2013-07-31,6,278,1878.2568,7,3,0.066666,1525.804800,200.052000,152.400000,0.000000
1844,53573,2013-07-31,10,282,115310.4777,272,53,0.003396,84713.570783,29194.605212,1402.301742,0.000000
588,53574,2013-07-31,10,282,1279.248,47,14,0.000000,0.000000,0.000000,648.810000,630.438000
1000,53575,2013-07-31,5,279,2183.64,4,3,0.000000,2159.352000,24.288000,0.000000,0.000000
1246,53576,2013-07-31,1,280,44050.2084,99,33,0.001515,35855.754000,7552.650000,641.804400,0.000000
1284,53577,2013-07-31,10,282,42858.2133,120,41,0.051219,32078.277300,10758.942000,0.000000,20.994000
388,53578,2013-07-31,1,276,10033.7457,53,9,0.005555,6771.552000,3160.764000,101.429675,0.000000
1342,53579,2013-07-31,9,286,1254.048,3,3,0.000000,338.994000,915.054000,0.000000,0.000000
1066,53580,2013-07-31,4,281,36380.3386,109,32,0.003125,30077.766000,5011.782000,1290.790575,0.000000
1160,53581,2013-07-31,8,288,3216.3494,8,6,0.108333,3106.561425,109.788000,0.000000,0.000000
1158,53582,2013-07-31,3,276,10268.513,79,24,0.027083,8065.427025,447.276000,899.868000,855.942000
788,53583,2013-07-31,4,275,51395.322,156,45,0.000000,32749.560000,17849.088000,766.734000,29.940000
1016,53584,2013-07-31,1,283,3864.702,36,10,0.000000,2753.988000,48.594000,654.216000,407.904000
716,53585,2013-07-31,2,277,2576.898,14,8,0.000000,2365.182000,97.188000,37.758000,76.770000
1392,53586,2013-07-31,4,276,2760.444,77,21,0.000000,0.000000,1252.896000,648.726000,858.822000
1448,53587,2013-07-31,3,275,2224.338,17,5,0.000000,1376.994000,427.404000,419.940000,0.000000
784,53588,2013-07-31,9,285,54.942,1,1,0.000000,0.000000,54.942000,0.000000,0.000000
492,53589,2013-07-31,4,276,1101.282,8,4,0.000000,1016.982000,80.178000,0.000000,4.122000
860,53590,2013-07-31,3,275,62895.5616,92,29,0.039655,48792.441600,14103.120000,0.000000,0.000000
1346,53591,2013-07-31,3,275,1020.594,1,1,0.000000,1020.594000,0.000000,0.000000,0.000000
1318,53592,2013-07-31,4,275,4441.4448,6,2,0.100000,4441.444800,0.000000,0.000000,0.000000
730,53593,2013-07-31,8,288,1034.37,5,3,0.000000,971.982000,0.000000,62.388000,0.000000
350,53594,2013-07-31,9,285,1075.344,4,4,0.000000,0.000000,1075.344000,0.000000,0.000000
752,53595,2013-07-31,5,279,6770.298,36,8,0.000000,5507.976000,422.442000,839.880000,0.000000
644,53596,2013-07-31,4,276,48.594,1,1,0.000000,0.000000,48.594000,0.000000,0.000000
864,53597,2013-07-31,6,289,2042.562,3,2,0.000000,2041.188000,0.000000,0.000000,1.374000
950,53598,2013-07-31,4,276,3794.9789,44,8,0.002500,1020.594000,2654.016000,120.368908,0.000000
450,53599,2013-07-31,4,275,1667.94,8,4,0.000000,1457.820000,210.120000,0.000000,0.000000
1132,53600,2013-07-31,6,289,3944.9457,92,19,0.002631,0.000000,2058.882000,989.897675,896.166000
526,53601,2013-07-31,4,276,552.93,10,4,0.000000,0.000000,286.230000,266.700000,0.000000
506,53602,2013-07-31,4,275,710.376,4,3,0.000000,647.988000,0.000000,62.388000,0.000000
1810,53603,2013-07-31,1,284,8785.932,28,9,0.000000,8440.134000,234.864000,110.934000,0.000000
730,53604,2013-07-31,8,288,1825.781,5,4,0.000000,0.000000,1717.800000,107.981000,0.000000
774,53605,2013-07-31,1,283,66871.8419,101,28,0.044285,56265.551898,10606.290000,0.000000,0.000000
1278,53606,2013-07-31,4,276,46694.2363,227,52,0.001730,34860.876000,7775.856000,3075.598300,981.906000
1026,53607,2013-07-31,4,281,15368.3048,57,14,0.001428,13494.492000,1585.494000,283.548824,4.770000
1020,53608,2013-07-31,8,288,1927.6118,66,17,0.001176,0.000000,186.066000,1225.791792,515.754000
1020,53609,2013-07-31,8,288,3086.3729,29,13,0.000000,1376.994000,993.868400,652.528500,62.982000
1886,53610,2013-07-31,4,281,802.398,2,2,0.000000,0.000000,802.398000,0.000000,0.000000
638,53611,2013-07-31,3,275,1915.542,60,17,0.000000,0.000000,461.202000,828.138000,626.202000
1110,53612,2013-07-31,3,275,1669.032,6,4,0.000000,1430.442000,209.202000,29.388000,0.000000
1890,53613,2013-07-31,1,284,43013.4036,209,50,0.002800,30255.078000,8591.910000,2795.883600,1370.532000
1334,53614,2013-07-31,4,275,61251.456,149,46,0.000434,39764.142000,20206.884000,461.934000,818.496000
1914,53615,2013-07-31,8,288,24518.1401,181,49,0.038163,14829.135600,6639.876000,2092.308492,956.820000
642,53616,2013-07-31,4,275,68906.6458,322,48,0.010000,54998.653900,8306.412000,3051.726319,2549.853600
1910,53617,2013-07-31,1,283,158.43,1,1,0.000000,0.000000,158.430000,0.000000,0.000000
354,53618,2013-07-31,5,274,3405.1668,8,5,0.080000,2956.246800,448.920000,0.000000,0.000000
1818,53619,2013-07-31,9,286,917.8789,3,3,0.050000,283.948875,633.930000,0.000000,0.000000
298,53620,2013-07-31,2,277,1215.582,4,4,0.000000,323.994000,891.588000,0.000000,0.000000
1836,53621,2013-07-31,4,275,106929.5461,293,54,0.003148,77838.702000,27263.409072,1827.435000,0.000000
654,53622,2013-07-31,5,279,31.584,1,1,0.000000,0.000000,31.584000,0.000000,0.000000
1150,53623,2013-07-31,1,284,7798.806,71,22,0.000000,4406.370000,2146.350000,845.562000,400.524000
868,53624,2013-07-31,10,282,790.5564,2,2,0.100000,762.902400,27.654000,0.000000,0.000000
734,53625,2013-07-31,5,279,2263.368,15,7,0.000000,1376.994000,634.410000,251.964000,0.000000
932,55233,2013-08-30,4,275,61119.642,104,25,0.000000,57378.174000,3655.164000,86.304000,0.000000
1046,55234,2013-08-30,5,279,48189.4814,155,46,0.000434,41367.942000,4460.862000,1747.057400,613.620000
670,55235,2013-08-30,4,276,595.338,3,2,0.000000,0.000000,595.338000,0.000000,0.000000
940,55236,2013-08-30,10,282,25645.236,47,25,0.000000,24495.588000,987.678000,161.970000,0.000000
1432,55237,2013-08-30,8,288,72.162,1,1,0.000000,0.000000,72.162000,0.000000,0.000000
1822,55238,2013-08-30,3,275,7137.036,40,18,0.000000,6074.952000,418.446000,593.886000,49.752000
1878,55239,2013-08-30,2,277,39770.4253,95,32,0.001562,33863.736000,4844.766000,1061.923275,0.000000
564,55240,2013-08-30,9,286,890.82,2,2,0.000000,890.820000,0.000000,0.000000,0.000000
518,55241,2013-08-30,1,283,60519.9533,165,36,0.003333,50834.286000,7855.182000,1797.491292,32.994000
542,55242,2013-08-30,3,275,3605.214,21,7,0.000000,2888.262000,0.000000,428.952000,288.000000
768,55243,2013-08-30,6,289,32649.4443,215,42,0.004285,21683.442000,7026.768000,2071.543025,1867.691260
1366,55244,2013-08-30,9,286,5371.434,7,5,0.000000,5371.434000,0.000000,0.000000,0.000000
592,55245,2013-08-30,6,289,67815.5873,112,27,0.002222,54476.183344,13303.134000,36.270000,0.000000
880,55246,2013-08-30,1,283,105.294,1,1,0.000000,0.000000,105.294000,0.000000,0.000000
630,55247,2013-08-30,4,281,4764.114,5,5,0.000000,4764.114000,0.000000,0.000000,0.000000
1086,55248,2013-08-30,2,277,39596.1202,127,37,0.000540,37185.762000,197.610000,1447.316200,765.432000
874,55249,2013-08-30,4,276,51341.6887,302,61,0.004098,35743.284000,10589.310000,3157.864882,1851.229775
1986,55250,2013-08-30,7,290,4002.894,9,5,0.000000,3077.982000,924.912000,0.000000,0.000000
570,55251,2013-08-30,4,281,41830.7841,100,30,0.002333,34197.342000,6416.022000,1217.420058,0.000000
1234,55252,2013-08-30,7,290,37814.8377,163,48,0.000833,29924.166000,4889.646000,2408.513708,592.512000
1898,55253,2013-08-30,5,279,35733.1672,186,48,0.003125,28282.284000,3781.446000,2915.993175,753.444000
770,55254,2013-08-30,8,288,104153.3951,294,43,0.004418,85455.199200,14885.802000,2525.053300,1287.340640
568,55255,2013-08-30,5,279,677.682,3,3,0.000000,662.988000,0.000000,14.694000,0.000000
1990,55256,2013-08-30,4,276,45633.21,73,29,0.000000,43375.698000,2257.512000,0.000000,0.000000
1050,55257,2013-08-30,3,275,67686.0209,99,24,0.000833,67422.420000,171.690000,91.910908,0.000000
718,55258,2013-08-30,9,286,7154.268,12,9,0.000000,7057.998000,54.894000,32.394000,8.982000
1036,55259,2013-08-30,2,277,29503.14,38,24,0.000000,28570.248000,932.892000,0.000000,0.000000
1018,55260,2013-08-30,5,277,8257.5158,37,8,0.002500,6884.970000,0.000000,868.545792,504.000000
664,55261,2013-08-30,2,277,29025.018,120,32,0.006250,23117.796000,4108.992000,1798.230000,0.000000
1044,55262,2013-08-30,6,278,373.08,4,2,0.000000,0.000000,356.898000,16.182000,0.000000
720,55263,2013-08-30,6,278,9699.63,30,14,0.000000,9339.804000,325.776000,0.000000,34.050000
302,55264,2013-08-30,4,281,63981.9338,192,45,0.000444,57305.970000,4150.596000,1368.942000,1156.425792
1002,55265,2013-08-30,4,281,6683.5305,69,13,0.007692,5702.346000,24.294000,593.896500,362.994000
908,55266,2013-08-30,6,278,3344.214,40,13,0.000000,2689.176000,37.254000,521.274000,96.510000
1338,55267,2013-08-30,5,279,109.788,2,1,0.000000,0.000000,109.788000,0.000000,0.000000
1302,55268,2013-08-30,10,282,39829.9636,283,59,0.004745,22304.250000,12608.928000,3271.294142,1645.491417
762,55269,2013-08-30,1,283,49597.4077,221,38,0.002105,40388.618592,5616.072000,2034.718992,1557.998108
1152,55270,2013-08-30,10,282,6806.376,25,9,0.000000,6450.678000,0.000000,268.728000,86.970000
1048,55271,2013-08-30,1,276,1768.878,3,3,0.000000,1391.994000,376.884000,0.000000,0.000000
876,55272,2013-08-30,8,288,1172.1936,4,3,0.000000,1127.505600,0.000000,44.688000,0.000000
1470,55273,2013-08-30,1,284,251.964,6,1,0.000000,0.000000,0.000000,251.964000,0.000000
876,55274,2013-08-30,8,287,323.994,1,1,0.000000,323.994000,0.000000,0.000000,0.000000
1430,55275,2013-08-30,6,289,64654.2775,165,36,0.001111,44267.790000,19619.565072,766.922424,0.000000
1404,55276,2013-08-30,4,276,74321.3769,108,27,0.002592,54381.480000,19939.896884,0.000000,0.000000
318,55277,2013-08-30,1,280,57550.3179,130,28,0.002500,47094.636000,9083.346000,1372.335924,0.000000
744,55278,2013-08-30,1,283,3257.916,14,5,0.000000,2753.988000,0.000000,503.928000,0.000000
514,55279,2013-08-30,5,279,323.994,1,1,0.000000,323.994000,0.000000,0.000000,0.000000
1418,55280,2013-08-30,6,289,68404.626,111,29,0.000000,56285.592000,12054.276000,64.758000,0.000000
722,55281,2013-08-30,5,279,518.37,5,2,0.000000,323.994000,194.376000,0.000000,0.000000
652,55282,2013-08-30,4,281,160378.3913,346,51,0.007647,139803.321750,16711.284000,2162.976000,1700.809584
852,55283,2013-08-30,6,289,35791.9061,101,38,0.000526,21962.832000,13325.146076,503.928000,0.000000
558,55284,2013-08-30,1,283,3406.77,5,3,0.000000,3385.776000,0.000000,0.000000,20.994000
484,55285,2013-08-30,4,276,398.502,3,2,0.000000,323.994000,74.508000,0.000000,0.000000
1138,55286,2013-08-30,1,284,3650.598,15,6,0.000000,2664.870000,922.746000,0.000000,62.982000
1882,55287,2013-08-30,6,289,40611.4141,86,32,0.000625,37518.918000,2323.362000,769.134108,0.000000
944,55288,2013-08-30,10,282,5277.894,11,7,0.000000,5078.664000,134.442000,64.788000,0.000000
330,55289,2013-08-30,1,283,158.43,1,1,0.000000,0.000000,158.430000,0.000000,0.000000
742,55290,2013-08-30,4,281,75.516,14,2,0.000000,0.000000,0.000000,75.516000,0.000000
1846,55291,2013-08-30,1,284,37117.648,50,18,0.001111,29155.846044,7961.802000,0.000000,0.000000
922,55292,2013-08-30,5,279,24.294,1,1,0.000000,0.000000,24.294000,0.000000,0.000000
636,55293,2013-08-30,8,288,9208.698,18,11,0.000000,9123.138000,67.038000,0.000000,18.522000
1976,55294,2013-08-30,3,277,34117.389,229,41,0.002926,24988.068000,4479.090000,2844.324924,1805.906108
1388,55295,2013-08-30,1,284,9377.4689,61,12,0.001666,8440.134000,550.704000,363.338908,23.292000
1100,55296,2013-08-30,4,275,2178.54,4,3,0.000000,1430.442000,748.098000,0.000000,0.000000
1840,55297,2013-08-30,6,289,77394.5591,342,66,0.002121,55082.094000,17506.238936,3678.476040,1127.750108
614,55298,2013-08-30,4,274,1946.022,8,3,0.000000,890.820000,1055.202000,0.000000,0.000000
1888,55299,2013-08-30,1,280,54459.504,101,36,0.000000,51379.272000,2949.456000,58.776000,72.000000
550,55300,2013-08-30,9,286,27486.99,45,28,0.000000,25291.332000,2195.658000,0.000000,0.000000
692,55301,2013-08-30,2,277,46412.8153,250,57,0.002456,31310.220000,10953.846000,3195.685293,953.064000
392,55302,2013-08-30,3,277,11532.702,39,14,0.000000,11129.310000,158.730000,227.916000,16.746000
662,55303,2013-08-30,4,275,62744.624,102,25,0.000800,54075.296024,8636.964000,32.364000,0.000000
1918,55304,2013-08-30,5,279,672.294,1,1,0.000000,672.294000,0.000000,0.000000,0.000000
1198,55305,2013-08-30,8,288,26517.84,56,19,0.000000,25724.832000,442.740000,329.274000,20.994000
1072,55306,2013-08-30,8,288,1022.13,9,4,0.000000,0.000000,978.048000,44.082000,0.000000
688,55307,2013-08-30,9,286,11888.988,20,11,0.000000,11593.368000,295.620000,0.000000,0.000000
1162,55308,2013-08-30,6,289,1628.958,7,4,0.000000,1376.994000,0.000000,251.964000,0.000000
538,55309,2013-08-30,8,288,47758.7523,222,36,0.003888,37220.598000,6450.768000,2731.546000,1355.840265
496,55310,2013-08-30,4,275,9679.596,38,10,0.000000,9136.734000,72.882000,253.980000,216.000000
982,55311,2013-08-30,7,290,11548.0101,181,30,0.004333,4957.134000,2708.952000,2672.464308,1209.459792
736,55312,2013-08-30,8,288,704.688,2,2,0.000000,672.294000,0.000000,32.394000,0.000000
366,55313,2013-08-30,5,279,3844.1711,18,7,0.002857,3385.776000,381.192000,56.209076,20.994000
684,55314,2013-08-30,3,275,7556.874,21,5,0.000000,6884.970000,0.000000,671.904000,0.000000
1146,55315,2013-08-30,4,276,3589.794,3,2,0.000000,3589.794000,0.000000,0.000000,0.000000
996,55316,2013-08-30,8,288,144.00,2,1,0.000000,0.000000,0.000000,0.000000,144.000000
1154,55317,2013-08-30,7,290,468.66,4,2,0.000000,0.000000,468.660000,0.000000,0.000000
574,55318,2013-08-30,1,283,696.582,3,2,0.000000,647.988000,48.594000,0.000000,0.000000
1256,55319,2013-08-30,4,275,475.29,3,1,0.000000,0.000000,475.290000,0.000000,0.000000
1072,55320,2013-08-30,8,288,1647.0196,6,5,0.000000,563.752800,1083.266800,0.000000,0.000000
736,55321,2013-08-30,8,288,1427.592,4,1,0.000000,0.000000,1427.592000,0.000000,0.000000
1414,55322,2013-08-30,4,281,27947.5878,224,34,0.006176,22622.886000,944.592000,2772.578300,1607.531476
534,55323,2013-08-30,10,282,38534.6325,241,39,0.004358,28365.504000,5559.576000,2685.627400,1923.925099
954,55324,2013-08-30,3,276,30922.3537,230,38,0.006578,24064.482000,2882.826000,2462.329981,1512.715681
858,55325,2013-08-30,1,284,47522.982,61,17,0.000000,40042.026000,7480.956000,0.000000,0.000000
666,55326,2013-08-30,9,286,1118.52,23,5,0.000000,0.000000,589.422000,529.098000,0.000000
1054,55327,2013-08-30,9,286,1430.442,1,1,0.000000,1430.442000,0.000000,0.000000,0.000000
792,55328,2013-08-30,5,279,31837.456,226,41,0.003902,22598.472000,4722.990000,2891.219842,1624.774151
772,55329,2013-08-30,2,277,1336.23,3,1,0.000000,1336.230000,0.000000,0.000000,0.000000
1948,55330,2013-08-30,2,277,3430.62,6,4,0.000000,2753.988000,676.632000,0.000000,0.000000
326,55331,2013-08-30,5,279,31319.184,64,28,0.000000,25462.002000,5521.230000,335.952000,0.000000
1420,57012,2013-09-30,8,288,79548.7562,256,49,0.002040,61115.172408,15154.254000,2057.432468,1221.897360
608,57013,2013-09-30,6,289,5885.922,13,5,0.000000,5507.976000,0.000000,377.946000,0.000000
1232,57014,2013-09-30,10,282,48.594,1,1,0.000000,0.000000,48.594000,0.000000,0.000000
1332,57015,2013-09-30,3,277,33608.064,90,35,0.000000,21719.856000,11510.262000,377.946000,0.000000
412,57016,2013-09-30,6,278,4937.514,32,14,0.000000,4058.070000,121.482000,609.192000,148.770000
1182,57017,2013-09-30,5,279,27729.582,50,22,0.000000,26737.086000,913.956000,78.540000,0.000000
810,57018,2013-09-30,10,282,1512.762,3,2,0.000000,1457.820000,54.942000,0.000000,0.000000
1276,57019,2013-09-30,6,289,24430.38,40,24,0.000000,23483.178000,947.202000,0.000000,0.000000
830,57020,2013-09-30,8,288,672.294,1,1,0.000000,672.294000,0.000000,0.000000,0.000000
490,57021,2013-09-30,6,289,221.946,9,4,0.000000,0.000000,0.000000,221.946000,0.000000
732,57022,2013-09-30,6,289,3453.57,35,15,0.000000,2689.176000,233.238000,295.416000,235.740000
622,57023,2013-09-30,6,278,34355.60,220,32,0.006562,22155.977675,8268.102000,2397.747526,1533.772815
1940,57024,2013-09-30,6,278,27089.358,114,37,0.000000,24090.498000,688.998000,886.974000,1422.888000
1320,57025,2013-09-30,1,276,338.994,1,1,0.000000,338.994000,0.000000,0.000000,0.000000
1230,57026,2013-09-30,1,284,30381.57,128,44,0.000000,23672.466000,4639.680000,1051.632000,1017.792000
364,57027,2013-09-30,5,279,7251.522,26,8,0.000000,6447.558000,24.294000,347.670000,432.000000
1396,57028,2013-09-30,7,290,7909.992,29,9,0.000000,6884.970000,0.000000,593.022000,432.000000
1134,57029,2013-09-30,4,276,5558.423,40,11,0.004545,5329.740000,72.888000,127.732950,28.062000
1424,57030,2013-09-30,1,283,63339.258,186,47,0.000000,38870.754000,23571.936000,896.568000,0.000000
1412,57031,2013-09-30,1,284,1001.982,3,2,0.000000,1001.982000,0.000000,0.000000,0.000000
410,57032,2013-09-30,9,286,18243.51,26,12,0.000000,18044.046000,63.900000,135.564000,0.000000
1814,57033,2013-09-30,4,276,12.144,1,1,0.000000,0.000000,12.144000,0.000000,0.000000
1992,57034,2013-09-30,4,275,76571.586,180,41,0.000000,72978.540000,1541.892000,1275.012000,776.142000
556,57035,2013-09-30,4,281,2936.898,38,13,0.000000,2316.570000,74.508000,466.056000,79.764000
1290,57036,2013-09-30,1,276,37891.884,69,27,0.000000,31632.966000,5754.990000,503.928000,0.000000
1858,57037,2013-09-30,3,275,40438.7655,118,40,0.000500,28853.190000,10965.300000,620.275476,0.000000
746,57038,2013-09-30,3,277,5728.0108,43,8,0.006250,5378.352000,121.470000,228.188775,0.000000
414,57039,2013-09-30,5,279,2679.402,37,10,0.000000,1376.994000,0.000000,1149.426000,152.982000
360,57040,2013-09-30,3,277,2225.622,12,5,0.000000,0.000000,2225.622000,0.000000,0.000000
374,57041,2013-09-30,3,275,63878.778,67,20,0.000000,58664.286000,5214.492000,0.000000,0.000000
1944,57042,2013-09-30,4,276,39988.776,61,26,0.000000,38327.778000,1612.452000,48.546000,0.000000
946,57043,2013-09-30,7,290,6917.442,12,8,0.000000,6829.254000,88.188000,0.000000,0.000000
1028,57044,2013-09-30,1,283,3510.786,23,8,0.000000,2753.988000,0.000000,540.798000,216.000000
1304,57045,2013-09-30,1,284,49178.526,62,20,0.000000,46061.730000,3102.102000,14.694000,0.000000
1970,57046,2013-09-30,1,276,73114.151,368,67,0.003134,46355.118000,21341.076000,3513.013441,1904.943560
1828,57047,2013-09-30,6,289,48.594,1,1,0.000000,0.000000,48.594000,0.000000,0.000000
508,57048,2013-09-30,7,290,24.294,1,1,0.000000,0.000000,24.294000,0.000000,0.000000
1900,57049,2013-09-30,3,281,785.958,3,2,0.000000,0.000000,785.958000,0.000000,0.000000
1380,57050,2013-09-30,7,290,4550.922,13,3,0.000000,4130.982000,0.000000,419.940000,0.000000
1962,57051,2013-09-30,7,290,75145.2966,289,46,0.005000,58234.326400,12312.012000,2565.437250,2033.520928
1480,57052,2013-09-30,3,275,417.774,25,7,0.000000,0.000000,0.000000,339.786000,77.988000
1486,57053,2013-09-30,7,290,7519.392,18,6,0.000000,7419.540000,72.882000,26.970000,0.000000
482,57054,2013-09-30,7,290,93077.7178,129,30,0.002333,86359.859805,6620.676000,97.182000,0.000000
1210,57055,2013-09-30,7,290,33674.778,54,22,0.000000,33265.794000,361.062000,43.152000,4.770000
1142,57056,2013-09-30,7,287,2305.386,25,7,0.000000,1376.994000,0.000000,712.392000,216.000000
1394,57057,2013-09-30,6,289,5359.5926,33,8,0.006250,4130.982000,0.000000,940.610625,288.000000
1894,57058,2013-09-30,7,287,21595.368,44,27,0.000000,20689.128000,891.546000,14.694000,0.000000
456,57059,2013-09-30,9,285,2860.884,2,2,0.000000,2860.884000,0.000000,0.000000,0.000000
634,57060,2013-09-30,2,277,3148.446,9,4,0.000000,3061.782000,72.882000,10.788000,2.994000
808,57061,2013-09-30,7,290,74298.5404,342,65,0.002461,42917.124000,26459.202000,2989.144242,1933.070192
1254,57062,2013-09-30,4,276,62739.666,101,24,0.000000,61534.074000,1130.076000,75.516000,0.000000
1868,57063,2013-09-30,2,277,477.582,6,3,0.000000,338.994000,24.288000,114.300000,0.000000
988,57064,2013-09-30,5,279,8436.516,32,11,0.000000,8067.528000,306.132000,48.546000,14.310000
1422,57065,2013-09-30,2,277,34038.2273,271,55,0.004000,21005.850000,8506.326000,2994.622050,1531.429200
532,57066,2013-09-30,8,288,3791.0964,18,8,0.000000,3382.516800,83.298100,325.281500,0.000000
834,57067,2013-09-30,8,288,35714.1622,282,58,0.004137,18581.874000,12582.606000,2817.595900,1732.086309
1958,57068,2013-09-30,7,290,33186.846,91,39,0.000000,23360.844000,9448.056000,377.946000,0.000000
532,57069,2013-09-30,8,288,6673.044,36,11,0.000000,5750.958000,48.588000,585.498000,288.000000
970,57070,2013-09-30,6,278,18136.95,32,12,0.000000,15559.986000,2576.964000,0.000000,0.000000
332,57071,2013-09-30,6,278,595.338,3,3,0.000000,0.000000,595.338000,0.000000,0.000000
620,57072,2013-09-30,5,279,2639.382,5,4,0.000000,1001.982000,1637.400000,0.000000,0.000000
1476,57073,2013-09-30,6,289,5969.91,15,4,0.000000,5507.976000,0.000000,461.934000,0.000000
476,57074,2013-09-30,5,279,37420.698,56,19,0.000000,30150.522000,7270.176000,0.000000,0.000000
1866,57075,2013-09-30,9,286,50982.798,66,20,0.000000,41458.032000,9458.778000,0.000000,65.988000
832,57076,2013-09-30,2,277,26696.46,45,21,0.000000,22914.234000,3771.438000,10.788000,0.000000
900,57077,2013-09-30,4,276,900.204,23,5,0.000000,0.000000,0.000000,900.204000,0.000000
420,57078,2013-09-30,8,288,158.43,1,1,0.000000,0.000000,158.430000,0.000000,0.000000
948,57079,2013-09-30,6,289,10319.886,24,7,0.000000,9638.958000,0.000000,320.928000,360.000000
1220,57080,2013-09-30,10,282,46675.7715,165,48,0.002083,38647.548000,5210.820000,1983.013500,834.390000
766,57081,2013-09-30,5,279,2901.234,11,5,0.000000,2711.952000,105.294000,83.988000,0.000000
562,57082,2013-09-30,6,278,23983.704,54,20,0.000000,20621.970000,2922.594000,334.170000,104.970000
602,57083,2013-09-30,10,282,28881.966,114,34,0.000000,25846.254000,1411.632000,873.108000,750.972000
356,57084,2013-09-30,6,278,323.994,1,1,0.000000,323.994000,0.000000,0.000000,0.000000
816,57085,2013-09-30,4,281,26886.474,124,36,0.000000,23141.112000,1781.490000,1023.942000,939.930000
962,57086,2013-09-30,7,290,50012.2575,256,58,0.001034,37117.854000,8697.384000,2807.923524,1389.096000
1462,57087,2013-09-30,2,277,19598.028,55,20,0.000000,18557.154000,258.738000,531.528000,250.608000
1030,57088,2013-09-30,5,279,29123.8334,133,37,0.000540,24153.366000,2742.870000,1342.363400,885.234000
650,57089,2013-09-30,5,279,672.294,1,1,0.000000,672.294000,0.000000,0.000000,0.000000
1438,57090,2013-09-30,1,284,41.994,1,1,0.000000,0.000000,0.000000,41.994000,0.000000
1856,57091,2013-09-30,2,277,6032.862,20,10,0.000000,3488.658000,2544.204000,0.000000,0.000000
1864,57092,2013-09-30,6,278,32.394,1,1,0.000000,0.000000,32.394000,0.000000,0.000000
1200,57093,2013-09-30,6,289,38991.894,139,41,0.000000,33872.904000,2921.994000,1405.824000,791.172000
1400,57094,2013-09-30,7,290,4592.916,14,4,0.000000,4130.982000,0.000000,461.934000,0.000000
1988,57095,2013-09-30,6,289,1466.01,1,1,0.000000,1466.010000,0.000000,0.000000,0.000000
1192,57096,2013-09-30,6,289,713.796,2,1,0.000000,0.000000,713.796000,0.000000,0.000000
1238,57097,2013-09-30,6,278,35695.74,122,35,0.000000,33573.216000,195.990000,1251.984000,674.550000
1052,57098,2013-09-30,2,277,4667.6461,44,14,0.001428,0.000000,3730.536000,937.110108,0.000000
656,57099,2013-09-30,1,280,53919.8993,211,40,0.002000,37315.674000,13276.626000,2243.291992,1084.307268
986,57100,2013-09-30,6,289,1117.332,32,8,0.000000,0.000000,0.000000,1045.332000,72.000000
344,57101,2013-09-30,2,277,2568.882,12,5,0.000000,1020.594000,1489.512000,58.776000,0.000000
454,57102,2013-09-30,2,277,323.994,1,1,0.000000,323.994000,0.000000,0.000000,0.000000
708,57103,2013-09-30,6,278,17844.474,40,17,0.000000,16814.970000,237.588000,425.928000,365.988000
1456,57104,2013-09-30,5,279,5741.6651,39,12,0.001666,5054.358000,72.882000,398.425076,216.000000
1032,57105,2013-09-30,1,276,110050.8354,213,42,0.003809,98251.241625,10474.980000,1303.619742,20.994000
1924,57106,2013-09-30,5,277,1866.858,15,6,0.000000,647.988000,924.912000,293.958000,0.000000
554,57107,2013-09-30,5,279,4291.326,3,1,0.000000,4291.326000,0.000000,0.000000,0.000000
1310,57108,2013-09-30,5,279,338.994,1,1,0.000000,338.994000,0.000000,0.000000,0.000000
498,57109,2013-09-30,1,284,5639.352,8,4,0.000000,5507.976000,0.000000,131.376000,0.000000
992,57110,2013-09-30,1,283,5775.252,8,4,0.000000,5750.958000,24.294000,0.000000,0.000000
1482,57111,2013-09-30,1,274,4424.94,10,4,0.000000,4130.982000,0.000000,293.958000,0.000000
728,57112,2013-09-30,2,277,232.692,10,4,0.000000,0.000000,97.188000,119.976000,15.528000
494,57113,2013-09-30,3,275,4465.518,11,4,0.000000,1466.010000,2999.508000,0.000000,0.000000
1936,57114,2013-09-30,2,277,202.332,1,1,0.000000,0.000000,202.332000,0.000000,0.000000
1116,57115,2013-09-30,10,282,323.994,1,1,0.000000,323.994000,0.000000,0.000000,0.000000
1094,57116,2013-09-30,3,275,202.332,1,1,0.000000,0.000000,202.332000,0.000000,0.000000
1434,57117,2013-09-30,2,277,202.332,1,1,0.000000,0.000000,202.332000,0.000000,0.000000
1362,57118,2013-09-30,5,279,30219.69,84,35,0.000000,19340.880000,10528.164000,350.646000,0.000000
1384,57119,2013-09-30,7,290,7317.648,33,15,0.000000,6639.966000,130.938000,531.216000,15.528000
1236,57120,2013-09-30,6,289,28637.52,131,41,0.000000,20045.832000,6389.502000,1216.008000,986.178000
1266,57121,2013-09-30,3,276,51377.0302,154,39,0.001025,48881.910000,306.126000,1227.338152,961.656000
794,57122,2013-09-30,6,278,27643.136,200,36,0.005000,21011.148000,2572.866000,2420.914216,1638.207792
846,57123,2013-09-30,2,277,4973.772,6,4,0.000000,1466.010000,3507.762000,0.000000,0.000000
348,57124,2013-09-30,3,276,2783.988,2,1,0.000000,2783.988000,0.000000,0.000000,0.000000
1316,57125,2013-09-30,2,277,18230.4641,203,25,0.010800,12895.116000,428.958000,3227.830124,1678.560000
1350,57126,2013-09-30,5,279,25592.358,37,15,0.000000,15640.422000,9935.754000,16.182000,0.000000
796,57127,2013-09-30,9,286,25600.722,42,17,0.000000,21122.460000,4445.868000,32.394000,0.000000
976,57128,2013-09-30,4,275,40829.652,103,39,0.000000,25661.226000,14748.486000,419.940000,0.000000
540,57129,2013-09-30,3,277,805.788,4,2,0.000000,677.988000,127.800000,0.000000,0.000000
838,57130,2013-09-30,1,283,28682.652,50,20,0.000000,19109.718000,9572.934000,0.000000,0.000000
1874,57131,2013-09-30,4,281,30407.592,46,25,0.000000,28476.036000,1931.556000,0.000000,0.000000
582,57132,2013-09-30,8,288,40456.9125,223,36,0.005277,29690.676000,7023.720000,2562.410800,1180.105668
378,57133,2013-09-30,8,288,18144.66,26,9,0.000000,17895.078000,0.000000,249.582000,0.000000
1946,57134,2013-09-30,4,275,32632.896,60,23,0.000000,29102.268000,3455.112000,75.516000,0.000000
536,57135,2013-09-30,1,284,5649.528,14,6,0.000000,5521.728000,127.800000,0.000000,0.000000
600,57136,2013-09-30,1,274,86381.381,214,39,0.001282,81466.962000,3068.400000,1150.870950,695.148000
372,57137,2013-09-30,4,275,33951.63,151,52,0.000000,26718.996000,5009.328000,1597.230000,626.076000
1214,57138,2013-09-30,4,276,25527.645,79,19,0.005263,20714.910000,3307.950000,1504.785000,0.000000
958,57139,2013-09-30,4,276,5927.946,13,6,0.000000,3661.158000,2266.788000,0.000000,0.000000
604,57140,2013-09-30,2,277,583.68,26,7,0.000000,0.000000,0.000000,439.680000,144.000000
422,57141,2013-09-30,2,277,43072.692,68,25,0.000000,29167.452000,13899.846000,5.394000,0.000000
1478,57142,2013-09-30,4,276,905.88,30,6,0.000000,0.000000,48.588000,281.292000,576.000000
1300,57143,2013-09-30,7,290,93397.7361,128,29,0.002068,63465.686796,29867.261328,64.788000,0.000000
370,57144,2013-09-30,4,276,31328.4204,160,48,0.000416,23385.108000,5343.372000,1949.900424,650.040000
848,57145,2013-09-30,4,275,44595.30,100,42,0.000000,31013.802000,12993.582000,587.916000,0.000000
890,57146,2013-09-30,2,277,818.70,1,1,0.000000,0.000000,818.700000,0.000000,0.000000
706,57147,2013-09-30,9,286,5078.61,26,9,0.000000,4130.982000,0.000000,659.628000,288.000000
546,57148,2013-09-30,3,275,5324.208,22,10,0.000000,4346.922000,977.286000,0.000000,0.000000
1164,57149,2013-09-30,5,279,10780.338,36,11,0.000000,9638.958000,0.000000,850.386000,290.994000
1262,57150,2013-09-30,7,290,122285.724,185,36,0.000000,114404.310000,7881.414000,0.000000,0.000000
822,57151,2013-09-30,1,283,2025.24,3,3,0.000000,1466.010000,559.230000,0.000000,0.000000
1056,57152,2013-09-30,6,278,6126.342,16,11,0.000000,4412.940000,1713.402000,0.000000,0.000000
1838,57153,2013-09-30,4,276,6236.76,9,7,0.000000,4948.902000,1287.858000,0.000000,0.000000
580,57154,2013-09-30,6,289,40467.3232,212,37,0.002972,26115.318000,10233.312000,2853.197224,1265.496000
428,57155,2013-09-30,6,278,6609.3206,40,10,0.005000,5507.976000,0.000000,1023.356625,77.988000
1926,57156,2013-09-30,8,288,2159.352,2,2,0.000000,2159.352000,0.000000,0.000000,0.000000
474,57157,2013-09-30,4,281,30687.702,68,25,0.000000,17131.344000,13431.036000,59.334000,65.988000
1090,57158,2013-09-30,5,279,1331.802,8,3,0.000000,0.000000,1273.026000,58.776000,0.000000
1130,57159,2013-09-30,6,289,5872.614,7,3,0.000000,2860.884000,3011.730000,0.000000,0.000000
1982,57160,2013-09-30,1,284,28744.962,50,20,0.000000,27563.448000,1111.392000,70.122000,0.000000
780,57161,2013-09-30,6,289,28746.594,67,26,0.000000,21893.640000,6477.528000,371.304000,4.122000
1202,57162,2013-09-30,5,279,26225.94,63,32,0.000000,21208.320000,4933.632000,83.988000,0.000000
1068,57163,2013-09-30,1,283,149.874,1,1,0.000000,0.000000,149.874000,0.000000,0.000000
1450,57164,2013-09-30,2,277,15310.32,53,13,0.000000,14490.780000,451.908000,286.092000,81.540000
524,57165,2013-09-30,3,275,158.43,1,1,0.000000,0.000000,158.430000,0.000000,0.000000
1102,57166,2013-09-30,10,282,72.162,1,1,0.000000,0.000000,72.162000,0.000000,0.000000
1292,57167,2013-09-30,1,284,728.91,1,1,0.000000,728.910000,0.000000,0.000000,0.000000
598,57168,2013-09-30,4,275,53900.4608,180,45,0.000444,47812.812000,3374.532000,1740.168824,972.948000
1136,57169,2013-09-30,4,275,323.994,1,1,0.000000,323.994000,0.000000,0.000000,0.000000
892,57170,2013-09-30,1,283,2897.376,6,3,0.000000,1016.982000,1880.394000,0.000000,0.000000
358,57171,2013-09-30,9,286,1204.692,2,1,0.000000,0.000000,1204.692000,0.000000,0.000000
338,57172,2013-09-30,4,281,6037.44,10,4,0.000000,2860.884000,3176.556000,0.000000,0.000000
1870,57173,2013-09-30,4,275,3588.678,7,4,0.000000,1781.640000,1807.038000,0.000000,0.000000
1812,57174,2013-09-30,4,275,5721.768,4,2,0.000000,5721.768000,0.000000,0.000000,0.000000
898,57175,2013-09-30,5,279,1020.594,1,1,0.000000,1020.594000,0.000000,0.000000,0.000000
368,57176,2013-09-30,1,281,2245.602,35,8,0.000000,1376.994000,0.000000,847.650000,20.958000
1088,57177,2013-09-30,8,287,1701.486,3,3,0.000000,1344.588000,356.898000,0.000000,0.000000
1140,57178,2013-09-30,10,282,3990.18,33,9,0.000000,2753.988000,0.000000,660.192000,576.000000
1802,57179,2013-09-30,10,282,8935.044,32,13,0.000000,8440.134000,328.812000,140.334000,25.764000
596,57180,2013-09-30,10,282,70336.8619,119,28,0.002500,55565.131890,14729.742000,0.000000,41.988000
1408,57181,2013-09-30,7,290,356.898,1,1,0.000000,0.000000,356.898000,0.000000,0.000000
1088,57182,2013-09-30,8,288,15.00,1,1,0.000000,0.000000,0.000000,0.000000,15.000000
1272,57183,2013-09-30,10,282,1466.01,1,1,0.000000,1466.010000,0.000000,0.000000,0.000000
1398,57184,2013-09-30,10,282,7472.886,19,5,0.000000,6884.970000,0.000000,587.916000,0.000000
1440,57185,2013-09-30,10,287,28913.67,38,13,0.000000,28408.338000,505.332000,0.000000,0.000000
1242,57186,2013-09-30,3,276,112044.8055,344,59,0.003389,86882.688000,20918.340000,3607.537500,636.240000
1464,57187,2013-09-30,9,286,18787.878,59,17,0.000000,17381.970000,118.794000,987.138000,299.976000
1252,57188,2013-09-30,6,289,28343.34,68,31,0.000000,22841.220000,4998.192000,503.928000,0.000000
436,57189,2013-09-30,9,286,1466.01,1,1,0.000000,1466.010000,0.000000,0.000000,0.000000
1024,57190,2013-09-30,5,279,7405.398,8,6,0.000000,7341.498000,63.900000,0.000000,0.000000
1804,58901,2013-10-30,1,284,1462.836,2,2,0.000000,1430.442000,0.000000,32.394000,0.000000
1076,58902,2013-10-30,8,288,291.588,2,2,0.000000,0.000000,291.588000,0.000000,0.000000
328,58903,2013-10-30,2,277,3614.46,14,5,0.000000,1457.820000,2156.640000,0.000000,0.000000
1876,58904,2013-10-30,1,283,785.958,3,2,0.000000,0.000000,785.958000,0.000000,0.000000
1984,58905,2013-10-30,10,282,43152.291,88,28,0.003571,37947.648000,4382.766000,818.883000,2.994000
516,58906,2013-10-30,3,281,43451.70,129,40,0.000000,38654.742000,3130.050000,1198.620000,468.288000
294,58907,2013-10-30,4,276,28413.4274,130,42,0.000476,24535.908000,1325.178000,1597.381400,954.960000
856,58908,2013-10-30,10,287,71774.1812,245,45,0.002444,55561.950000,12991.908000,2084.306152,1136.017058
1336,58909,2013-10-30,4,276,73605.9574,261,46,0.004130,58192.792616,11240.118000,2295.466800,1877.580000
612,58910,2013-10-30,1,283,36336.306,79,30,0.000000,24863.856000,11052.510000,419.940000,0.000000
812,58911,2013-10-30,6,289,27499.866,44,20,0.000000,26291.670000,1186.620000,21.576000,0.000000
1274,58912,2013-10-30,7,290,323.994,1,1,0.000000,323.994000,0.000000,0.000000,0.000000
998,58913,2013-10-30,6,289,8387.946,9,4,0.000000,8261.964000,0.000000,125.982000,0.000000
648,58914,2013-10-30,6,289,69894.042,109,29,0.000000,64813.788000,4950.144000,130.110000,0.000000
1038,58915,2013-10-30,9,285,27568.494,127,46,0.000000,23105.466000,2564.082000,944.196000,954.750000
1966,58916,2013-10-30,1,284,19078.47,24,11,0.000000,16490.982000,2576.700000,10.788000,0.000000
802,58917,2013-10-30,1,284,6260.85,29,13,0.000000,5750.958000,48.588000,314.310000,146.994000
828,58918,2013-10-30,6,289,61161.9757,338,65,0.002461,38944.860000,17622.326112,3115.057542,1479.732000
696,58919,2013-10-30,4,276,52370.7113,65,21,0.000952,43503.785268,8866.926000,0.000000,0.000000
984,58920,2013-10-30,10,282,84413.16,276,47,0.003829,69485.064433,11002.632000,2394.430026,1531.033584
382,58921,2013-10-30,3,277,34435.056,63,24,0.000000,32739.228000,1616.406000,79.422000,0.000000
1950,58922,2013-10-30,9,286,27159.4908,121,38,0.000526,24252.408000,428.088000,1113.100800,1365.894000
1216,58923,2013-10-30,4,275,37.254,1,1,0.000000,0.000000,37.254000,0.000000,0.000000
394,58924,2013-10-30,5,279,26653.374,59,32,0.000000,22025.358000,4551.552000,73.470000,2.994000
1928,58925,2013-10-30,6,278,24805.836,44,25,0.000000,23806.998000,998.838000,0.000000,0.000000
1324,58926,2013-10-30,7,290,25086.474,73,27,0.000000,15221.934000,9528.588000,335.952000,0.000000
1830,58927,2013-10-30,7,290,43977.8958,223,44,0.002954,33256.001308,7313.688000,1868.571500,1539.634944
1994,58928,2013-10-30,3,275,35758.356,141,46,0.000000,27971.766000,5489.400000,1526.502000,770.688000
510,58929,2013-10-30,6,289,2902.908,17,6,0.000000,1016.982000,1885.926000,0.000000,0.000000
324,58930,2013-10-30,6,289,39133.98,74,31,0.000000,34950.330000,3805.704000,377.946000,0.000000
300,58931,2013-10-30,9,286,49053.4638,253,53,0.003018,39732.012000,5401.548000,2502.373658,1417.530108
464,58932,2013-10-30,6,278,71891.3168,244,41,0.004146,62665.690044,5046.024000,2120.135876,2059.466891
938,58933,2013-10-30,1,284,1279.29,4,2,0.000000,672.294000,606.996000,0.000000,0.000000
1370,58934,2013-10-30,9,286,11375.316,45,18,0.000000,10365.156000,182.694000,365.628000,461.838000
1204,58935,2013-10-30,4,281,1414.752,11,6,0.000000,0.000000,1345.188000,69.564000,0.000000
1442,58936,2013-10-30,7,290,445.41,1,1,0.000000,445.410000,0.000000,0.000000,0.000000
1490,58937,2013-10-30,4,276,4557.378,11,7,0.000000,4480.614000,0.000000,64.788000,11.976000
886,58938,2013-10-30,6,289,3482.85,5,5,0.000000,1692.888000,1789.962000,0.000000,0.000000
1166,58939,2013-10-30,6,278,890.82,2,2,0.000000,890.820000,0.000000,0.000000,0.000000
764,58940,2013-10-30,1,281,15345.36,69,24,0.000000,5507.976000,9501.432000,335.952000,0.000000
658,58941,2013-10-30,10,282,564.624,3,3,0.000000,0.000000,559.230000,5.394000,0.000000
1932,58942,2013-10-30,4,276,2632.236,6,3,0.000000,1466.010000,1166.226000,0.000000,0.000000
1842,58943,2013-10-30,7,290,59860.276,105,20,0.002000,53809.180048,6029.520000,21.576000,0.000000
1188,58944,2013-10-30,3,277,35616.8319,164,46,0.000869,28818.978000,3627.294000,2404.641900,765.918000
994,58945,2013-10-30,2,277,3333.672,4,4,0.000000,3333.672000,0.000000,0.000000,0.000000
824,58946,2013-10-30,1,281,40802.2349,78,26,0.000769,33996.476880,6791.772000,0.000000,13.986000
408,58947,2013-10-30,9,286,1807.038,3,2,0.000000,0.000000,1807.038000,0.000000,0.000000
1042,58948,2013-10-30,9,286,25386.132,115,39,0.000000,22848.480000,438.714000,1373.778000,725.160000
1798,58949,2013-10-30,6,289,7388.898,17,4,0.000000,6884.970000,0.000000,503.928000,0.000000
786,58950,2013-10-30,2,277,70286.7015,128,28,0.003571,57680.491525,12527.670000,78.540000,0.000000
446,58951,2013-10-30,8,288,32797.2657,172,43,0.001627,24494.790000,4812.204000,2658.491742,831.780000
1178,58952,2013-10-30,8,288,4335.264,9,4,0.000000,0.000000,4335.264000,0.000000,0.000000
512,58953,2013-10-30,6,278,8181.12,52,19,0.000000,6050.646000,1156.536000,604.956000,368.982000
740,58954,2013-10-30,5,279,323.994,1,1,0.000000,323.994000,0.000000,0.000000,0.000000
380,58955,2013-10-30,6,289,5721.768,4,2,0.000000,5721.768000,0.000000,0.000000,0.000000
1352,58956,2013-10-30,6,278,50668.986,69,20,0.000000,45386.946000,5282.040000,0.000000,0.000000
1040,58957,2013-10-30,6,278,33327.266,74,30,0.001666,28762.296000,3864.720000,700.249950,0.000000
618,58958,2013-10-30,6,289,56647.6403,262,41,0.007560,43901.748000,7714.782000,3083.386491,1947.723792
1260,58959,2013-10-30,10,282,28762.3485,97,32,0.003125,22581.102000,4896.234000,1285.012500,0.000000
1472,58960,2013-10-30,10,282,5801.934,11,4,0.000000,5507.976000,0.000000,293.958000,0.000000
442,58961,2013-10-30,1,283,55710.618,154,46,0.000000,52092.882000,1597.452000,1255.002000,765.282000
1084,58962,2013-10-30,1,280,56579.796,89,34,0.000000,53984.034000,2595.762000,0.000000,0.000000
472,58963,2013-10-30,1,280,77475.2281,220,50,0.000400,52273.416000,23898.402000,1202.268108,101.142000
398,58964,2013-10-30,4,275,218.454,1,1,0.000000,0.000000,218.454000,0.000000,0.000000
758,58965,2013-10-30,8,288,12647.652,20,11,0.000000,6220.680000,6416.184000,10.788000,0.000000
1004,58966,2013-10-30,1,283,2321.262,3,3,0.000000,2321.262000,0.000000,0.000000,0.000000
1880,58967,2013-10-30,8,288,105.294,1,1,0.000000,0.000000,105.294000,0.000000,0.000000
1474,58968,2013-10-30,7,287,13938.87,16,9,0.000000,13792.176000,0.000000,146.694000,0.000000
1114,58969,2013-10-30,7,290,9700.302,47,10,0.000000,8261.964000,0.000000,769.380000,668.958000
296,58970,2013-10-30,3,275,27951.6011,78,25,0.000800,24679.932000,2745.480000,526.189076,0.000000
480,58971,2013-10-30,5,279,37323.8223,197,42,0.002380,22403.070000,11177.178000,2231.180500,1512.393784
928,58972,2013-10-30,6,289,80691.0075,242,50,0.003000,64086.462000,13096.944000,2675.125500,832.476000
864,58973,2013-10-30,6,289,16.182,3,1,0.000000,0.000000,0.000000,16.182000,0.000000
798,58974,2013-10-30,5,277,34640.0564,227,36,0.003611,22589.037476,8339.262000,2387.657450,1324.099476
1296,58975,2013-10-30,4,276,33623.778,86,33,0.000000,22409.880000,10835.952000,377.946000,0.000000
544,58976,2013-10-30,2,277,10376.3682,76,20,0.002500,9088.122000,244.578000,663.928225,379.740000
990,58977,2013-10-30,4,281,10074.06,12,10,0.000000,9946.260000,127.800000,0.000000,0.000000
1816,58978,2013-10-30,6,278,7449.3398,20,5,0.004000,6884.970000,0.000000,561.375792,2.994000
316,58979,2013-10-30,4,281,21423.324,42,23,0.000000,20338.794000,1084.530000,0.000000,0.000000
626,58980,2013-10-30,6,289,97647.72,127,30,0.000000,81201.888000,16381.044000,64.788000,0.000000
1322,58981,2013-10-30,6,289,38380.9856,256,55,0.002363,22667.856000,11661.666600,2695.777708,1355.685292
776,58982,2013-10-30,4,281,21305.646,27,14,0.000000,19552.764000,1742.094000,10.788000,0.000000
312,58983,2013-10-30,6,289,818.70,1,1,0.000000,0.000000,818.700000,0.000000,0.000000
682,58984,2013-10-30,4,276,18959.586,24,11,0.000000,18785.898000,173.688000,0.000000,0.000000
1368,58985,2013-10-30,6,278,3067.068,6,4,0.000000,2689.176000,356.898000,0.000000,20.994000
342,58986,2013-10-30,4,275,356.898,1,1,0.000000,0.000000,356.898000,0.000000,0.000000
910,58987,2013-10-30,5,279,9709.998,16,10,0.000000,9500.850000,194.838000,0.000000,14.310000
1376,58988,2013-10-30,4,276,4878.75,25,10,0.000000,4681.752000,121.482000,75.516000,0.000000
826,58989,2013-10-30,5,279,6632.886,10,7,0.000000,3507.198000,3125.688000,0.000000,0.000000
566,58990,2013-10-30,6,289,1430.442,1,1,0.000000,1430.442000,0.000000,0.000000,0.000000
1808,58991,2013-10-30,1,276,1920.486,9,5,0.000000,1781.640000,134.076000,0.000000,4.770000
1014,58992,2013-10-30,4,281,3768.12,34,11,0.000000,2753.988000,0.000000,927.162000,86.970000
1080,58993,2013-10-30,5,279,27721.368,43,27,0.000000,25871.274000,1850.094000,0.000000,0.000000
806,58994,2013-10-30,6,289,24.288,2,1,0.000000,0.000000,24.288000,0.000000,0.000000
1082,58995,2013-10-30,4,281,35834.142,64,25,0.000000,33403.182000,2358.420000,72.540000,0.000000
672,58996,2013-10-30,3,275,35390.406,53,21,0.000000,34901.838000,418.446000,70.122000,0.000000
676,58997,2013-10-30,9,286,762.174,25,7,0.000000,0.000000,0.000000,540.186000,221.988000
694,58998,2013-10-30,4,275,356.898,1,1,0.000000,0.000000,356.898000,0.000000,0.000000
1218,58999,2013-10-30,1,284,1142.856,4,2,0.000000,0.000000,1142.856000,0.000000,0.000000
854,59000,2013-10-30,7,290,72.876,1,1,0.000000,0.000000,72.876000,0.000000,0.000000
384,59001,2013-10-30,9,286,1021.536,6,3,0.000000,728.910000,292.626000,0.000000,0.000000
1340,59002,2013-10-30,6,278,404.664,2,2,0.000000,0.000000,404.664000,0.000000,0.000000
1444,59003,2013-10-30,6,289,3788.304,25,6,0.000000,3061.782000,72.882000,509.640000,144.000000
1342,59004,2013-10-30,9,286,1391.994,1,1,0.000000,1391.994000,0.000000,0.000000,0.000000
872,59005,2013-10-30,3,275,16.272,1,1,0.000000,0.000000,16.272000,0.000000,0.000000
298,59006,2013-10-30,2,277,3683.94,10,4,0.000000,3431.976000,0.000000,251.964000,0.000000
1074,59007,2013-10-30,2,277,1142.856,4,2,0.000000,0.000000,1142.856000,0.000000,0.000000
1284,59008,2013-10-30,10,282,53598.63,84,30,0.000000,51959.214000,1639.416000,0.000000,0.000000
1148,59009,2013-10-30,3,275,37.254,1,1,0.000000,0.000000,37.254000,0.000000,0.000000
1890,59010,2013-10-30,1,284,40967.2231,152,46,0.001521,33172.272000,5244.318000,1812.927125,737.706000
642,59011,2013-10-30,4,275,33726.9563,228,33,0.008181,27377.556000,1549.068000,3221.550800,1578.781485
1248,59012,2013-10-30,2,277,52723.9762,176,52,0.000384,45212.094000,5238.606000,1413.098200,860.178000
788,59013,2013-10-30,4,275,30541.146,98,38,0.000000,19988.868000,10006.356000,545.922000,0.000000
1026,59014,2013-10-30,4,281,15380.646,47,12,0.000000,15114.462000,48.588000,200.292000,17.304000
1448,59015,2013-10-30,3,275,1502.976,4,3,0.000000,1376.994000,0.000000,125.982000,0.000000
1158,59016,2013-10-30,3,276,17744.274,35,13,0.000000,17287.758000,0.000000,456.516000,0.000000
492,59017,2013-10-30,4,276,2109.456,20,9,0.000000,1124.682000,526.758000,458.016000,0.000000
624,59018,2013-10-30,9,286,40106.82,98,33,0.000000,28271.850000,11121.072000,713.898000,0.000000
1016,59019,2013-10-30,1,283,2077.116,18,7,0.000000,1376.994000,0.000000,412.122000,288.000000
1160,59020,2013-10-30,8,288,8835.84,9,7,0.000000,8771.940000,63.900000,0.000000,0.000000
1246,59021,2013-10-30,1,280,44961.0181,87,31,0.000645,35722.266000,8511.612000,727.140108,0.000000
1852,59022,2013-10-30,6,278,1830.522,4,3,0.000000,0.000000,1830.522000,0.000000,0.000000
1278,59023,2013-10-30,4,276,34696.2614,170,49,0.000408,27319.212000,4627.026000,2197.633400,552.390000
1000,59024,2013-10-30,5,279,5047.614,5,2,0.000000,5047.614000,0.000000,0.000000,0.000000
1110,59025,2013-10-30,3,275,1047.756,2,2,0.000000,445.410000,602.346000,0.000000,0.000000
1392,59026,2013-10-30,4,276,2771.334,22,6,0.000000,2041.188000,24.294000,417.852000,288.000000
1334,59027,2013-10-30,4,275,39723.714,102,38,0.000000,30059.520000,9179.466000,484.728000,0.000000
1914,59028,2013-10-30,8,288,34591.986,129,43,0.000000,30324.510000,2273.928000,1401.072000,592.476000
1066,59029,2013-10-30,4,281,19921.8961,68,31,0.000645,14198.862000,5163.870000,559.164108,0.000000
644,59030,2013-10-30,4,276,441.918,3,2,0.000000,0.000000,441.918000,0.000000,0.000000
774,59031,2013-10-30,1,283,46448.562,56,17,0.000000,33346.440000,13102.122000,0.000000,0.000000
716,59032,2013-10-30,2,277,2748.51,15,5,0.000000,2689.176000,0.000000,59.334000,0.000000
1020,59033,2013-10-30,8,288,915.528,20,6,0.000000,0.000000,0.000000,627.528000,288.000000
526,59034,2013-10-30,4,276,411.702,12,4,0.000000,0.000000,53.526000,358.176000,0.000000
752,59035,2013-10-30,5,279,6221.874,21,5,0.000000,5507.976000,0.000000,713.898000,0.000000
506,59036,2013-10-30,4,275,1715.562,7,5,0.000000,1320.282000,356.898000,32.394000,5.988000
1132,59037,2013-10-30,6,289,692.6517,40,8,0.006250,0.000000,0.000000,326.663675,365.988000
730,59038,2013-10-30,8,288,2518.272,14,9,0.000000,2016.882000,405.492000,32.394000,63.504000
1912,59039,2013-10-30,5,277,149.874,1,1,0.000000,0.000000,149.874000,0.000000,0.000000
860,59040,2013-10-30,3,275,44500.45,56,16,0.001250,35606.524044,8893.926000,0.000000,0.000000
450,59041,2013-10-30,4,275,6784.296,16,7,0.000000,6667.344000,0.000000,116.952000,0.000000
1298,59042,2013-10-30,6,289,3684.858,14,8,0.000000,3281.346000,403.512000,0.000000,0.000000
844,59043,2013-10-30,6,289,202.332,1,1,0.000000,0.000000,202.332000,0.000000,0.000000
1250,59044,2013-10-30,8,287,63244.416,97,32,0.000000,59111.424000,4132.992000,0.000000,0.000000
350,59045,2013-10-30,9,285,3589.794,3,3,0.000000,3589.794000,0.000000,0.000000,0.000000
1092,59046,2013-10-30,4,276,559.23,2,2,0.000000,0.000000,559.230000,0.000000,0.000000
1906,59047,2013-10-30,8,288,48.594,1,1,0.000000,0.000000,48.594000,0.000000,0.000000
1960,59048,2013-10-30,10,282,338.994,1,1,0.000000,338.994000,0.000000,0.000000,0.000000
950,59049,2013-10-30,4,276,2227.386,19,4,0.000000,2041.188000,121.470000,64.728000,0.000000
1810,59050,2013-10-30,1,284,5475.534,11,6,0.000000,5378.352000,97.182000,0.000000,0.000000
1346,59051,2013-10-30,3,275,404.664,2,1,0.000000,0.000000,404.664000,0.000000,0.000000
730,59052,2013-10-30,8,288,734.79,3,2,0.000000,0.000000,713.796000,0.000000,20.994000
1020,59053,2013-10-30,8,288,396.9985,16,5,0.000000,0.000000,0.000000,396.998500,0.000000
1886,59054,2013-10-30,4,281,1558.242,3,2,0.000000,1430.442000,127.800000,0.000000,0.000000
588,59055,2013-10-30,10,282,353.976,9,3,0.000000,0.000000,0.000000,281.976000,72.000000
320,59056,2013-10-30,2,277,37.254,1,1,0.000000,0.000000,37.254000,0.000000,0.000000
638,59057,2013-10-30,3,275,2294.298,24,8,0.000000,1376.994000,0.000000,701.304000,216.000000
308,59058,2013-10-30,3,275,37209.60,97,37,0.000000,25310.550000,11437.116000,461.934000,0.000000
660,59059,2013-10-30,1,284,25137.276,45,16,0.000000,14238.450000,10898.826000,0.000000,0.000000
1910,59060,2013-10-30,1,283,923.388,2,1,0.000000,923.388000,0.000000,0.000000,0.000000
388,59061,2013-10-30,1,276,7382.2571,33,6,0.008333,7144.158000,97.176000,140.923125,0.000000
784,59062,2013-10-30,9,286,23.484,1,1,0.000000,0.000000,23.484000,0.000000,0.000000
432,59063,2013-10-30,10,282,57816.258,162,40,0.000000,54057.582000,1486.962000,1329.984000,941.730000
1844,59064,2013-10-30,10,287,71884.6078,191,46,0.000434,47752.500000,23586.185828,545.922000,0.000000
1150,59065,2013-10-30,1,284,1644.942,43,14,0.000000,647.988000,145.776000,547.650000,303.528000
1282,59066,2013-10-30,1,284,24889.164,44,26,0.000000,22848.480000,2040.684000,0.000000,0.000000
1938,59067,2013-10-30,9,286,27288.846,102,36,0.000000,25007.832000,516.192000,684.480000,1080.342000
1836,59068,2013-10-30,4,275,68640.1406,199,46,0.000434,42367.854000,25316.024576,956.262000,0.000000
654,59069,2013-10-30,5,279,323.994,1,1,0.000000,323.994000,0.000000,0.000000,0.000000
354,59070,2013-10-30,5,279,2118.996,5,3,0.000000,890.820000,1228.176000,0.000000,0.000000
814,59071,2013-10-30,5,279,56123.088,108,29,0.000000,52972.518000,3017.178000,133.392000,0.000000
1818,59072,2013-10-30,9,286,445.41,1,1,0.000000,445.410000,0.000000,0.000000,0.000000
502,59073,2013-10-30,5,279,2491.2131,24,8,0.002500,2316.570000,48.594000,121.279076,4.770000
1356,59074,2013-10-30,2,277,36682.5594,230,40,0.004250,29515.752000,3304.392000,2756.671625,1105.743792
444,59075,2013-10-30,2,277,35538.9074,139,45,0.000444,27395.928000,5845.962000,1349.323400,947.694000
734,59076,2013-10-30,5,279,4331.352,8,5,0.000000,4130.982000,0.000000,200.370000,0.000000
1046,61173,2013-11-30,5,279,29140.80,93,35,0.000000,26348.754000,1564.728000,914.286000,313.032000
1822,61174,2013-11-30,3,275,6899.304,19,7,0.000000,6747.246000,0.000000,152.058000,0.000000
940,61175,2013-11-30,10,282,25882.74,57,25,0.000000,24913.620000,346.470000,247.122000,375.528000
1432,61176,2013-11-30,8,288,1466.01,1,1,0.000000,1466.010000,0.000000,0.000000,0.000000
852,61177,2013-11-30,6,289,21131.946,52,25,0.000000,13130.934000,7833.036000,167.976000,0.000000
484,61178,2013-11-30,4,276,2689.176,4,2,0.000000,2689.176000,0.000000,0.000000,0.000000
1418,61179,2013-11-30,6,289,39248.358,68,20,0.000000,36141.684000,3091.764000,10.788000,4.122000
564,61180,2013-11-30,9,285,3490.608,4,3,0.000000,2888.262000,602.346000,0.000000,0.000000
1878,61181,2013-11-30,2,277,30500.112,54,23,0.000000,29478.372000,559.806000,461.934000,0.000000
518,61182,2013-11-30,1,283,52697.2377,130,31,0.002258,49242.240000,1768.902000,1457.771742,228.324000
558,61183,2013-11-30,1,283,32.394,1,1,0.000000,0.000000,0.000000,32.394000,0.000000
652,61184,2013-11-30,4,281,94493.6651,208,44,0.000454,86101.207140,6080.058000,1526.148000,786.252000
330,61185,2013-11-30,1,283,461.694,1,1,0.000000,461.694000,0.000000,0.000000,0.000000
592,61186,2013-11-30,6,289,32743.566,60,19,0.000000,28074.156000,4626.228000,43.182000,0.000000
1186,61187,2013-11-30,1,283,65.988,2,1,0.000000,0.000000,0.000000,0.000000,65.988000
1990,61188,2013-11-30,4,276,49123.686,69,25,0.000000,47788.614000,1335.072000,0.000000,0.000000
1050,61189,2013-11-30,3,275,61946.28,107,26,0.000000,61485.462000,72.882000,43.152000,344.784000
770,61190,2013-11-30,8,288,37202.7812,159,40,0.001750,26317.548000,8523.216000,1738.299167,623.718000
772,61191,2013-11-30,2,277,602.346,1,1,0.000000,0.000000,602.346000,0.000000,0.000000
1948,61192,2013-11-30,2,277,2783.988,2,1,0.000000,2783.988000,0.000000,0.000000,0.000000
932,61193,2013-11-30,4,275,56181.095,80,20,0.001000,55952.436000,145.764000,82.894992,0.000000
1152,61194,2013-11-30,10,282,3040.662,7,3,0.000000,2888.262000,0.000000,152.400000,0.000000
762,61195,2013-11-30,1,283,40026.1913,132,29,0.000689,35029.433308,2975.010000,1267.296000,754.452000
1430,61196,2013-11-30,6,289,28038.636,85,22,0.000000,13829.940000,13788.756000,419.940000,0.000000
876,61197,2013-11-30,8,288,12629.256,13,4,0.000000,11141.676000,1427.592000,59.988000,0.000000
876,61198,2013-11-30,8,287,323.994,1,1,0.000000,323.994000,0.000000,0.000000,0.000000
318,61199,2013-11-30,1,280,57374.4399,85,22,0.004090,54923.683268,1837.482000,590.540625,22.734000
1404,61200,2013-11-30,4,274,70731.3713,89,23,0.000869,61075.043268,9618.228000,38.100000,0.000000
684,61201,2013-11-30,3,275,1880.922,13,4,0.000000,1376.994000,0.000000,503.928000,0.000000
744,61202,2013-11-30,1,283,4424.94,10,4,0.000000,4130.982000,0.000000,293.958000,0.000000
670,61203,2013-11-30,4,274,83.988,2,1,0.000000,0.000000,0.000000,83.988000,0.000000
768,61204,2013-11-30,6,289,22748.73,128,33,0.000000,18240.822000,1788.660000,1818.324000,900.924000
568,61205,2013-11-30,5,279,377.946,9,1,0.000000,0.000000,0.000000,377.946000,0.000000
1374,61206,2013-11-30,3,275,41.994,1,1,0.000000,0.000000,0.000000,41.994000,0.000000
880,61207,2013-11-30,1,283,2186.754,2,2,0.000000,1376.994000,809.760000,0.000000,0.000000
1366,61208,2013-11-30,9,286,9311.562,7,5,0.000000,9311.562000,0.000000,0.000000,0.000000
664,61209,2013-11-30,2,277,28194.27,54,24,0.000000,26729.226000,721.122000,722.928000,20.994000
954,61210,2013-11-30,3,276,14805.5231,114,27,0.000740,11550.420000,964.716000,1667.239076,623.148000
570,61211,2013-11-30,4,281,23412.8828,69,21,0.002380,21069.726000,1082.112000,1261.044825,0.000000
630,61212,2013-11-30,4,281,8070.408,8,7,0.000000,8070.408000,0.000000,0.000000,0.000000
1138,61213,2013-11-30,1,284,7565.16,12,4,0.000000,7565.160000,0.000000,0.000000,0.000000
944,61214,2013-11-30,10,282,4706.058,7,6,0.000000,4706.058000,0.000000,0.000000,0.000000
908,61215,2013-11-30,6,278,2842.5929,21,5,0.004000,2689.176000,0.000000,153.416908,0.000000
1234,61216,2013-11-30,7,290,28344.6431,106,30,0.001666,25093.008000,842.400000,1950.949050,458.286000
326,61217,2013-11-30,5,279,24951.1148,69,21,0.002380,22223.514000,1844.502000,883.098825,0.000000
874,61218,2013-11-30,4,276,41791.007,181,46,0.000434,32830.932000,6136.428000,2066.860992,756.786000
1036,61219,2013-11-30,2,277,23752.416,37,20,0.000000,23159.358000,593.058000,0.000000,0.000000
742,61220,2013-11-30,4,281,108.564,8,3,0.000000,0.000000,0.000000,108.564000,0.000000
542,61221,2013-11-30,3,275,4443.726,7,3,0.000000,4291.326000,0.000000,152.400000,0.000000
1882,61222,2013-11-30,6,289,21286.536,50,20,0.000000,19395.420000,1429.182000,461.934000,0.000000
1018,61223,2013-11-30,5,277,1544.97,5,4,0.000000,1376.994000,0.000000,167.976000,0.000000
1086,61224,2013-11-30,2,277,35379.504,92,29,0.000000,34237.776000,24.294000,851.856000,265.578000
718,61225,2013-11-30,9,286,12485.40,19,8,0.000000,12294.900000,0.000000,190.500000,0.000000
666,61226,2013-11-30,9,286,680.91,28,9,0.000000,0.000000,139.932000,463.686000,77.292000
302,61227,2013-11-30,4,281,57449.604,139,33,0.000000,55531.932000,367.674000,735.438000,814.560000
792,61228,2013-11-30,5,279,22453.7528,137,35,0.002000,18119.400000,1228.602000,2037.462750,1068.288000
1302,61229,2013-11-30,10,282,24336.0013,151,45,0.000444,12791.940000,8807.568000,1935.121276,801.372000
1898,61230,2013-11-30,5,279,26545.616,104,31,0.001612,23585.226000,868.110000,1689.805950,402.474000
1986,61231,2013-11-30,7,290,181.176,6,4,0.000000,0.000000,0.000000,118.194000,62.982000
720,61232,2013-11-30,6,278,14427.738,21,10,0.000000,14427.738000,0.000000,0.000000,0.000000
1862,61233,2013-11-30,5,279,24.294,1,1,0.000000,0.000000,24.294000,0.000000,0.000000
392,61234,2013-11-30,3,277,10127.724,19,9,0.000000,10003.260000,0.000000,124.464000,0.000000
550,61235,2013-11-30,9,286,31850.424,36,20,0.000000,31309.542000,540.882000,0.000000,0.000000
1002,61236,2013-11-30,4,281,13721.79,37,7,0.000000,13543.104000,0.000000,178.686000,0.000000
688,61237,2013-11-30,9,286,5115.312,8,4,0.000000,5115.312000,0.000000,0.000000,0.000000
534,61238,2013-11-30,10,282,22608.8577,143,35,0.001428,17495.610000,2385.144000,1970.621725,757.482000
692,61239,2013-11-30,2,277,18775.686,137,42,0.000000,8306.964000,7912.098000,1601.688000,954.936000
1976,61240,2013-11-30,3,277,13804.8356,121,32,0.000625,10302.948000,931.638000,1867.013600,703.236000
858,61241,2013-11-30,1,284,26298.588,38,13,0.000000,20216.340000,6082.248000,0.000000,0.000000
736,61242,2013-11-30,8,288,2049.276,4,2,0.000000,2016.882000,0.000000,32.394000,0.000000
1414,61243,2013-11-30,4,281,14608.224,114,29,0.000000,10327.254000,1523.946000,1728.288000,1028.736000
1888,61244,2013-11-30,1,280,54955.896,108,31,0.000000,52459.380000,1477.272000,281.976000,737.268000
1054,61245,2013-11-30,9,285,445.41,1,1,0.000000,445.410000,0.000000,0.000000,0.000000
1154,61246,2013-11-30,7,290,1409.376,4,3,0.000000,1344.588000,0.000000,64.788000,0.000000
496,61247,2013-11-30,4,275,3263.346,15,6,0.000000,3013.170000,0.000000,250.176000,0.000000
1840,61248,2013-11-30,6,289,51324.1945,208,49,0.000816,33491.850000,14537.346000,2341.280508,953.718000
1198,61249,2013-11-30,8,288,26203.836,42,20,0.000000,26073.132000,0.000000,116.952000,13.752000
1162,61250,2013-11-30,6,289,2921.964,6,3,0.000000,2753.988000,0.000000,167.976000,0.000000
1100,61251,2013-11-30,4,275,2159.352,2,2,0.000000,2159.352000,0.000000,0.000000,0.000000
1072,61252,2013-11-30,8,288,372.588,2,2,0.000000,323.994000,48.594000,0.000000,0.000000
1048,61253,2013-11-30,1,276,677.988,2,2,0.000000,677.988000,0.000000,0.000000,0.000000
636,61254,2013-11-30,8,288,8043.03,7,5,0.000000,8043.030000,0.000000,0.000000,0.000000
1146,61255,2013-11-30,4,276,8610.03,7,4,0.000000,8610.030000,0.000000,0.000000,0.000000
1470,61256,2013-11-30,1,284,167.976,4,2,0.000000,0.000000,0.000000,167.976000,0.000000
366,61257,2013-11-30,5,279,9630.726,15,8,0.000000,9582.150000,0.000000,48.576000,0.000000
982,61258,2013-11-30,7,290,10879.398,101,20,0.000000,8164.752000,356.898000,1594.824000,762.924000
1918,61259,2013-11-30,5,279,323.994,1,1,0.000000,323.994000,0.000000,0.000000,0.000000
574,61260,2013-11-30,1,283,647.988,2,1,0.000000,647.988000,0.000000,0.000000,0.000000
1256,61261,2013-11-30,4,275,38.10,1,1,0.000000,0.000000,0.000000,38.100000,0.000000
1072,61262,2013-11-30,8,288,563.7528,1,1,0.000000,563.752800,0.000000,0.000000,0.000000
538,61263,2013-11-30,8,288,29625.689,133,32,0.000625,20337.930000,6619.236000,1630.120992,1038.402000
662,61264,2013-11-30,4,275,25065.096,50,20,0.000000,21505.068000,3554.634000,5.394000,0.000000
736,61265,2013-11-30,8,288,563.7528,1,1,0.000000,563.752800,0.000000,0.000000,0.000000
1388,61266,2013-11-30,1,284,13015.362,28,9,0.000000,12797.892000,0.000000,217.470000,0.000000
1846,61267,2013-11-30,1,284,26693.718,39,15,0.000000,19609.020000,7084.698000,0.000000,0.000000
614,61268,2013-11-30,4,281,600.156,3,1,0.000000,0.000000,600.156000,0.000000,0.000000
1864,63119,2013-12-31,6,278,218.454,1,1,0.000000,0.000000,218.454000,0.000000,0.000000
986,63120,2013-12-31,6,289,209.97,5,3,0.000000,0.000000,0.000000,209.970000,0.000000
608,63121,2013-12-31,6,289,167.976,4,2,0.000000,0.000000,0.000000,167.976000,0.000000
1988,63122,2013-12-31,6,289,192.246,9,3,0.000000,0.000000,24.294000,0.000000,167.952000
1332,63123,2013-12-31,3,277,14478.162,43,20,0.000000,8306.964000,5919.234000,251.964000,0.000000
1182,63124,2013-12-31,5,279,32382.306,39,16,0.000000,32349.942000,0.000000,32.364000,0.000000
1856,63125,2013-12-31,2,277,8511.906,18,10,0.000000,3122.982000,5388.924000,0.000000,0.000000
1326,63126,2013-12-31,10,282,2041.188,2,1,0.000000,2041.188000,0.000000,0.000000,0.000000
412,63127,2013-12-31,6,278,7879.098,19,9,0.000000,7743.534000,0.000000,135.564000,0.000000
1276,63128,2013-12-31,6,289,19361.634,33,20,0.000000,18301.032000,1060.602000,0.000000,0.000000
1400,63129,2013-12-31,7,290,1502.976,4,3,0.000000,1376.994000,0.000000,125.982000,0.000000
1456,63130,2013-12-31,5,279,3869.1491,23,7,0.002857,3709.770000,0.000000,159.379076,0.000000
1032,63131,2013-12-31,1,276,86975.0655,157,26,0.001923,85097.010000,642.732000,1235.323500,0.000000
1200,63132,2013-12-31,6,289,33904.482,87,28,0.000000,32406.894000,315.846000,626.250000,555.492000
656,63133,2013-12-31,1,280,32820.4567,146,36,0.001111,27788.940000,2236.536000,2056.752676,738.228000
708,63134,2013-12-31,6,278,7635.72,7,5,0.000000,7597.620000,0.000000,38.100000,0.000000
344,63135,2013-12-31,2,277,1663.434,7,4,0.000000,1466.010000,134.442000,0.000000,62.982000
1238,63136,2013-12-31,6,278,37100.58,76,25,0.000000,36059.820000,0.000000,749.280000,291.480000
1052,63137,2013-12-31,2,277,880.812,14,4,0.000000,0.000000,376.884000,503.928000,0.000000
732,63138,2013-12-31,6,289,4746.822,14,6,0.000000,4681.752000,0.000000,65.070000,0.000000
490,63139,2013-12-31,6,289,402.066,19,7,0.000000,0.000000,72.894000,200.352000,128.820000
1940,63140,2013-12-31,6,278,18455.454,48,23,0.000000,17316.000000,571.908000,270.564000,296.982000
622,63141,2013-12-31,6,278,4241.586,107,19,0.000000,0.000000,1427.592000,1748.052000,1065.942000
1412,63142,2013-12-31,1,284,37.152,1,1,0.000000,0.000000,37.152000,0.000000,0.000000
1320,63143,2013-12-31,1,276,90.588,2,2,0.000000,0.000000,48.594000,41.994000,0.000000
364,63144,2013-12-31,5,279,3391.17,5,4,0.000000,3385.776000,0.000000,5.394000,0.000000
410,63145,2013-12-31,9,286,12058.002,14,7,0.000000,11943.702000,0.000000,114.300000,0.000000
1134,63146,2013-12-31,4,276,4528.728,15,6,0.000000,4382.064000,0.000000,146.664000,0.000000
1344,63147,2013-12-31,2,277,48.588,2,1,0.000000,0.000000,48.588000,0.000000,0.000000
1230,63148,2013-12-31,1,284,22161.828,62,27,0.000000,20176.884000,1081.752000,537.204000,365.988000
1424,63149,2013-12-31,1,283,50489.2921,114,32,0.000625,30161.556000,19486.614000,841.122108,0.000000
1814,63150,2013-12-31,4,276,445.41,1,1,0.000000,445.410000,0.000000,0.000000,0.000000
414,63151,2013-12-31,5,279,4718.898,17,4,0.000000,4130.982000,0.000000,587.916000,0.000000
374,63152,2013-12-31,3,275,32133.228,39,15,0.000000,28921.446000,3211.782000,0.000000,0.000000
946,63153,2013-12-31,7,290,11642.19,15,10,0.000000,11565.990000,0.000000,76.200000,0.000000
1828,63154,2013-12-31,6,289,1466.01,1,1,0.000000,1466.010000,0.000000,0.000000,0.000000
1944,63155,2013-12-31,4,276,35670.744,46,20,0.000000,35525.520000,134.436000,10.788000,0.000000
1304,63156,2013-12-31,1,284,24025.392,33,18,0.000000,20581.974000,3443.418000,0.000000,0.000000
1970,63157,2013-12-31,1,276,48522.8138,210,46,0.000434,31805.862000,12995.940000,2442.645792,1278.366000
498,63158,2013-12-31,1,284,3047.946,9,3,0.000000,2753.988000,0.000000,293.958000,0.000000
1482,63159,2013-12-31,1,284,2963.958,7,3,0.000000,2753.988000,0.000000,209.970000,0.000000
1900,63160,2013-12-31,3,281,134.442,3,2,0.000000,0.000000,134.442000,0.000000,0.000000
1142,63161,2013-12-31,7,287,209.97,5,2,0.000000,0.000000,0.000000,209.970000,0.000000
494,63162,2013-12-31,3,275,293.178,7,3,0.000000,0.000000,293.178000,0.000000,0.000000
634,63163,2013-12-31,2,277,4142.052,9,4,0.000000,4082.376000,0.000000,59.676000,0.000000
456,63164,2013-12-31,9,286,2888.262,3,2,0.000000,2888.262000,0.000000,0.000000,0.000000
916,63165,2013-12-31,3,277,1530.798,3,2,0.000000,1466.010000,0.000000,64.788000,0.000000
532,63166,2013-12-31,8,288,4510.0224,8,6,0.000000,4510.022400,0.000000,0.000000,0.000000
832,63167,2013-12-31,2,277,19702.746,30,16,0.000000,17568.528000,2134.218000,0.000000,0.000000
420,63168,2013-12-31,8,288,864.654,2,2,0.000000,0.000000,864.654000,0.000000,0.000000
948,63169,2013-12-31,6,289,4298.958,7,2,0.000000,4130.982000,0.000000,167.976000,0.000000
1220,63170,2013-12-31,10,282,32317.23,96,37,0.000000,29706.348000,1287.864000,990.768000,332.250000
1420,63171,2013-12-31,8,288,73016.5967,179,43,0.000465,61323.526656,9089.598000,1504.548000,1098.924000
1926,63172,2013-12-31,8,288,890.82,2,2,0.000000,890.820000,0.000000,0.000000,0.000000
602,63173,2013-12-31,10,287,26775.474,57,21,0.000000,25919.064000,24.294000,385.146000,446.970000
780,63174,2013-12-31,6,289,25409.34,82,24,0.000000,19731.030000,4680.264000,10.788000,987.258000
1450,63175,2013-12-31,2,277,17628.69,37,10,0.000000,17455.338000,0.000000,173.352000,0.000000
562,63176,2013-12-31,6,278,6415.722,13,7,0.000000,5200.086000,1215.636000,0.000000,0.000000
580,63177,2013-12-31,6,289,44907.516,101,26,0.000000,38421.432000,5016.630000,1469.454000,0.000000
428,63178,2013-12-31,6,278,4676.904,16,4,0.000000,4130.982000,0.000000,545.922000,0.000000
962,63179,2013-12-31,7,290,38840.7408,170,45,0.000444,21467.898000,14481.012000,2057.578800,834.252000
816,63180,2013-12-31,4,281,21534.168,62,21,0.000000,20403.324000,48.588000,650.256000,432.000000
1030,63181,2013-12-31,5,279,21969.69,87,30,0.000000,20403.324000,257.538000,721.062000,587.766000
1462,63182,2013-12-31,2,277,21200.016,27,12,0.000000,21161.916000,0.000000,38.100000,0.000000
546,63183,2013-12-31,3,275,5531.802,19,8,0.000000,5408.904000,122.898000,0.000000,0.000000
604,63184,2013-12-31,2,277,108.564,8,3,0.000000,0.000000,0.000000,108.564000,0.000000
554,63185,2013-12-31,5,279,1430.442,1,1,0.000000,1430.442000,0.000000,0.000000,0.000000
810,63186,2013-12-31,10,282,645.462,2,2,0.000000,445.410000,200.052000,0.000000,0.000000
914,63187,2013-12-31,4,275,672.294,1,1,0.000000,672.294000,0.000000,0.000000,0.000000
1396,63188,2013-12-31,7,290,3047.946,9,4,0.000000,2753.988000,0.000000,293.958000,0.000000
1310,63189,2013-12-31,5,279,1702.878,4,3,0.000000,0.000000,1660.884000,41.994000,0.000000
1924,63190,2013-12-31,5,277,218.454,1,1,0.000000,0.000000,218.454000,0.000000,0.000000
746,63191,2013-12-31,3,277,9903.456,24,6,0.000000,9833.334000,0.000000,70.122000,0.000000
556,63192,2013-12-31,4,281,1159.134,14,5,0.000000,996.288000,0.000000,162.846000,0.000000
360,63193,2013-12-31,3,277,404.226,5,3,0.000000,0.000000,400.104000,0.000000,4.122000
1858,63194,2013-12-31,3,275,29585.16,68,25,0.000000,21167.886000,8108.622000,308.652000,0.000000
1486,63195,2013-12-31,7,290,10184.298,17,5,0.000000,10157.328000,0.000000,26.970000,0.000000
992,63196,2013-12-31,1,283,1668.582,3,2,0.000000,1668.582000,0.000000,0.000000,0.000000
332,63197,2013-12-31,6,278,339.606,5,3,0.000000,0.000000,255.618000,83.988000,0.000000
1028,63198,2013-12-31,1,283,3089.94,10,4,0.000000,2753.988000,0.000000,335.952000,0.000000
728,63199,2013-12-31,2,277,1458.888,5,3,0.000000,1344.588000,0.000000,114.300000,0.000000
1422,63200,2013-12-31,2,277,24019.3814,143,43,0.000465,14213.934000,6923.172000,1957.339400,924.936000
1992,63201,2013-12-31,4,275,73270.506,110,25,0.000000,72614.274000,72.882000,583.350000,0.000000
1290,63202,2013-12-31,1,276,21306.444,61,23,0.000000,19465.032000,972.222000,449.934000,419.256000
690,63203,2013-12-31,9,285,1376.994,1,1,0.000000,1376.994000,0.000000,0.000000,0.000000
482,63204,2013-12-31,7,290,44660.778,62,24,0.000000,39382.308000,5246.076000,32.394000,0.000000
1480,63205,2013-12-31,3,275,162.846,12,3,0.000000,0.000000,0.000000,162.846000,0.000000
314,63206,2013-12-31,8,288,602.346,1,1,0.000000,0.000000,602.346000,0.000000,0.000000
1394,63207,2013-12-31,6,289,293.958,7,2,0.000000,0.000000,0.000000,293.958000,0.000000
628,63208,2013-12-31,7,290,1391.994,1,1,0.000000,1391.994000,0.000000,0.000000,0.000000
1958,63209,2013-12-31,7,290,23994.924,53,24,0.000000,13799.940000,9859.032000,335.952000,0.000000
1210,63210,2013-12-31,7,290,33632.928,50,19,0.000000,33565.482000,24.294000,43.152000,0.000000
532,63211,2013-12-31,8,288,3472.422,14,5,0.000000,3385.776000,0.000000,86.646000,0.000000
1214,63212,2013-12-31,4,276,23960.9846,48,8,0.006250,22031.904000,1344.708000,548.546625,35.826000
1254,63213,2013-12-31,4,276,60119.022,89,21,0.000000,59986.806000,72.882000,59.334000,0.000000
834,63214,2013-12-31,8,288,24457.4665,163,44,0.001136,13961.622000,7228.512000,2365.178500,902.154000
348,63215,2013-12-31,3,276,722.142,3,3,0.000000,461.694000,218.454000,41.994000,0.000000
808,63216,2013-12-31,7,290,45534.2812,206,49,0.001224,27269.868000,14854.872000,2254.749676,1154.791476
1894,63217,2013-12-31,7,290,28142.442,33,20,0.000000,27813.960000,328.482000,0.000000,0.000000
1440,63218,2013-12-31,10,282,17193.546,19,11,0.000000,17193.546000,0.000000,0.000000,0.000000
1316,63219,2013-12-31,2,277,9878.13,102,21,0.000000,7419.540000,0.000000,1735.182000,723.408000
1024,63220,2013-12-31,5,279,4642.524,6,6,0.000000,4642.524000,0.000000,0.000000,0.000000
890,63221,2013-12-31,2,277,41.994,1,1,0.000000,0.000000,0.000000,41.994000,0.000000
796,63222,2013-12-31,9,286,24673.50,33,18,0.000000,18583.668000,6084.438000,5.394000,0.000000
1962,63223,2013-12-31,7,290,39913.8518,176,38,0.001052,31702.668000,5161.158000,1909.188000,1140.837792
600,63224,2013-12-31,1,284,81696.606,108,23,0.000000,81337.308000,121.470000,237.828000,0.000000
1866,63225,2013-12-31,9,286,22806.306,37,19,0.000000,17355.456000,5416.734000,29.994000,4.122000
760,63226,2013-12-31,3,277,41.994,1,1,0.000000,0.000000,0.000000,41.994000,0.000000
706,63227,2013-12-31,9,286,209.97,5,2,0.000000,0.000000,0.000000,209.970000,0.000000
988,63228,2013-12-31,5,279,8974.65,25,7,0.000000,8942.286000,0.000000,32.364000,0.000000
1380,63229,2013-12-31,7,287,1544.97,5,3,0.000000,1376.994000,0.000000,167.976000,0.000000
378,63230,2013-12-31,8,288,10040.472,8,4,0.000000,10040.472000,0.000000,0.000000,0.000000
1272,63231,2013-12-31,10,282,1466.01,1,1,0.000000,1466.010000,0.000000,0.000000,0.000000
1868,63232,2013-12-31,2,277,78.588,2,2,0.000000,0.000000,48.594000,29.994000,0.000000
582,63233,2013-12-31,8,288,28644.318,129,33,0.000000,20270.232000,5713.728000,1634.094000,1026.264000
620,63234,2013-12-31,5,279,530.412,3,3,0.000000,461.694000,26.724000,41.994000,0.000000
1164,63235,2013-12-31,5,279,3425.892,18,4,0.000000,2753.988000,0.000000,671.904000,0.000000
1476,63236,2013-12-31,6,289,2837.976,4,2,0.000000,2753.988000,0.000000,83.988000,0.000000
970,63237,2013-12-31,6,278,9477.924,14,4,0.000000,8764.128000,713.796000,0.000000,0.000000
1090,63238,2013-12-31,5,279,37.254,1,1,0.000000,0.000000,37.254000,0.000000,0.000000
794,63239,2013-12-31,6,278,15360.972,108,26,0.000000,11396.460000,1678.512000,1655.760000,630.240000
1874,63240,2013-12-31,4,281,25411.362,38,22,0.000000,24751.710000,659.652000,0.000000,0.000000
596,63241,2013-12-31,10,282,54904.38,69,23,0.000000,43804.944000,11096.688000,0.000000,2.748000
1398,63242,2013-12-31,10,287,1964.91,15,4,0.000000,1376.994000,0.000000,587.916000,0.000000
1812,63243,2013-12-31,4,275,5020.236,4,3,0.000000,5020.236000,0.000000,0.000000,0.000000
1464,63244,2013-12-31,9,286,9691.35,14,8,0.000000,9500.850000,0.000000,190.500000,0.000000
1362,63245,2013-12-31,5,279,25106.754,50,26,0.000000,15221.934000,9684.450000,200.370000,0.000000
1350,63246,2013-12-31,5,279,10771.536,21,13,0.000000,8634.366000,2131.776000,5.394000,0.000000
838,63247,2013-12-31,1,283,26884.59,39,19,0.000000,19029.078000,7855.512000,0.000000,0.000000
1872,63248,2013-12-31,5,279,37.254,1,1,0.000000,0.000000,37.254000,0.000000,0.000000
1982,63249,2013-12-31,1,284,23564.97,35,18,0.000000,23489.412000,48.588000,26.970000,0.000000
1382,63250,2013-12-31,10,282,323.994,1,1,0.000000,323.994000,0.000000,0.000000,0.000000
976,63251,2013-12-31,4,275,24667.062,53,24,0.000000,15236.934000,9178.164000,251.964000,0.000000
372,63252,2013-12-31,4,275,46031.082,104,35,0.000000,43131.630000,1396.098000,1048.656000,454.698000
1410,63253,2013-12-31,10,282,323.994,1,1,0.000000,323.994000,0.000000,0.000000,0.000000
1802,63254,2013-12-31,10,287,11546.634,25,9,0.000000,11145.276000,0.000000,401.358000,0.000000
1140,63255,2013-12-31,10,282,1544.97,5,3,0.000000,1376.994000,0.000000,167.976000,0.000000
358,63256,2013-12-31,9,286,1331.256,2,2,0.000000,728.910000,602.346000,0.000000,0.000000
1266,63257,2013-12-31,3,276,54368.508,110,31,0.000000,53434.008000,48.588000,509.238000,376.674000
1870,63258,2013-12-31,4,275,1875.852,2,2,0.000000,1875.852000,0.000000,0.000000,0.000000
650,63259,2013-12-31,5,279,323.994,1,1,0.000000,323.994000,0.000000,0.000000,0.000000
1088,63260,2013-12-31,8,288,1804.65,5,3,0.000000,1692.888000,111.762000,0.000000,0.000000
958,63261,2013-12-31,4,276,6708.78,18,9,0.000000,5726.652000,971.340000,10.788000,0.000000
1946,63262,2013-12-31,4,275,27709.218,35,19,0.000000,27539.142000,170.076000,0.000000,0.000000
474,63263,2013-12-31,4,281,21524.142,34,17,0.000000,17317.344000,4176.804000,29.994000,0.000000
846,63264,2013-12-31,2,277,3856.848,7,4,0.000000,3580.008000,276.840000,0.000000,0.000000
1068,63265,2013-12-31,1,283,461.694,1,1,0.000000,461.694000,0.000000,0.000000,0.000000
1236,63266,2013-12-31,6,289,39392.346,78,26,0.000000,36907.230000,1331.994000,793.122000,360.000000
1130,63267,2013-12-31,6,289,1337.604,4,3,0.000000,1336.230000,0.000000,0.000000,1.374000
536,63268,2013-12-31,1,284,3597.294,7,4,0.000000,3122.982000,474.312000,0.000000,0.000000
1056,63269,2013-12-31,6,278,5394.378,23,10,0.000000,5054.910000,171.492000,167.976000,0.000000
766,63270,2013-12-31,5,279,4340.67,6,3,0.000000,4130.982000,209.688000,0.000000,0.000000
1478,63271,2013-12-31,4,276,3115.722,13,3,0.000000,3061.782000,0.000000,53.940000,0.000000
1384,63272,2013-12-31,7,290,9473.472,8,4,0.000000,9473.472000,0.000000,0.000000,0.000000
892,63273,2013-12-31,1,283,83.988,2,1,0.000000,0.000000,0.000000,83.988000,0.000000
1434,63274,2013-12-31,2,277,356.898,1,1,0.000000,0.000000,356.898000,0.000000,0.000000
900,63275,2013-12-31,4,276,41.994,1,1,0.000000,0.000000,0.000000,41.994000,0.000000
1438,63276,2013-12-31,1,284,41.994,1,1,0.000000,0.000000,0.000000,41.994000,0.000000
1838,63277,2013-12-31,4,276,7678.92,18,10,0.000000,5969.496000,1709.424000,0.000000,0.000000
1292,63278,2013-12-31,1,284,1619.73,3,2,0.000000,1619.730000,0.000000,0.000000,0.000000
422,63279,2013-12-31,2,277,27078.936,49,18,0.000000,23489.412000,3589.524000,0.000000,0.000000
848,63280,2013-12-31,4,275,24142.512,58,30,0.000000,16232.004000,7700.538000,209.970000,0.000000
1202,63281,2013-12-31,5,279,36065.916,63,25,0.000000,34607.742000,912.252000,545.922000,0.000000
1300,63282,2013-12-31,7,290,66375.648,90,24,0.000000,56317.374000,10058.274000,0.000000,0.000000
370,63283,2013-12-31,4,276,38575.0104,113,36,0.000555,35869.230000,892.212000,1483.790424,329.778000
1262,63284,2013-12-31,7,290,108184.104,146,27,0.000000,105928.812000,2255.292000,0.000000,0.000000
598,63285,2013-12-31,4,275,47450.61,114,35,0.000000,46079.652000,158.736000,629.214000,583.008000
540,63286,2013-12-31,3,277,338.994,1,1,0.000000,338.994000,0.000000,0.000000,0.000000
822,63287,2013-12-31,1,283,937.758,6,4,0.000000,323.994000,606.996000,5.394000,1.374000
338,63288,2013-12-31,4,281,9183.672,15,7,0.000000,8583.516000,600.156000,0.000000,0.000000
368,63289,2013-12-31,1,281,6926.964,6,3,0.000000,6884.970000,0.000000,41.994000,0.000000
1252,63290,2013-12-31,6,289,26673.846,68,23,0.000000,23223.426000,2538.234000,912.186000,0.000000
1242,63291,2013-12-31,3,276,104325.1067,221,38,0.004736,98075.798867,3839.550000,2021.869833,387.888000
436,63292,2013-12-31,9,286,1466.01,1,1,0.000000,1466.010000,0.000000,0.000000,0.000000
476,63293,2013-12-31,5,279,24818.376,32,15,0.000000,19136.232000,5682.144000,0.000000,0.000000
1906,65089,2014-01-28,8,288,1466.01,1,1,0.000000,1466.010000,0.000000,0.000000,0.000000
1020,65090,2014-01-28,8,288,98.774,4,3,0.000000,0.000000,0.000000,98.774000,0.000000
1892,65151,2014-01-29,10,282,76.20,2,1,0.000000,0.000000,0.000000,76.200000,0.000000
544,65152,2014-01-29,2,277,11710.422,24,10,0.000000,11493.576000,0.000000,216.846000,0.000000
328,65153,2014-01-29,2,277,2428.476,7,5,0.000000,2227.050000,200.052000,0.000000,1.374000
1984,65154,2014-01-29,10,282,26709.588,54,23,0.000000,25708.572000,581.076000,419.940000,0.000000
516,65155,2014-01-29,3,281,32798.562,76,26,0.000000,30516.648000,1309.134000,972.780000,0.000000
812,65156,2014-01-29,6,289,30238.236,42,17,0.000000,30138.828000,48.588000,26.970000,23.850000
294,65157,2014-01-29,4,276,22021.782,62,28,0.000000,20622.294000,556.614000,611.904000,230.970000
856,65158,2014-01-29,10,282,67831.3271,184,40,0.000500,57802.572000,7314.144000,1725.451076,989.160000
612,65159,2014-01-29,1,283,13573.704,39,17,0.000000,11045.952000,2107.812000,419.940000,0.000000
1336,65160,2014-01-29,4,276,52766.5746,170,37,0.002432,47370.803551,2983.350000,1522.951076,889.470000
990,65161,2014-01-29,4,281,4386.402,7,5,0.000000,4386.402000,0.000000,0.000000,0.000000
1816,65162,2014-01-29,6,278,4634.91,15,4,0.000000,4130.982000,0.000000,503.928000,0.000000
626,65163,2014-01-29,6,289,59234.838,85,25,0.000000,53295.444000,5909.400000,29.994000,0.000000
1322,65164,2014-01-29,6,289,24795.1796,152,40,0.000500,16628.928000,4905.180000,2068.583600,1192.488000
910,65165,2014-01-29,5,279,4480.614,5,5,0.000000,4480.614000,0.000000,0.000000,0.000000
312,65166,2014-01-29,6,289,26.724,1,1,0.000000,0.000000,26.724000,0.000000,0.000000
776,65167,2014-01-29,4,281,19300.926,32,15,0.000000,17568.420000,1727.112000,5.394000,0.000000
316,65168,2014-01-29,4,281,20857.776,33,20,0.000000,20149.506000,708.270000,0.000000,0.000000
1078,65169,2014-01-29,6,289,12.144,1,1,0.000000,0.000000,12.144000,0.000000,0.000000
802,65170,2014-01-29,1,284,5438.028,13,6,0.000000,5378.352000,0.000000,59.676000,0.000000
998,65171,2014-01-29,6,289,4718.898,17,4,0.000000,4130.982000,0.000000,587.916000,0.000000
1038,65172,2014-01-29,9,286,21439.446,74,30,0.000000,19475.352000,787.476000,678.816000,497.802000
648,65173,2014-01-29,6,289,65622.167,102,25,0.000800,64895.046000,367.674000,164.488992,194.958000
828,65174,2014-01-29,6,289,45169.896,196,48,0.000000,25937.874000,15989.652000,2308.440000,933.930000
1966,65175,2014-01-29,1,284,19600.14,30,14,0.000000,18095.094000,1499.652000,5.394000,0.000000
696,65176,2014-01-29,4,276,25622.286,34,13,0.000000,23522.634000,2099.652000,0.000000,0.000000
984,65177,2014-01-29,10,282,41023.2874,178,37,0.001621,33564.279476,4694.124000,1810.865876,954.018000
382,65178,2014-01-29,3,277,39291.336,48,18,0.000000,39097.296000,72.888000,16.182000,104.970000
1808,65179,2014-01-29,1,276,445.41,1,1,0.000000,445.410000,0.000000,0.000000,0.000000
1014,65180,2014-01-29,4,281,8765.892,18,5,0.000000,8261.964000,0.000000,503.928000,0.000000
1376,65181,2014-01-29,4,276,2810.598,17,6,0.000000,2664.870000,0.000000,145.728000,0.000000
1950,65182,2014-01-29,9,286,22227.90,47,24,0.000000,20878.416000,641.214000,276.270000,432.000000
1082,65183,2014-01-29,4,281,36396.102,55,20,0.000000,35914.092000,170.070000,173.976000,137.964000
682,65184,2014-01-29,4,276,10723.992,12,9,0.000000,10647.792000,0.000000,76.200000,0.000000
510,65185,2014-01-29,6,289,1225.428,5,4,0.000000,1139.682000,85.746000,0.000000,0.000000
1286,65186,2014-01-29,7,290,119.976,4,2,0.000000,0.000000,0.000000,0.000000,119.976000
566,65187,2014-01-29,6,289,445.41,1,1,0.000000,445.410000,0.000000,0.000000,0.000000
324,65188,2014-01-29,6,289,15054.924,50,21,0.000000,13030.074000,1184.970000,839.880000,0.000000
464,65189,2014-01-29,6,278,32755.8056,147,33,0.000606,26478.594000,3443.418000,1816.025600,1017.768000
906,65190,2014-01-29,9,286,923.214,3,3,0.000000,890.820000,0.000000,32.394000,0.000000
300,65191,2014-01-29,9,286,56353.869,164,36,0.003333,53118.234000,705.102000,1645.262976,885.270000
1340,65192,2014-01-29,6,278,358.272,2,2,0.000000,0.000000,356.898000,0.000000,1.374000
1932,65193,2014-01-29,4,276,1466.01,1,1,0.000000,1466.010000,0.000000,0.000000,0.000000
994,65194,2014-01-29,2,277,12551.022,13,7,0.000000,12551.022000,0.000000,0.000000,0.000000
1188,65195,2014-01-29,3,277,29588.1083,90,24,0.002916,26930.520000,782.364000,1875.224283,0.000000
676,65196,2014-01-29,9,286,4256.964,6,3,0.000000,4130.982000,0.000000,125.982000,0.000000
380,65197,2014-01-29,6,289,1430.442,1,1,0.000000,1430.442000,0.000000,0.000000,0.000000
1798,65198,2014-01-29,6,289,209.97,5,2,0.000000,0.000000,0.000000,209.970000,0.000000
1084,65199,2014-01-29,1,280,52587.138,69,26,0.000000,52310.412000,276.726000,0.000000,0.000000
472,65200,2014-01-29,1,280,47069.4121,128,32,0.000625,30083.856000,15964.458000,1021.098108,0.000000
1250,65201,2014-01-29,8,287,53500.224,73,25,0.000000,52701.066000,799.158000,0.000000,0.000000
758,65202,2014-01-29,8,288,6174.222,11,7,0.000000,5370.012000,798.816000,5.394000,0.000000
1004,65203,2014-01-29,1,283,3751.704,4,4,0.000000,3751.704000,0.000000,0.000000,0.000000
1906,65204,2014-01-29,8,288,10.788,2,1,0.000000,0.000000,0.000000,10.788000,0.000000
296,65205,2014-01-29,3,275,23388.9006,98,28,0.001428,22096.212000,328.806000,693.582552,270.300000
928,65206,2014-01-29,6,289,68748.4235,120,29,0.000689,65353.863476,2422.662000,827.898000,144.000000
480,65207,2014-01-29,5,279,36942.4556,141,34,0.000588,29637.414000,4675.314000,1610.567600,1019.160000
1114,65208,2014-01-29,7,290,4256.964,6,4,0.000000,4130.982000,0.000000,125.982000,0.000000
1296,65209,2014-01-29,4,276,12552.204,39,19,0.000000,9653.958000,2646.282000,251.964000,0.000000
798,65210,2014-01-29,5,277,14525.8788,112,22,0.000909,11825.910000,0.000000,1772.062800,927.906000
1810,65211,2014-01-29,1,284,5005.746,9,4,0.000000,5005.746000,0.000000,0.000000,0.000000
1876,65212,2014-01-29,1,283,111.762,3,1,0.000000,0.000000,111.762000,0.000000,0.000000
1324,65213,2014-01-29,7,290,11999.13,40,17,0.000000,5522.976000,6273.972000,202.182000,0.000000
658,65214,2014-01-29,10,282,2.748,2,1,0.000000,0.000000,0.000000,0.000000,2.748000
672,65215,2014-01-29,3,275,37520.64,42,17,0.000000,37485.558000,24.294000,10.788000,0.000000
1444,65216,2014-01-29,6,289,5108.364,6,3,0.000000,5102.970000,0.000000,5.394000,0.000000
1368,65217,2014-01-29,6,278,1466.01,1,1,0.000000,1466.010000,0.000000,0.000000,0.000000
1928,65218,2014-01-29,6,278,24598.302,34,20,0.000000,24157.332000,440.970000,0.000000,0.000000
342,65219,2014-01-29,4,275,1466.01,1,1,0.000000,1466.010000,0.000000,0.000000,0.000000
394,65220,2014-01-29,5,279,27686.61,47,24,0.000000,26896.626000,528.726000,114.300000,146.958000
1994,65221,2014-01-29,3,275,24253.362,87,29,0.000000,21211.020000,1490.424000,1032.426000,519.492000
384,65222,2014-01-29,9,286,445.41,1,1,0.000000,445.410000,0.000000,0.000000,0.000000
1216,65223,2014-01-29,4,275,24.294,1,1,0.000000,0.000000,24.294000,0.000000,0.000000
1260,65224,2014-01-29,10,282,26146.50,59,22,0.000000,22791.732000,2679.870000,671.904000,2.994000
938,65225,2014-01-29,1,284,672.294,1,1,0.000000,672.294000,0.000000,0.000000,0.000000
1830,65226,2014-01-29,7,290,20452.178,145,33,0.001515,14563.590000,2992.134000,1818.523950,1077.930000
1306,65227,2014-01-29,4,275,602.346,1,1,0.000000,0.000000,602.346000,0.000000,0.000000
446,65228,2014-01-29,8,288,28953.564,86,28,0.000000,25597.632000,1846.038000,1197.420000,312.474000
826,65229,2014-01-29,5,279,4878.798,15,9,0.000000,3256.014000,1610.622000,10.788000,1.374000
1218,65230,2014-01-29,1,284,74.508,2,1,0.000000,0.000000,74.508000,0.000000,0.000000
1166,65231,2014-01-29,6,278,445.41,1,1,0.000000,445.410000,0.000000,0.000000,0.000000
1836,65232,2014-01-29,4,275,39215.4278,112,31,0.000645,21731.892000,16682.196000,801.339792,0.000000
854,65233,2014-01-29,7,290,1376.994,1,1,0.000000,1376.994000,0.000000,0.000000,0.000000
442,65234,2014-01-29,1,283,52756.092,89,29,0.000000,50420.754000,1920.510000,414.828000,0.000000
1040,65235,2014-01-29,6,278,26719.5966,71,20,0.002500,23100.726000,2531.226000,1087.644600,0.000000
1356,65236,2014-01-29,2,277,19176.834,127,34,0.000000,14215.290000,2096.136000,1692.012000,1173.396000
786,65237,2014-01-29,2,277,53476.7219,80,20,0.001000,49676.327876,3778.818000,21.576000,0.000000
618,65238,2014-01-29,6,289,23168.239,143,37,0.002432,14683.860000,5848.422000,2054.922950,581.034000
1204,65239,2014-01-29,4,281,109.254,2,2,0.000000,0.000000,37.254000,0.000000,72.000000
806,65240,2014-01-29,6,289,218.454,1,1,0.000000,0.000000,218.454000,0.000000,0.000000
1938,65241,2014-01-29,9,286,29173.284,42,22,0.000000,28732.158000,139.944000,76.200000,224.982000
1080,65242,2014-01-29,5,279,26093.028,35,22,0.000000,25425.864000,604.782000,29.388000,32.994000
1352,65243,2014-01-29,6,278,17152.50,32,16,0.000000,12106.476000,5046.024000,0.000000,0.000000
1490,65244,2014-01-29,4,276,11376.702,11,7,0.000000,11376.702000,0.000000,0.000000,0.000000
444,65245,2014-01-29,2,277,28094.532,65,30,0.000000,26883.684000,565.170000,490.434000,155.244000
734,65246,2014-01-29,5,279,3005.952,8,4,0.000000,2753.988000,0.000000,251.964000,0.000000
1370,65247,2014-01-29,9,286,22856.982,25,11,0.000000,22780.782000,0.000000,76.200000,0.000000
814,65248,2014-01-29,5,279,58724.256,89,25,0.000000,58358.496000,160.350000,97.434000,107.976000
502,65249,2014-01-29,5,279,8866.68,20,5,0.000000,8812.740000,0.000000,53.940000,0.000000
1042,65250,2014-01-29,9,286,24912.348,86,30,0.000000,22012.416000,1358.490000,997.926000,543.516000
512,65251,2014-01-29,6,278,2922.828,17,5,0.000000,2689.176000,0.000000,233.652000,0.000000
824,65252,2014-01-29,1,281,21026.97,40,19,0.000000,16209.378000,4812.198000,5.394000,0.000000
1842,65253,2014-01-29,7,290,32970.8914,52,12,0.003333,31401.657352,1548.240000,0.000000,20.994000
1472,65254,2014-01-29,10,282,125.982,3,2,0.000000,0.000000,0.000000,125.982000,0.000000
660,65255,2014-01-29,1,284,31295.106,39,19,0.000000,26208.666000,5014.440000,0.000000,72.000000
388,65256,2014-01-29,1,276,4836.491,28,5,0.010000,4730.364000,0.000000,106.126950,0.000000
1248,65257,2014-01-29,2,277,63645.6604,154,38,0.001052,60838.308000,927.408000,828.381792,1051.562580
764,65258,2014-01-29,1,281,5095.95,32,16,0.000000,0.000000,4780.998000,293.958000,20.994000
354,65259,2014-01-29,5,279,1174.32,2,2,0.000000,1174.320000,0.000000,0.000000,0.000000
1178,65260,2014-01-29,8,288,130.47,6,3,0.000000,0.000000,0.000000,67.488000,62.982000
1158,65261,2014-01-29,3,276,20177.232,23,10,0.000000,19986.732000,0.000000,190.500000,0.000000
1074,65262,2014-01-29,2,277,225.87,6,3,0.000000,0.000000,145.782000,38.100000,41.988000
1246,65263,2014-01-29,1,280,42553.422,65,23,0.000000,40794.954000,1086.564000,671.904000,0.000000
886,65264,2014-01-29,6,289,6943.506,11,6,0.000000,6414.912000,528.594000,0.000000,0.000000
842,65265,2014-01-29,5,279,323.994,1,1,0.000000,323.994000,0.000000,0.000000,0.000000
1318,65266,2014-01-29,4,275,31.584,1,1,0.000000,0.000000,31.584000,0.000000,0.000000
1160,65267,2014-01-29,8,288,11093.202,11,6,0.000000,11093.202000,0.000000,0.000000,0.000000
1282,65268,2014-01-29,1,284,29320.65,36,20,0.000000,29177.568000,143.082000,0.000000,0.000000
1066,65269,2014-01-29,4,281,32967.1166,77,23,0.002173,30840.648000,1157.982000,968.486625,0.000000
1016,65270,2014-01-29,1,283,1586.964,6,3,0.000000,1376.994000,0.000000,209.970000,0.000000
432,65271,2014-01-29,10,282,55790.58,104,28,0.000000,54657.066000,72.882000,766.644000,293.988000
654,65272,2014-01-29,5,279,37.152,1,1,0.000000,0.000000,37.152000,0.000000,0.000000
624,65273,2014-01-29,9,286,13030.254,51,22,0.000000,6914.970000,5695.344000,419.940000,0.000000
1354,65274,2014-01-29,9,286,200.052,1,1,0.000000,0.000000,200.052000,0.000000,0.000000
350,65275,2014-01-29,9,286,1336.23,3,3,0.000000,1336.230000,0.000000,0.000000,0.000000
716,65276,2014-01-29,2,277,1403.922,13,4,0.000000,1344.588000,0.000000,59.334000,0.000000
450,65277,2014-01-29,4,275,9197.118,12,7,0.000000,9082.818000,0.000000,114.300000,0.000000
774,65278,2014-01-29,1,283,37661.5373,42,16,0.001250,33651.737268,4009.800000,0.000000,0.000000
492,65279,2014-01-29,4,276,1582.464,17,6,0.000000,1016.982000,218.454000,200.070000,146.958000
1914,65280,2014-01-29,8,288,28722.156,76,32,0.000000,26816.850000,750.570000,707.904000,446.832000
860,65281,2014-01-29,3,275,28262.328,43,18,0.000000,24696.954000,3565.374000,0.000000,0.000000
1284,65282,2014-01-29,10,282,52183.128,78,26,0.000000,50894.406000,1288.722000,0.000000,0.000000
752,65283,2014-01-29,5,279,3257.916,14,4,0.000000,2753.988000,0.000000,503.928000,0.000000
1132,65284,2014-01-29,6,289,179.028,15,3,0.000000,0.000000,0.000000,179.028000,0.000000
1392,65285,2014-01-29,4,276,6139.746,9,3,0.000000,6123.564000,0.000000,16.182000,0.000000
1474,65286,2014-01-29,7,290,17099.334,21,7,0.000000,17099.334000,0.000000,0.000000,0.000000
644,65287,2014-01-29,4,276,453.252,4,2,0.000000,0.000000,453.252000,0.000000,0.000000
1000,65288,2014-01-29,5,279,6478.056,6,2,0.000000,6478.056000,0.000000,0.000000,0.000000
1092,65289,2014-01-29,4,276,74.508,2,1,0.000000,0.000000,74.508000,0.000000,0.000000
1298,65290,2014-01-29,6,289,1028.472,4,4,0.000000,0.000000,1028.472000,0.000000,0.000000
398,65291,2014-01-29,4,275,2783.988,2,1,0.000000,2783.988000,0.000000,0.000000,0.000000
730,65292,2014-01-29,8,288,3482.892,4,2,0.000000,3482.892000,0.000000,0.000000,0.000000
950,65293,2014-01-29,4,276,3128.7791,16,3,0.006666,3061.782000,0.000000,66.997076,0.000000
902,65294,2014-01-29,4,274,1376.994,1,1,0.000000,1376.994000,0.000000,0.000000,0.000000
1076,65295,2014-01-29,8,288,728.91,1,1,0.000000,728.910000,0.000000,0.000000,0.000000
1804,65296,2014-01-29,1,284,5398.812,8,4,0.000000,5398.812000,0.000000,0.000000,0.000000
1880,65297,2014-01-29,8,288,728.91,1,1,0.000000,728.910000,0.000000,0.000000,0.000000
1884,65298,2014-01-29,5,274,37.254,1,1,0.000000,0.000000,37.254000,0.000000,0.000000
526,65299,2014-01-29,4,276,2222.748,3,3,0.000000,1391.994000,809.760000,0.000000,20.994000
506,65300,2014-01-29,4,275,1352.676,4,3,0.000000,1320.282000,0.000000,32.394000,0.000000
1346,65301,2014-01-29,3,275,10.788,2,1,0.000000,0.000000,0.000000,10.788000,0.000000
520,65302,2014-01-29,2,277,65.988,2,1,0.000000,0.000000,0.000000,0.000000,65.988000
1278,65303,2014-01-29,4,276,58249.404,119,33,0.000000,56051.862000,1171.104000,954.438000,72.000000
1886,65304,2014-01-29,4,281,1430.442,1,1,0.000000,1430.442000,0.000000,0.000000,0.000000
1020,65305,2014-01-29,8,288,293.958,7,3,0.000000,0.000000,0.000000,293.958000,0.000000
788,65306,2014-01-29,4,275,22138.848,55,25,0.000000,15206.934000,6595.962000,335.952000,0.000000
1026,65307,2014-01-29,4,281,6654.792,25,7,0.000000,6350.334000,0.000000,304.458000,0.000000
320,65308,2014-01-29,2,277,1466.01,1,1,0.000000,1466.010000,0.000000,0.000000,0.000000
1448,65309,2014-01-29,3,275,4298.958,7,3,0.000000,4130.982000,0.000000,167.976000,0.000000
642,65310,2014-01-29,4,275,13067.0107,103,26,0.001538,9436.422000,1320.792000,1650.636676,659.160000
308,65311,2014-01-29,3,275,13768.02,53,26,0.000000,7730.658000,5701.410000,335.952000,0.000000
1890,65312,2014-01-29,1,284,48285.0864,82,26,0.000769,45520.836000,1826.052000,938.198424,0.000000
1110,65313,2014-01-29,3,275,1466.13,3,3,0.000000,1430.442000,0.000000,14.694000,20.994000
638,65314,2014-01-29,3,275,1502.976,4,2,0.000000,1376.994000,0.000000,125.982000,0.000000
1334,65315,2014-01-29,4,275,23774.136,67,28,0.000000,14198.934000,8990.304000,563.904000,20.994000
1910,65316,2014-01-29,1,283,209.97,5,1,0.000000,0.000000,0.000000,209.970000,0.000000
784,65317,2014-01-29,9,286,1604.796,4,2,0.000000,0.000000,1604.796000,0.000000,0.000000
1342,65318,2014-01-29,9,286,1391.994,1,1,0.000000,1391.994000,0.000000,0.000000,0.000000
1844,65319,2014-01-29,10,282,40350.00,113,33,0.000000,21746.892000,18088.416000,509.922000,4.770000
868,65320,2014-01-29,10,282,602.346,1,1,0.000000,0.000000,602.346000,0.000000,0.000000
298,65321,2014-01-29,2,277,439.866,5,3,0.000000,0.000000,376.884000,0.000000,62.982000
1150,65322,2014-01-29,1,284,6047.916,14,7,0.000000,6026.340000,0.000000,21.576000,0.000000
1818,65323,2014-01-29,9,286,445.41,1,1,0.000000,445.410000,0.000000,0.000000,0.000000
876,67202,2014-02-28,8,288,249.5428,1,1,0.000000,0.000000,249.542800,0.000000,0.000000
1072,67203,2014-02-28,8,287,2465.2298,8,4,0.000000,563.752800,1784.490000,116.987000,0.000000
736,67204,2014-02-28,8,288,515.873,5,3,0.000000,0.000000,356.898000,116.987000,41.988000
1046,67260,2014-03-01,5,279,39450.7848,166,47,0.000425,32727.930000,3920.676000,1720.768800,1081.410000
940,67261,2014-03-01,10,282,29064.39,66,27,0.000000,27936.414000,586.002000,541.974000,0.000000
1822,67262,2014-03-01,3,275,7501.722,43,17,0.000000,6398.946000,123.096000,481.704000,497.976000
1878,67263,2014-03-01,2,277,39790.2022,86,29,0.001724,33921.312000,5121.222000,747.668175,0.000000
564,67264,2014-03-01,9,286,1736.334,5,4,0.000000,1336.230000,400.104000,0.000000,0.000000
558,67265,2014-03-01,1,283,1386.576,4,3,0.000000,1344.588000,0.000000,0.000000,41.988000
518,67266,2014-03-01,1,283,70533.0247,208,37,0.007297,60840.979476,7092.846000,2599.199175,0.000000
542,67267,2014-03-01,3,275,5665.788,20,7,0.000000,5020.236000,0.000000,357.552000,288.000000
768,67268,2014-03-01,6,289,35209.9636,235,39,0.006410,26837.514400,3901.608000,2989.603709,1481.237476
330,67269,2014-03-01,1,283,376.248,2,2,0.000000,338.994000,37.254000,0.000000,0.000000
592,67270,2014-03-01,6,289,58676.1206,95,28,0.000714,49841.114592,8730.054000,104.952000,0.000000
1086,67271,2014-03-01,2,277,32467.1531,121,36,0.000555,30171.474000,220.284000,1557.181076,518.214000
1882,67272,2014-03-01,6,289,24002.4668,95,30,0.004000,18369.102000,4253.106000,1380.258792,0.000000
874,67273,2014-03-01,4,276,53770.9719,262,57,0.002631,35826.075476,14166.048000,2472.004192,1306.844188
570,67274,2014-03-01,4,281,22215.3196,88,29,0.004137,16749.132000,4077.642000,1388.545608,0.000000
1986,67275,2014-03-01,7,290,569.172,3,3,0.000000,323.994000,245.178000,0.000000,0.000000
1234,67276,2014-03-01,7,290,27830.1316,143,45,0.000888,19692.732000,5326.350000,2264.065584,546.984000
1898,67277,2014-03-01,5,274,29524.0501,152,50,0.000400,18077.250000,8557.998000,2256.588108,632.214000
770,67278,2014-03-01,8,288,63761.3483,234,43,0.002093,45420.821268,15140.262000,2216.528625,983.736424
1990,67279,2014-03-01,4,276,42195.894,82,29,0.000000,39908.358000,2287.536000,0.000000,0.000000
1050,67280,2014-03-01,3,275,66479.7071,109,24,0.002083,65664.456000,660.858000,154.393125,0.000000
568,67281,2014-03-01,5,279,31.584,1,1,0.000000,0.000000,31.584000,0.000000,0.000000
1036,67282,2014-03-01,2,277,26440.572,47,27,0.000000,22875.858000,3564.714000,0.000000,0.000000
1018,67283,2014-03-01,5,277,592.746,14,5,0.000000,0.000000,0.000000,520.746000,72.000000
664,67284,2014-03-01,2,277,31600.5181,84,31,0.000645,22784.538000,7962.858000,853.122108,0.000000
1044,67285,2014-03-01,6,278,429.06,2,2,0.000000,0.000000,429.060000,0.000000,0.000000
720,67286,2014-03-01,6,274,11802.564,23,12,0.000000,11565.990000,222.264000,0.000000,14.310000
302,67287,2014-03-01,4,281,74577.1531,202,44,0.001590,67438.386000,4783.704000,1311.172992,1043.890125
908,67288,2014-03-01,6,278,4393.662,35,15,0.000000,3709.770000,110.136000,488.004000,85.752000
1302,67289,2014-03-01,10,282,35809.8538,232,57,0.002456,22079.868000,9701.754000,2759.365524,1268.866312
1002,67290,2014-03-01,4,281,9653.6129,55,15,0.001333,8764.128000,121.482000,546.014908,221.988000
1948,67291,2014-03-01,2,277,1074.264,8,5,0.000000,0.000000,1074.264000,0.000000,0.000000
932,67292,2014-03-01,4,275,52031.909,94,25,0.000800,50453.376000,1453.068000,104.470992,20.994000
1152,67293,2014-03-01,10,282,4348.074,31,8,0.000000,3589.794000,0.000000,614.280000,144.000000
762,67294,2014-03-01,1,283,55487.5731,230,39,0.004102,45893.046000,5549.532000,2391.936700,1653.058420
1430,67295,2014-03-01,6,289,62810.4352,174,34,0.002058,41534.820000,20265.134592,1010.480625,0.000000
876,67296,2014-03-01,8,288,24.294,1,1,0.000000,0.000000,24.294000,0.000000,0.000000
318,67297,2014-03-01,1,280,91335.4896,168,33,0.007272,82239.451668,7289.250000,1806.787950,0.000000
1404,67298,2014-03-01,4,276,101438.0899,127,27,0.002592,90665.833893,10757.562000,14.694000,0.000000
684,67299,2014-03-01,3,275,4718.898,17,4,0.000000,4130.982000,0.000000,587.916000,0.000000
744,67300,2014-03-01,1,283,251.964,6,1,0.000000,0.000000,0.000000,251.964000,0.000000
670,67301,2014-03-01,4,276,26.724,1,1,0.000000,0.000000,26.724000,0.000000,0.000000
852,67302,2014-03-01,6,289,44879.682,101,39,0.000000,26990.520000,17217.258000,671.904000,0.000000
722,67303,2014-03-01,5,279,194.376,4,1,0.000000,0.000000,194.376000,0.000000,0.000000
1418,67304,2014-03-01,6,289,57193.1057,112,26,0.002692,42683.017701,14493.312000,10.788000,5.988000
652,67305,2014-03-01,4,281,116153.8278,326,48,0.004166,92475.434145,19295.706000,2311.243900,2071.443792
1366,67306,2014-03-01,9,286,6450.678,5,4,0.000000,6450.678000,0.000000,0.000000,0.000000
742,67307,2014-03-01,4,281,84.498,17,4,0.000000,0.000000,0.000000,75.516000,8.982000
944,67308,2014-03-01,10,282,3960.762,15,6,0.000000,3709.770000,24.294000,217.158000,9.540000
1138,67309,2014-03-01,1,284,3638.364,16,6,0.000000,3288.552000,328.818000,0.000000,20.994000
880,67310,2014-03-01,1,283,242.994,1,1,0.000000,0.000000,242.994000,0.000000,0.000000
630,67311,2014-03-01,4,281,9473.472,8,4,0.000000,9473.472000,0.000000,0.000000,0.000000
718,67312,2014-03-01,9,286,6204.054,25,10,0.000000,5627.556000,237.588000,338.910000,0.000000
1338,67313,2014-03-01,5,279,809.76,1,1,0.000000,0.000000,809.760000,0.000000,0.000000
692,67314,2014-03-01,2,277,41944.4472,243,56,0.003214,26276.868000,11353.122000,2607.058125,1707.399092
1388,67315,2014-03-01,1,284,7264.295,62,14,0.003571,6398.946000,427.608000,420.436950,17.304000
1840,67316,2014-03-01,6,289,82935.6792,330,59,0.002881,54842.712000,23451.120000,3235.225350,1406.621892
688,67317,2014-03-01,9,286,12916.794,15,8,0.000000,12861.900000,54.894000,0.000000,0.000000
496,67318,2014-03-01,4,275,5871.15,29,10,0.000000,5426.964000,72.882000,371.304000,0.000000
1162,67319,2014-03-01,6,289,3173.928,12,4,0.000000,2753.988000,0.000000,419.940000,0.000000
662,67320,2014-03-01,4,275,52815.312,92,26,0.000000,42629.298000,10169.832000,16.182000,0.000000
1846,67321,2014-03-01,1,284,50354.862,67,21,0.000000,40662.918000,9691.944000,0.000000,0.000000
1888,67322,2014-03-01,1,280,63235.638,103,35,0.000000,58207.662000,4756.242000,124.776000,146.958000
1072,67323,2014-03-01,8,288,1806.552,4,4,0.000000,1020.594000,785.958000,0.000000,0.000000
538,67324,2014-03-01,8,288,57288.1826,219,42,0.004285,45236.250000,8399.274000,2140.926942,1511.731692
1414,67325,2014-03-01,4,281,34239.5087,201,35,0.004285,28722.036000,1587.942000,2315.297808,1614.232920
1100,67326,2014-03-01,4,275,865.536,5,4,0.000000,0.000000,865.536000,0.000000,0.000000
1976,67327,2014-03-01,3,277,31154.4749,190,43,0.002093,20136.174000,7938.882000,2065.012992,1014.405876
736,67328,2014-03-01,8,288,746.802,3,2,0.000000,672.294000,74.508000,0.000000,0.000000
636,67329,2014-03-01,8,288,7776.954,20,9,0.000000,7504.272000,24.288000,32.394000,216.000000
1256,67330,2014-03-01,4,275,702.234,7,3,0.000000,0.000000,702.234000,0.000000,0.000000
366,67331,2014-03-01,5,279,5148.198,13,8,0.000000,5054.358000,72.888000,16.182000,4.770000
392,67332,2014-03-01,3,277,8344.098,24,14,0.000000,8091.834000,110.142000,59.364000,82.758000
1198,67333,2014-03-01,8,288,30029.454,54,23,0.000000,29256.228000,478.380000,294.846000,0.000000
574,67334,2014-03-01,1,283,48.594,1,1,0.000000,0.000000,48.594000,0.000000,0.000000
1048,67335,2014-03-01,1,276,1912.308,4,3,0.000000,1376.994000,535.314000,0.000000,0.000000
1146,67336,2014-03-01,4,276,3589.794,3,3,0.000000,3589.794000,0.000000,0.000000,0.000000
1470,67337,2014-03-01,1,284,293.958,7,2,0.000000,0.000000,0.000000,293.958000,0.000000
1154,67338,2014-03-01,7,290,2402.436,4,4,0.000000,2365.182000,37.254000,0.000000,0.000000
982,67339,2014-03-01,7,290,23801.0431,199,30,0.005666,17576.868000,1996.782000,2399.338676,1828.054396
1918,67340,2014-03-01,5,279,672.294,1,1,0.000000,672.294000,0.000000,0.000000,0.000000
1862,67341,2014-03-01,5,279,356.898,1,1,0.000000,0.000000,356.898000,0.000000,0.000000
550,67342,2014-03-01,9,286,30635.004,51,30,0.000000,27557.838000,3047.778000,29.388000,0.000000
534,67343,2014-03-01,10,282,36831.1713,211,42,0.004047,27426.060000,5897.970000,2233.768868,1273.372411
666,67344,2014-03-01,9,286,362.34,12,6,0.000000,0.000000,54.894000,307.446000,0.000000
1054,67345,2014-03-01,9,286,509.31,2,2,0.000000,445.410000,63.900000,0.000000,0.000000
858,67346,2014-03-01,1,284,41375.10,58,20,0.000000,30878.568000,10496.532000,0.000000,0.000000
954,67347,2014-03-01,3,276,27769.0151,184,33,0.003636,22371.702000,1693.194000,1918.573276,1785.545800
326,67348,2014-03-01,5,279,27308.2224,81,30,0.000666,20946.132000,5469.186000,892.904424,0.000000
792,67349,2014-03-01,5,279,36885.8796,212,40,0.004500,29345.826000,3648.654000,2936.049192,955.350372
772,67350,2014-03-01,2,277,802.398,2,2,0.000000,0.000000,802.398000,0.000000,0.000000
532,69309,2014-03-30,8,288,7041.5716,22,8,0.000000,6765.033600,0.000000,276.538000,0.000000
830,69310,2014-03-30,8,288,249.5428,1,1,0.000000,0.000000,249.542800,0.000000,0.000000
420,69388,2014-03-31,8,288,1210.4928,3,3,0.133333,391.792800,818.700000,0.000000,0.000000
986,69389,2014-03-31,6,289,5105.568,26,7,0.000000,4130.982000,0.000000,902.586000,72.000000
1864,69390,2014-03-31,6,278,26.724,1,1,0.000000,0.000000,26.724000,0.000000,0.000000
608,69391,2014-03-31,6,289,4256.964,6,3,0.000000,4130.982000,0.000000,125.982000,0.000000
1232,69392,2014-03-31,10,282,387.918,6,4,0.000000,0.000000,358.530000,29.388000,0.000000
1332,69393,2014-03-31,3,277,32184.0288,70,30,0.013333,22204.702800,9601.380000,377.946000,0.000000
1182,69394,2014-03-31,5,279,23316.246,44,22,0.000000,21796.524000,1481.964000,37.758000,0.000000
810,69395,2014-03-31,10,282,890.82,2,1,0.000000,890.820000,0.000000,0.000000,0.000000
412,69396,2014-03-31,6,278,6187.308,38,14,0.000000,5402.658000,72.882000,489.780000,221.988000
1276,69397,2014-03-31,6,289,26194.974,44,26,0.000000,22754.268000,3440.706000,0.000000,0.000000
490,69398,2014-03-31,6,289,868.89,18,6,0.000000,445.410000,63.900000,354.810000,4.770000
1940,69399,2014-03-31,6,278,28795.9976,119,38,0.000526,23766.678000,2939.802000,1015.823600,1073.694000
732,69400,2014-03-31,6,289,2870.952,36,15,0.000000,1992.576000,246.198000,314.340000,317.838000
622,69401,2014-03-31,6,278,18220.9299,210,31,0.007741,8440.134000,5675.964000,2525.418050,1579.413876
1344,69402,2014-03-31,2,277,356.898,1,1,0.000000,0.000000,356.898000,0.000000,0.000000
554,69403,2014-03-31,5,279,2159.352,2,2,0.000000,2159.352000,0.000000,0.000000,0.000000
1396,69404,2014-03-31,7,290,5454.2858,35,7,0.002857,4130.982000,0.000000,1179.303792,144.000000
364,69405,2014-03-31,5,279,5997.522,16,7,0.000000,5750.958000,24.294000,222.270000,0.000000
1230,69406,2014-03-31,1,284,33171.1091,127,44,0.000454,26154.774000,5111.022000,1079.371076,825.942000
1320,69407,2014-03-31,1,276,529.4928,2,2,0.200000,529.492800,0.000000,0.000000,0.000000
1424,69408,2014-03-31,1,283,49522.7787,174,43,0.037674,25665.463200,23251.734000,605.581476,0.000000
1134,69409,2014-03-31,4,276,6979.656,34,13,0.000000,6398.946000,134.442000,132.540000,313.728000
410,69410,2014-03-31,9,286,19043.112,31,13,0.000000,18840.654000,63.900000,138.558000,0.000000
556,69411,2014-03-31,4,281,3793.26,41,13,0.000000,3013.170000,48.594000,574.962000,156.534000
1992,69412,2014-03-31,4,275,61144.5956,163,38,0.000526,56657.376000,2347.332000,1377.485600,762.402000
1290,69413,2014-03-31,1,276,25757.0601,98,29,0.057586,22533.710400,1694.778000,1525.577742,2.994000
374,69414,2014-03-31,3,275,32910.642,45,16,0.000000,27060.030000,5850.612000,0.000000,0.000000
946,69415,2014-03-31,7,290,12307.134,26,16,0.000000,12011.400000,118.794000,164.964000,11.976000
746,69416,2014-03-31,3,277,4006.4015,42,10,0.005000,3709.770000,134.436000,147.885500,14.310000
1944,69417,2014-03-31,4,276,33513.366,52,24,0.000000,30738.312000,2731.902000,43.152000,0.000000
1858,69418,2014-03-31,3,275,23892.7656,90,35,0.045714,12537.525600,11227.170000,128.070000,0.000000
414,69419,2014-03-31,5,279,3773.28,25,7,0.000000,2753.988000,0.000000,803.292000,216.000000
498,69420,2014-03-31,1,284,1544.97,5,2,0.000000,1376.994000,0.000000,167.976000,0.000000
1304,69421,2014-03-31,1,284,26125.854,49,18,0.000000,15912.936000,10098.618000,114.300000,0.000000
1970,69422,2014-03-31,1,276,68925.4289,339,61,0.028852,38005.586676,26213.076000,2933.029892,1773.736324
1482,69423,2014-03-31,1,284,293.958,7,2,0.000000,0.000000,0.000000,293.958000,0.000000
1480,69424,2014-03-31,3,275,739.89,49,6,0.016666,0.000000,0.000000,307.890000,432.000000
1900,69425,2014-03-31,3,281,930.282,5,3,0.000000,0.000000,930.282000,0.000000,0.000000
1962,69426,2014-03-31,7,290,61171.5876,247,46,0.003260,46938.660000,10182.882000,2358.699224,1691.346396
942,69427,2014-03-31,7,290,356.898,1,1,0.000000,0.000000,356.898000,0.000000,0.000000
628,69428,2014-03-31,7,290,923.388,2,1,0.000000,923.388000,0.000000,0.000000,0.000000
1210,69429,2014-03-31,7,290,32625.978,58,24,0.000000,30268.590000,2254.872000,102.516000,0.000000
1486,69430,2014-03-31,7,290,11747.532,28,6,0.000000,11501.916000,218.646000,26.970000,0.000000
1380,69431,2014-03-31,7,290,4298.958,7,3,0.000000,4130.982000,0.000000,167.976000,0.000000
1394,69432,2014-03-31,6,289,649.14,16,4,0.000000,0.000000,0.000000,505.140000,144.000000
482,69433,2014-03-31,7,290,60915.72,104,24,0.000000,39125.556000,21790.164000,0.000000,0.000000
314,69434,2014-03-31,8,288,2007.09,4,3,0.000000,0.000000,2007.090000,0.000000,0.000000
1894,69435,2014-03-31,7,290,26319.786,40,23,0.000000,25777.062000,542.724000,0.000000,0.000000
1142,69436,2014-03-31,7,290,2181.24,18,5,0.000000,1376.994000,0.000000,444.246000,360.000000
808,69437,2014-03-31,7,290,83147.6449,356,60,0.010833,52045.825476,25502.562000,3785.935275,1813.322108
1936,69438,2014-03-31,2,277,72.162,1,1,0.000000,0.000000,72.162000,0.000000,0.000000
690,69439,2014-03-31,9,286,436.908,2,1,0.000000,0.000000,436.908000,0.000000,0.000000
1868,69440,2014-03-31,2,277,577.47,5,3,0.000000,461.694000,109.788000,0.000000,5.988000
1254,69441,2014-03-31,4,276,68203.41,95,24,0.000000,67235.922000,918.942000,48.546000,0.000000
1422,69442,2014-03-31,2,277,30980.0885,234,57,0.016315,18776.610000,8145.396000,2947.581218,1110.501268
988,69443,2014-03-31,5,279,13580.442,35,11,0.000000,13170.498000,380.634000,10.788000,18.522000
834,69444,2014-03-31,8,288,35272.6228,239,57,0.030000,21317.300400,9950.076000,2606.576158,1398.670216
532,69445,2014-03-31,8,288,6422.22,35,11,0.000000,6026.340000,24.294000,371.586000,0.000000
1476,69446,2014-03-31,6,289,1712.946,9,3,0.000000,1376.994000,0.000000,335.952000,0.000000
1958,69447,2014-03-31,7,290,33518.7528,82,36,0.033333,24766.378800,8458.416000,293.958000,0.000000
970,69448,2014-03-31,6,278,18952.116,41,14,0.000000,16556.274000,2303.460000,92.382000,0.000000
1866,69449,2014-03-31,9,286,32640.528,49,24,0.000000,24062.256000,8536.284000,0.000000,41.988000
832,69450,2014-03-31,2,277,35047.644,57,22,0.000000,27847.278000,7178.790000,21.576000,0.000000
476,69451,2014-03-31,5,279,50399.166,61,21,0.000000,38124.990000,12274.176000,0.000000,0.000000
620,69452,2014-03-31,5,279,3325.4748,5,4,0.100000,3283.480800,0.000000,41.994000,0.000000
900,69453,2014-03-31,4,276,808.728,20,3,0.000000,0.000000,0.000000,808.728000,0.000000
1420,69454,2014-03-31,8,288,83967.9181,271,46,0.003478,73766.014140,5962.152000,2493.284492,1746.467476
948,69455,2014-03-31,6,289,2076.54,15,5,0.000000,1376.994000,0.000000,339.546000,360.000000
1220,69456,2014-03-31,10,282,42715.1988,169,48,0.042083,36163.256400,3090.930000,2244.536424,1216.476000
1926,69457,2014-03-31,8,288,890.82,2,2,0.000000,890.820000,0.000000,0.000000,0.000000
1068,69458,2014-03-31,1,283,461.694,1,1,0.000000,461.694000,0.000000,0.000000,0.000000
766,69459,2014-03-31,5,279,72.894,1,1,0.000000,0.000000,72.894000,0.000000,0.000000
562,69460,2014-03-31,6,278,18057.942,37,15,0.000000,15308.694000,2631.072000,97.182000,20.994000
602,69461,2014-03-31,10,282,31964.604,123,35,0.000000,28162.824000,1880.022000,848.178000,1073.580000
1450,69462,2014-03-31,2,277,11012.327,52,14,0.001428,10432.710000,268.872000,296.434992,14.310000
524,69463,2014-03-31,3,275,323.994,1,1,0.000000,323.994000,0.000000,0.000000,0.000000
962,69464,2014-03-31,7,290,41672.7142,264,58,0.022931,24621.477600,12421.284000,2790.074625,1839.878008
1030,69465,2014-03-31,5,279,31001.682,131,42,0.000000,27117.924000,1896.456000,1403.148000,584.154000
816,69466,2014-03-31,4,281,32062.032,117,37,0.000000,30098.556000,160.356000,1016.220000,786.900000
1462,69467,2014-03-31,2,277,11951.688,44,18,0.000000,10864.458000,368.526000,415.734000,302.970000
546,69468,2014-03-31,3,275,1435.5564,12,8,0.250000,1190.378400,245.178000,0.000000,0.000000
1988,69469,2014-03-31,6,289,672.294,1,1,0.000000,672.294000,0.000000,0.000000,0.000000
1326,69470,2014-03-31,10,282,3061.782,3,1,0.000000,3061.782000,0.000000,0.000000,0.000000
1032,69471,2014-03-31,1,276,92941.2222,207,38,0.054473,80474.360676,11420.514000,1025.353500,20.994000
1924,69472,2014-03-31,5,277,963.216,7,4,0.000000,0.000000,963.216000,0.000000,0.000000
1856,69473,2014-03-31,2,277,1755.0912,11,6,0.133333,271.195200,1483.896000,0.000000,0.000000
1456,69474,2014-03-31,5,279,9900.42,33,10,0.000000,9509.340000,24.294000,366.786000,0.000000
656,69475,2014-03-31,1,280,57037.067,217,43,0.003255,46437.948000,6886.836000,2149.666026,1562.616980
1052,69476,2014-03-31,2,277,3438.279,59,12,0.008333,0.000000,1849.506000,1588.773000,0.000000
1400,69477,2014-03-31,7,290,335.952,8,2,0.000000,0.000000,0.000000,335.952000,0.000000
1200,69478,2014-03-31,6,289,23913.45,139,40,0.000000,18192.210000,2886.468000,1548.630000,1286.142000
1238,69479,2014-03-31,6,278,25573.8716,132,38,0.000526,22914.234000,171.690000,1560.203600,927.744000
360,69480,2014-03-31,3,277,6078.402,11,4,0.000000,0.000000,6078.402000,0.000000,0.000000
344,69481,2014-03-31,2,277,2780.778,10,5,0.000000,0.000000,2748.384000,32.394000,0.000000
708,69482,2014-03-31,6,278,20373.756,37,15,0.000000,19541.322000,54.894000,417.540000,360.000000
920,69483,2014-03-31,6,278,1376.994,1,1,0.000000,1376.994000,0.000000,0.000000,0.000000
1412,69484,2014-03-31,1,284,1964.67,5,3,0.000000,1838.688000,0.000000,125.982000,0.000000
1310,69485,2014-03-31,5,279,3309.0168,8,5,0.080000,3145.780800,37.254000,125.982000,0.000000
914,69486,2014-03-31,4,275,323.994,1,1,0.000000,323.994000,0.000000,0.000000,0.000000
992,69487,2014-03-31,1,283,5175.852,8,3,0.000000,5102.970000,72.882000,0.000000,0.000000
1028,69488,2014-03-31,1,283,764.316,19,4,0.000000,0.000000,0.000000,692.316000,72.000000
728,69489,2014-03-31,2,277,964.722,13,6,0.000000,647.988000,145.782000,170.952000,0.000000
332,69490,2014-03-31,6,278,1054.938,3,3,0.000000,0.000000,1054.938000,0.000000,0.000000
456,69491,2014-03-31,9,286,5058.336,5,4,0.000000,5020.236000,0.000000,38.100000,0.000000
1094,69492,2014-03-31,3,275,606.996,3,1,0.000000,0.000000,606.996000,0.000000,0.000000
634,69493,2014-03-31,2,277,5306.6375,38,6,0.008333,5102.970000,0.000000,191.691500,11.976000
1408,69494,2014-03-31,7,290,31.584,1,1,0.000000,0.000000,31.584000,0.000000,0.000000
494,69495,2014-03-31,3,275,2402.274,10,5,0.000000,0.000000,2391.486000,10.788000,0.000000
1872,69496,2014-03-31,5,279,356.898,1,1,0.000000,0.000000,356.898000,0.000000,0.000000
1116,69497,2014-03-31,10,282,21.576,4,1,0.000000,0.000000,0.000000,21.576000,0.000000
1398,69498,2014-03-31,10,282,1544.97,5,2,0.000000,1376.994000,0.000000,167.976000,0.000000
890,69499,2014-03-31,2,277,2057.2464,9,4,0.100000,1126.784400,930.462000,0.000000,0.000000
536,69500,2014-03-31,1,284,1289.5668,13,6,0.133333,1054.780800,205.398000,29.388000,0.000000
976,69501,2014-03-31,4,275,35676.7764,88,35,0.034285,25154.288400,10018.560000,503.928000,0.000000
1090,69502,2014-03-31,5,279,1815.15,5,4,0.000000,672.294000,1142.856000,0.000000,0.000000
1266,69503,2014-03-31,3,276,61593.4153,185,39,0.001282,59063.436000,477.828000,1121.203325,930.948000
378,69504,2014-03-31,8,288,13820.766,16,5,0.000000,13630.266000,0.000000,190.500000,0.000000
1214,69505,2014-03-31,4,276,6140.4181,40,16,0.001250,0.000000,5581.254000,559.164108,0.000000
1384,69506,2014-03-31,7,290,7099.608,25,15,0.000000,6545.754000,67.038000,260.058000,226.758000
846,69507,2014-03-31,2,277,6042.18,10,5,0.000000,672.294000,5369.886000,0.000000,0.000000
600,69508,2014-03-31,1,284,106268.238,209,38,0.000000,102397.068000,2368.350000,735.126000,767.694000
1874,69509,2014-03-31,4,281,29149.092,47,25,0.000000,24495.588000,4653.504000,0.000000,0.000000
1164,69510,2014-03-31,5,279,3874.062,29,8,0.000000,2753.988000,0.000000,973.080000,146.994000
582,69511,2014-03-31,8,288,48642.5503,201,40,0.002250,38071.098000,6916.230000,2312.611500,1342.610848
1870,69512,2014-03-31,4,275,1336.23,3,1,0.000000,1336.230000,0.000000,0.000000,0.000000
1350,69513,2014-03-31,5,279,20699.376,34,16,0.000000,12141.564000,8530.842000,26.970000,0.000000
1478,69514,2014-03-31,4,276,3708.54,15,7,0.000000,3385.776000,24.294000,298.470000,0.000000
1946,69515,2014-03-31,4,275,35131.278,58,26,0.000000,31896.900000,3191.226000,43.152000,0.000000
358,69516,2014-03-31,9,286,200.052,1,1,0.000000,0.000000,200.052000,0.000000,0.000000
338,69517,2014-03-31,4,281,2909.736,6,5,0.000000,445.410000,2464.326000,0.000000,0.000000
1362,69518,2014-03-31,5,279,33579.4416,86,30,0.013333,22287.501600,10662.030000,629.910000,0.000000
650,69519,2014-03-31,5,279,672.294,1,1,0.000000,672.294000,0.000000,0.000000,0.000000
1236,69520,2014-03-31,6,289,49565.5983,146,42,0.020000,45498.603876,1810.692000,1577.366424,678.936000
838,69521,2014-03-31,1,283,51216.168,64,22,0.000000,43941.834000,7274.334000,0.000000,0.000000
794,69522,2014-03-31,6,278,25434.382,184,36,0.002222,19415.376000,2635.242000,2100.240424,1283.523584
1434,69523,2014-03-31,2,277,356.898,1,1,0.000000,0.000000,356.898000,0.000000,0.000000
822,69524,2014-03-31,1,283,1917.66,5,3,0.000000,1466.010000,451.650000,0.000000,0.000000
1982,69525,2014-03-31,1,284,32445.534,57,26,0.000000,30900.612000,1469.376000,75.546000,0.000000
1316,69526,2014-03-31,2,277,17765.0361,177,25,0.006000,12797.892000,786.678000,2250.366824,1930.099303
474,69527,2014-03-31,4,281,27710.13,57,23,0.000000,21083.958000,6475.602000,150.570000,0.000000
372,69528,2014-03-31,4,274,34349.2656,154,50,0.024400,25809.148800,5982.942000,1518.922800,1038.252000
892,69529,2014-03-31,1,283,1477.1748,5,3,0.133333,1452.880800,24.294000,0.000000,0.000000
1292,69530,2014-03-31,1,284,445.41,1,1,0.000000,445.410000,0.000000,0.000000,0.000000
1262,69531,2014-03-31,7,290,112312.554,184,37,0.000000,97724.736000,14587.818000,0.000000,0.000000
370,69532,2014-03-31,4,276,54076.886,165,51,0.032352,45710.730000,5767.080000,2004.775950,594.300000
1202,69533,2014-03-31,5,279,50095.6227,91,33,0.049696,44949.012276,4169.718000,976.892424,0.000000
604,69534,2014-03-31,2,277,331.152,12,4,0.000000,0.000000,0.000000,43.152000,288.000000
1300,69535,2014-03-31,7,290,108982.7474,137,29,0.002068,94595.977416,14386.770000,0.000000,0.000000
848,69536,2014-03-31,4,275,40086.9291,105,40,0.050500,25574.865600,13948.476000,563.587476,0.000000
1130,69537,2014-03-31,6,289,1493.166,3,2,0.000000,890.820000,602.346000,0.000000,0.000000
428,69538,2014-03-31,6,278,4881.234,21,7,0.000000,4130.982000,0.000000,381.270000,368.982000
958,69539,2014-03-31,4,276,7564.164,9,8,0.000000,5742.618000,1821.546000,0.000000,0.000000
580,69540,2014-03-31,6,289,44228.9437,207,40,0.003500,37208.520000,3238.986000,2084.607416,1696.830272
1056,69541,2014-03-31,6,278,5723.3976,21,9,0.177777,5391.261600,80.172000,251.964000,0.000000
780,69542,2014-03-31,6,289,26034.912,68,25,0.000000,17277.072000,8440.206000,287.022000,30.612000
1102,69543,2014-03-31,10,282,356.898,1,1,0.000000,0.000000,356.898000,0.000000,0.000000
422,69544,2014-03-31,2,277,35536.668,57,23,0.000000,24906.810000,10619.070000,10.788000,0.000000
598,69545,2014-03-31,4,274,63841.3128,165,42,0.000476,58512.564000,3043.176000,1374.910800,910.662000
1838,69546,2014-03-31,4,276,8020.758,22,13,0.000000,4924.596000,3090.768000,5.394000,0.000000
540,69547,2014-03-31,3,277,37.254,1,1,0.000000,0.000000,37.254000,0.000000,0.000000
960,69548,2014-03-31,6,289,63.168,2,1,0.000000,0.000000,63.168000,0.000000,0.000000
1812,69549,2014-03-31,4,275,6450.678,5,3,0.000000,6450.678000,0.000000,0.000000,0.000000
796,69550,2014-03-31,9,286,41619.216,53,20,0.000000,35533.170000,6080.058000,0.000000,5.988000
1410,69551,2014-03-31,10,287,672.294,1,1,0.000000,672.294000,0.000000,0.000000,0.000000
368,69552,2014-03-31,1,281,5074.368,28,8,0.000000,4130.982000,0.000000,715.410000,227.976000
706,69553,2014-03-31,9,285,752.634,19,5,0.000000,0.000000,0.000000,680.634000,72.000000
1802,69554,2014-03-31,10,282,7133.778,33,13,0.000000,6722.940000,145.776000,113.334000,151.728000
1382,69555,2014-03-31,10,282,119.976,4,1,0.000000,0.000000,0.000000,119.976000,0.000000
1088,69556,2014-03-31,8,288,1013.232,8,3,0.000000,0.000000,1002.444000,10.788000,0.000000
1140,69557,2014-03-31,10,282,2490.18,27,7,0.000000,1376.994000,0.000000,822.192000,290.994000
596,69558,2014-03-31,10,282,76677.4547,110,31,0.000645,54521.650656,22154.430000,0.000000,1.374000
348,69559,2014-03-31,3,276,199.4976,3,2,0.200000,135.597600,63.900000,0.000000,0.000000
1252,69560,2014-03-31,6,289,31044.9012,79,30,0.014000,24797.830800,5606.130000,640.940424,0.000000
1242,69561,2014-03-31,3,276,82062.4546,279,54,0.039629,64652.576400,14452.733088,2315.985108,641.160000
760,69562,2014-03-31,3,277,203.3964,3,2,0.400000,203.396400,0.000000,0.000000,0.000000
1440,69563,2014-03-31,10,282,30610.626,39,14,0.000000,30351.888000,258.738000,0.000000,0.000000
1464,69564,2014-03-31,9,285,16317.588,49,17,0.000000,14966.496000,301.488000,686.610000,362.994000
1024,69565,2014-03-31,5,279,3576.396,8,7,0.000000,3495.582000,76.044000,0.000000,4.770000
730,71691,2014-04-30,8,288,1087.245,10,4,0.000000,0.000000,713.796000,331.461000,41.988000
1020,71692,2014-04-30,8,288,197.548,8,3,0.000000,0.000000,0.000000,197.548000,0.000000
1092,71774,2014-05-01,4,276,713.796,2,2,0.000000,0.000000,713.796000,0.000000,0.000000
1804,71775,2014-05-01,1,284,1751.718,8,3,0.000000,1430.442000,191.700000,129.576000,0.000000
1892,71776,2014-05-01,10,282,63.90,1,1,0.000000,0.000000,63.900000,0.000000,0.000000
1876,71777,2014-05-01,1,283,930.282,5,2,0.000000,0.000000,930.282000,0.000000,0.000000
328,71778,2014-05-01,2,277,1117.392,4,4,0.000000,445.410000,657.288000,14.694000,0.000000
516,71779,2014-05-01,3,274,35331.66,139,42,0.047619,29063.484000,4167.138000,961.950000,1139.088000
1984,71780,2014-05-01,10,282,29923.008,76,29,0.068965,25125.708000,4218.384000,545.922000,32.994000
812,71781,2014-05-01,6,289,22057.986,45,22,0.000000,21423.918000,574.734000,59.334000,0.000000
294,71782,2014-05-01,4,276,33319.986,140,43,0.000000,27329.094000,3843.294000,1233.084000,914.514000
1336,71783,2014-05-01,4,276,65683.368,286,43,0.007674,51096.054808,10594.848000,2772.229577,1220.235601
856,71784,2014-05-01,10,282,89869.2763,267,43,0.003023,76613.651796,9494.082000,2461.657250,1299.885268
612,71785,2014-05-01,1,283,29498.7984,82,28,0.014285,23717.294400,5403.558000,377.946000,0.000000
998,71786,2014-05-01,6,289,3593.868,22,4,0.000000,2753.988000,0.000000,839.880000,0.000000
316,71787,2014-05-01,4,281,28733.58,49,27,0.000000,25736.742000,2996.838000,0.000000,0.000000
1368,71788,2014-05-01,6,278,1365.582,3,3,0.000000,1344.588000,0.000000,0.000000,20.994000
1078,71789,2014-05-01,6,289,105.294,1,1,0.000000,0.000000,105.294000,0.000000,0.000000
802,71790,2014-05-01,1,284,4086.438,34,13,0.000000,3337.164000,72.882000,376.416000,299.976000
1966,71791,2014-05-01,1,284,19965.444,27,13,0.000000,13931.568000,6012.300000,21.576000,0.000000
648,71792,2014-05-01,6,289,50937.3784,105,28,0.001785,46816.416000,4002.654000,118.308400,0.000000
342,71793,2014-05-01,4,275,1466.01,1,1,0.000000,1466.010000,0.000000,0.000000,0.000000
828,71794,2014-05-01,6,289,64704.8794,345,61,0.023606,36436.015200,23342.820700,3567.135291,1358.908216
1038,71795,2014-05-01,9,286,31229.8394,138,43,0.000465,23131.980000,5705.754000,1253.665400,1138.440000
696,71796,2014-05-01,4,276,47848.026,60,20,0.000000,41337.936000,6510.090000,0.000000,0.000000
984,71797,2014-05-01,10,282,65123.4634,271,46,0.005217,51328.242000,9653.472000,2533.150275,1608.599143
382,71798,2014-05-01,3,277,30163.638,58,25,0.000000,28397.328000,1685.400000,80.910000,0.000000
1324,71799,2014-05-01,7,290,17147.418,68,28,0.000000,6884.970000,10052.478000,209.970000,0.000000
1928,71800,2014-05-01,6,278,27995.85,42,23,0.000000,24440.832000,3555.018000,0.000000,0.000000
1830,71801,2014-05-01,7,290,35805.7413,240,41,0.006341,27052.239352,4473.066000,2755.148709,1525.287236
394,71802,2014-05-01,5,279,31535.622,47,26,0.000000,26182.152000,5353.470000,0.000000,0.000000
1994,71803,2014-05-01,3,275,32700.6053,175,45,0.028222,26491.296000,2785.848000,2819.507292,603.954000
510,71804,2014-05-01,6,289,1536.2136,9,5,0.080000,597.291600,938.922000,0.000000,0.000000
300,71805,2014-05-01,9,286,57990.6876,251,48,0.004166,49921.452000,3602.298000,3176.745552,1290.192000
324,71806,2014-05-01,6,289,14708.0991,74,30,0.028000,9340.687200,4166.778000,1200.633900,0.000000
566,71807,2014-05-01,6,289,494.004,2,2,0.000000,445.410000,48.594000,0.000000,0.000000
464,71808,2014-05-01,6,278,32109.4774,216,36,0.005555,20338.794000,7223.772000,2801.801108,1745.110300
906,71809,2014-05-01,9,286,2821.566,5,4,0.000000,2766.672000,54.894000,0.000000,0.000000
1306,71810,2014-05-01,4,275,802.398,2,2,0.000000,0.000000,802.398000,0.000000,0.000000
1204,71811,2014-05-01,4,281,2567.046,9,5,0.000000,0.000000,2546.052000,0.000000,20.994000
764,71812,2014-05-01,1,281,26261.238,77,26,0.000000,15206.934000,10550.376000,503.928000,0.000000
1370,71813,2014-05-01,9,286,9641.712,36,17,0.000000,9015.984000,76.044000,447.846000,101.838000
886,71814,2014-05-01,6,289,5573.904,6,4,0.000000,2138.304000,3435.600000,0.000000,0.000000
1932,71815,2014-05-01,4,276,926.916,5,3,0.000000,0.000000,916.128000,10.788000,0.000000
1490,71816,2014-05-01,4,276,2847.408,13,7,0.000000,2604.762000,63.900000,178.746000,0.000000
1166,71817,2014-05-01,6,278,518.304,2,2,0.000000,445.410000,72.894000,0.000000,0.000000
824,71818,2014-05-01,1,281,45786.984,69,26,0.000000,28137.780000,17605.122000,44.082000,0.000000
1188,71819,2014-05-01,3,277,30435.5859,136,44,0.027727,19915.970400,8100.030000,1829.383476,590.202000
1842,71820,2014-05-01,7,290,51603.234,86,20,0.000000,44492.220000,7100.226000,10.788000,0.000000
826,71821,2014-05-01,5,279,4373.73,11,6,0.000000,1466.010000,2896.932000,10.788000,0.000000
1042,71822,2014-05-01,9,286,23686.98,113,42,0.000000,19920.762000,1912.590000,1323.414000,530.214000
1178,71823,2014-05-01,8,288,2071.92,11,6,0.000000,0.000000,2042.532000,29.388000,0.000000
786,71824,2014-05-01,2,277,85393.7413,141,27,0.002592,66092.395258,19225.770000,75.576000,0.000000
1798,71825,2014-05-01,6,289,3755.886,23,5,0.000000,2753.988000,0.000000,713.898000,288.000000
446,71826,2014-05-01,8,288,29709.336,140,43,0.018604,22589.262000,4607.526000,1900.806000,611.742000
512,71827,2014-05-01,6,278,7071.60,46,18,0.000000,6026.340000,270.492000,345.798000,428.970000
1352,71828,2014-05-01,6,278,39348.252,58,19,0.000000,29083.356000,10264.896000,0.000000,0.000000
1040,71829,2014-05-01,6,278,29761.1208,79,28,0.029285,24025.040400,4885.170000,850.910424,0.000000
618,71830,2014-05-01,6,289,41583.0985,216,43,0.003953,24183.846000,13184.268000,2733.284991,1481.699476
1472,71831,2014-05-01,10,282,1712.946,9,3,0.000000,1376.994000,0.000000,335.952000,0.000000
1260,71832,2014-05-01,10,282,28950.6781,76,30,0.027333,20389.668000,8001.846000,559.164108,0.000000
442,71833,2014-05-01,1,283,53083.446,132,43,0.000000,48180.132000,3903.486000,717.504000,282.324000
1076,71834,2014-05-01,8,288,1734.03,4,4,0.000000,1430.442000,303.588000,0.000000,0.000000
1084,71835,2014-05-01,1,280,53858.67,96,36,0.000000,48571.650000,5266.026000,0.000000,20.994000
472,71836,2014-05-01,1,280,65466.8869,199,48,0.042083,45084.364800,19095.372000,984.840108,302.310000
296,71837,2014-05-01,3,275,30143.022,79,28,0.000000,26818.236000,2704.878000,619.908000,0.000000
1474,71838,2014-05-01,7,290,11463.684,17,8,0.000000,11187.414000,0.000000,276.270000,0.000000
480,71839,2014-05-01,5,279,56986.6066,229,43,0.003255,47937.582000,5155.908000,2201.605648,1691.510904
1114,71840,2014-05-01,7,290,1082.622,27,5,0.000000,0.000000,0.000000,413.664000,668.958000
928,71841,2014-05-01,6,289,83076.5709,237,50,0.042400,74878.320000,4772.790000,2461.692924,963.768000
864,71842,2014-05-01,6,289,10.788,2,1,0.000000,0.000000,0.000000,10.788000,0.000000
844,71843,2014-05-01,6,289,5864.04,4,1,0.000000,5864.040000,0.000000,0.000000,0.000000
798,71844,2014-05-01,5,277,36712.7103,203,28,0.003571,32812.860000,0.000000,2114.263392,1785.586944
1296,71845,2014-05-01,4,276,34118.5356,77,31,0.012903,22272.501600,11576.076000,269.958000,0.000000
1960,71846,2014-05-01,10,282,1884.3948,6,4,0.100000,991.186800,893.208000,0.000000,0.000000
626,71847,2014-05-01,6,289,89981.79,121,30,0.000000,71919.432000,18062.358000,0.000000,0.000000
990,71848,2014-05-01,4,281,12563.676,21,12,0.000000,12267.522000,286.614000,0.000000,9.540000
776,71849,2014-05-01,4,281,19322.028,24,11,0.000000,15875.640000,3435.600000,10.788000,0.000000
910,71850,2014-05-01,5,279,7912.014,14,11,0.000000,7814.286000,88.188000,0.000000,9.540000
1322,71851,2014-05-01,6,289,38145.9918,245,52,0.018653,21370.099200,12084.252000,2921.945144,1769.695485
544,71852,2014-05-01,2,277,7927.8006,79,19,0.002631,6771.552000,293.172000,673.572600,189.504000
1816,71853,2014-05-01,6,278,3539.874,23,6,0.000000,2753.988000,0.000000,629.910000,155.976000
1950,71854,2014-05-01,9,286,27950.1974,113,36,0.000555,23550.012000,2328.990000,1230.271400,840.924000
1274,71855,2014-05-01,7,290,323.994,1,1,0.000000,323.994000,0.000000,0.000000,0.000000
1808,71856,2014-05-01,1,276,500.304,2,2,0.000000,445.410000,54.894000,0.000000,0.000000
1082,71857,2014-05-01,4,281,28139.25,60,26,0.000000,25368.192000,2684.754000,86.304000,0.000000
682,71858,2014-05-01,4,276,11528.844,27,17,0.000000,11188.278000,194.838000,140.958000,4.770000
1014,71859,2014-05-01,4,281,6653.262,32,8,0.000000,5507.976000,0.000000,923.298000,221.988000
312,71860,2014-05-01,6,289,2753.988,2,1,0.000000,2753.988000,0.000000,0.000000,0.000000
938,71861,2014-05-01,1,284,1822.908,2,2,0.000000,1466.010000,356.898000,0.000000,0.000000
1218,71862,2014-05-01,1,284,1190.622,5,4,0.000000,0.000000,1190.622000,0.000000,0.000000
1376,71863,2014-05-01,4,276,2777.1431,22,7,0.002857,2640.564000,48.588000,66.997076,20.994000
672,71864,2014-05-01,3,275,28373.196,44,19,0.000000,28130.286000,194.364000,48.546000,0.000000
1286,71865,2014-05-01,7,290,214.746,2,2,0.000000,0.000000,200.052000,14.694000,0.000000
1080,71866,2014-05-01,5,279,32372.328,60,33,0.000000,22726.890000,9625.350000,20.088000,0.000000
658,71867,2014-05-01,10,282,858.90,1,1,0.000000,0.000000,858.900000,0.000000,0.000000
1340,71868,2014-05-01,6,278,1418.13,3,3,0.000000,0.000000,1418.130000,0.000000,0.000000
806,71869,2014-05-01,6,289,105.294,1,1,0.000000,0.000000,105.294000,0.000000,0.000000
1442,71870,2014-05-01,7,290,1436.43,3,2,0.000000,1430.442000,0.000000,0.000000,5.988000
1444,71871,2014-05-01,6,289,1709.316,23,7,0.000000,1020.594000,24.294000,520.428000,144.000000
854,71872,2014-05-01,7,290,158.43,1,1,0.000000,0.000000,158.430000,0.000000,0.000000
994,71873,2014-05-01,2,277,4480.614,5,4,0.000000,4480.614000,0.000000,0.000000,0.000000
894,71874,2014-05-01,9,285,2860.884,2,2,0.000000,2860.884000,0.000000,0.000000,0.000000
408,71875,2014-05-01,9,286,802.398,2,2,0.000000,0.000000,802.398000,0.000000,0.000000
384,71876,2014-05-01,9,286,6033.96,13,8,0.000000,445.410000,5588.550000,0.000000,0.000000
1144,71877,2014-05-01,6,289,672.294,1,1,0.000000,672.294000,0.000000,0.000000,0.000000
380,71878,2014-05-01,6,289,6450.678,5,3,0.000000,6450.678000,0.000000,0.000000,0.000000
676,71879,2014-05-01,9,286,2058.252,16,6,0.000000,1376.994000,0.000000,465.258000,216.000000
1246,71880,2014-05-01,1,280,31788.3204,78,35,0.022857,26451.440400,4748.964000,587.916000,0.000000
1334,71881,2014-05-01,4,275,36550.8348,106,42,0.038095,22414.084800,13375.446000,617.304000,144.000000
788,71882,2014-05-01,4,275,31786.1904,79,33,0.024242,20948.306400,10459.944000,335.952000,41.988000
354,71883,2014-05-01,5,279,602.346,1,1,0.000000,0.000000,602.346000,0.000000,0.000000
308,71884,2014-05-01,3,275,38182.7928,96,40,0.040000,24706.378800,13014.480000,461.934000,0.000000
588,71885,2014-05-01,10,282,524.664,12,3,0.000000,0.000000,0.000000,308.664000,216.000000
1890,71886,2014-05-01,1,284,28843.6551,141,43,0.028837,22813.965600,3451.836000,1920.559508,657.294000
638,71887,2014-05-01,3,275,3678.816,23,5,0.000000,2753.988000,0.000000,636.828000,288.000000
1000,71888,2014-05-01,5,279,4346.082,5,2,0.000000,4346.082000,0.000000,0.000000,0.000000
642,71889,2014-05-01,4,275,26632.9708,181,35,0.003142,20014.860000,2871.486000,2079.402734,1667.222108
1026,71890,2014-05-01,4,281,9003.912,46,14,0.000000,8342.910000,97.182000,412.056000,151.764000
1852,71891,2014-05-01,6,278,1932.432,7,5,0.000000,0.000000,1932.432000,0.000000,0.000000
1914,71892,2014-05-01,8,288,29496.174,127,43,0.000000,23159.358000,4238.718000,1161.732000,936.366000
660,71893,2014-05-01,1,284,41471.694,52,18,0.000000,35020.926000,6450.768000,0.000000,0.000000
1248,71894,2014-05-01,2,277,70205.79,173,52,0.000000,61755.642000,6300.516000,1115.478000,1034.154000
526,71895,2014-05-01,4,276,221.256,7,3,0.000000,0.000000,46.968000,174.288000,0.000000
1066,71896,2014-05-01,4,281,40248.8592,65,31,0.038709,34920.973200,5285.892000,41.994000,0.000000
1158,71897,2014-05-01,3,276,10585.05,19,8,0.000000,10364.292000,63.900000,156.858000,0.000000
1284,71898,2014-05-01,10,282,53248.692,81,28,0.000000,50771.952000,2476.740000,0.000000,0.000000
492,71899,2014-05-01,4,276,1856.2068,11,8,0.050000,529.492800,1201.938000,124.776000,0.000000
1160,71900,2014-05-01,8,288,6072.966,7,3,0.000000,6072.966000,0.000000,0.000000,0.000000
506,71901,2014-05-01,4,275,2127.522,11,8,0.000000,1992.576000,37.254000,62.388000,35.304000
1278,71902,2014-05-01,4,276,59894.2092,173,50,0.040000,49800.595200,7663.536000,1659.378000,770.700000
450,71903,2014-05-01,4,275,3595.188,4,3,0.000000,3589.794000,0.000000,5.394000,0.000000
774,71904,2014-05-01,1,283,57820.932,70,23,0.000000,48840.480000,8980.452000,0.000000,0.000000
1354,71905,2014-05-01,9,286,4291.326,3,1,0.000000,4291.326000,0.000000,0.000000,0.000000
1060,71906,2014-05-01,6,278,352.386,5,3,0.000000,0.000000,308.304000,44.082000,0.000000
860,71907,2014-05-01,3,275,50201.256,64,21,0.000000,41633.514000,8567.742000,0.000000,0.000000
716,71908,2014-05-01,2,277,2108.634,11,4,0.000000,2041.188000,24.294000,43.152000,0.000000
752,71909,2014-05-01,5,279,6179.88,20,4,0.000000,5507.976000,0.000000,671.904000,0.000000
1020,71910,2014-05-01,8,288,641.022,16,5,0.000000,0.000000,0.000000,641.022000,0.000000
1318,71911,2014-05-01,4,275,5496.018,5,2,0.000000,4291.326000,1204.692000,0.000000,0.000000
1346,71912,2014-05-01,3,275,2995.188,4,2,0.000000,2932.020000,63.168000,0.000000,0.000000
758,71913,2014-05-01,8,288,6231.942,11,9,0.000000,1466.010000,4755.144000,10.788000,0.000000
730,71914,2014-05-01,8,288,1966.26,11,9,0.000000,1668.582000,171.696000,29.994000,95.988000
644,71915,2014-05-01,4,276,1732.89,13,5,0.000000,0.000000,1732.890000,0.000000,0.000000
1298,71916,2014-05-01,6,289,1411.236,11,6,0.200000,1310.976000,16.272000,83.988000,0.000000
1484,71917,2014-05-01,10,282,37.758,7,1,0.000000,0.000000,0.000000,37.758000,0.000000
1250,71918,2014-05-01,8,288,57048.894,99,35,0.000000,51865.002000,5154.504000,29.388000,0.000000
1004,71919,2014-05-01,1,274,2321.262,3,3,0.000000,2321.262000,0.000000,0.000000,0.000000
1392,71920,2014-05-01,4,276,2527.128,16,6,0.000000,2041.188000,72.882000,341.058000,72.000000
1132,71921,2014-05-01,6,289,551.4548,34,6,0.003333,0.000000,0.000000,407.454824,144.000000
1880,71922,2014-05-01,8,288,728.91,1,1,0.000000,728.910000,0.000000,0.000000,0.000000
950,71923,2014-05-01,4,276,96.1088,19,3,0.006666,0.000000,0.000000,93.114824,2.994000
398,71924,2014-05-01,4,275,2942.418,3,2,0.000000,2783.988000,158.430000,0.000000,0.000000
1810,71925,2014-05-01,1,284,5416.938,15,7,0.000000,5329.740000,72.888000,0.000000,14.310000
350,71926,2014-05-01,9,285,1336.23,3,3,0.000000,1336.230000,0.000000,0.000000,0.000000
362,71927,2014-05-01,5,279,37.254,1,1,0.000000,0.000000,37.254000,0.000000,0.000000
1886,71928,2014-05-01,4,281,845.34,2,2,0.000000,0.000000,845.340000,0.000000,0.000000
320,71929,2014-05-01,2,277,48.594,1,1,0.000000,0.000000,48.594000,0.000000,0.000000
1448,71930,2014-05-01,3,275,3047.946,9,3,0.000000,2753.988000,0.000000,293.958000,0.000000
1110,71931,2014-05-01,3,275,2224.974,8,3,0.000000,1430.442000,794.532000,0.000000,0.000000
1016,71932,2014-05-01,1,283,618.51,17,5,0.000000,0.000000,0.000000,465.528000,152.982000
624,71933,2014-05-01,9,286,28573.5744,89,34,0.011764,16817.324400,11252.322000,503.928000,0.000000
1342,71934,2014-05-01,9,286,219.5808,4,3,0.133333,67.798800,109.788000,41.994000,0.000000
388,71935,2014-05-01,1,276,5533.8689,23,6,0.003333,5426.964000,24.294000,82.610908,0.000000
1844,71936,2014-05-01,10,282,79589.616,197,46,0.035217,50339.739600,28079.838000,1149.044424,20.994000
784,71937,2014-05-01,9,286,1167.276,6,3,0.000000,0.000000,1167.276000,0.000000,0.000000
432,71938,2014-05-01,10,282,74160.228,167,42,0.000000,70597.284000,1980.918000,851.562000,730.464000
1074,71939,2014-05-01,2,277,713.796,2,2,0.000000,0.000000,713.796000,0.000000,0.000000
298,71940,2014-05-01,2,277,490.434,4,3,0.000000,0.000000,490.434000,0.000000,0.000000
1150,71941,2014-05-01,1,284,3200.586,45,13,0.000000,2267.958000,123.096000,441.768000,367.764000
502,71942,2014-05-01,5,279,3460.716,10,7,0.000000,3385.776000,48.594000,21.576000,4.770000
1282,71943,2014-05-01,1,284,35632.992,48,27,0.000000,32105.286000,3527.706000,0.000000,0.000000
1818,71944,2014-05-01,9,286,1174.32,2,2,0.000000,1174.320000,0.000000,0.000000,0.000000
1938,71945,2014-05-01,9,286,29703.312,97,36,0.000000,26033.184000,1978.728000,597.222000,1094.178000
868,71946,2014-05-01,10,282,31.584,1,1,0.000000,0.000000,31.584000,0.000000,0.000000
444,71947,2014-05-01,2,277,34063.824,114,44,0.000000,25331.652000,6949.740000,979.362000,803.070000
814,71948,2014-05-01,5,279,80450.376,119,28,0.000000,75716.112000,4674.930000,59.334000,0.000000
1356,71949,2014-05-01,2,277,34123.6677,205,39,0.004615,24639.768000,5403.030000,2514.219616,1566.650035
734,71950,2014-05-01,5,279,3131.934,11,3,0.000000,2753.988000,0.000000,377.946000,0.000000
654,71951,2014-05-01,5,279,1502.976,4,2,0.000000,1376.994000,0.000000,125.982000,0.000000
1836,71952,2014-05-01,4,275,67059.6362,176,41,0.030487,48519.369600,17739.756000,800.510625,0.000000
